ISO-10303-21;
HEADER;
FILE_DESCRIPTION(('KiCad electronic assembly'),'2;1');
FILE_NAME('board_only_no_components.step','2026-07-30T00:22:55',(
    'Pcbnew'),('Kicad'),'Open CASCADE STEP processor 7.9',
  'KiCad to STEP converter','Unknown');
FILE_SCHEMA(('AUTOMOTIVE_DESIGN { 1 0 10303 214 1 1 1 1 }'));
ENDSEC;
DATA;
#1 = APPLICATION_PROTOCOL_DEFINITION('international standard',
  'automotive_design',2000,#2);
#2 = APPLICATION_CONTEXT(
  'core data for automotive mechanical design processes');
#3 = SHAPE_DEFINITION_REPRESENTATION(#4,#10);
#4 = PRODUCT_DEFINITION_SHAPE('','',#5);
#5 = PRODUCT_DEFINITION('design','',#6,#9);
#6 = PRODUCT_DEFINITION_FORMATION('','',#7);
#7 = PRODUCT('board_only_no_components 1','board_only_no_components 1',
  '',(#8));
#8 = PRODUCT_CONTEXT('',#2,'mechanical');
#9 = PRODUCT_DEFINITION_CONTEXT('part definition',#2,'design');
#10 = SHAPE_REPRESENTATION('',(#11,#15),#19);
#11 = AXIS2_PLACEMENT_3D('',#12,#13,#14);
#12 = CARTESIAN_POINT('',(0.,0.,0.));
#13 = DIRECTION('',(0.,0.,1.));
#14 = DIRECTION('',(1.,0.,-0.));
#15 = AXIS2_PLACEMENT_3D('',#16,#17,#18);
#16 = CARTESIAN_POINT('',(0.,0.,0.));
#17 = DIRECTION('',(0.,0.,1.));
#18 = DIRECTION('',(1.,0.,-0.));
#19 = ( GEOMETRIC_REPRESENTATION_CONTEXT(3) 
GLOBAL_UNCERTAINTY_ASSIGNED_CONTEXT((#23)) GLOBAL_UNIT_ASSIGNED_CONTEXT(
(#20,#21,#22)) REPRESENTATION_CONTEXT('Context #1',
  '3D Context with UNIT and UNCERTAINTY') );
#20 = ( LENGTH_UNIT() NAMED_UNIT(*) SI_UNIT(.MILLI.,.METRE.) );
#21 = ( NAMED_UNIT(*) PLANE_ANGLE_UNIT() SI_UNIT($,.RADIAN.) );
#22 = ( NAMED_UNIT(*) SI_UNIT($,.STERADIAN.) SOLID_ANGLE_UNIT() );
#23 = UNCERTAINTY_MEASURE_WITH_UNIT(LENGTH_MEASURE(1.E-07),#20,
  'distance_accuracy_value','confusion accuracy');
#24 = PRODUCT_RELATED_PRODUCT_CATEGORY('part',$,(#7));
#25 = SHAPE_DEFINITION_REPRESENTATION(#26,#32);
#26 = PRODUCT_DEFINITION_SHAPE('','',#27);
#27 = PRODUCT_DEFINITION('design','',#28,#31);
#28 = PRODUCT_DEFINITION_FORMATION('','',#29);
#29 = PRODUCT('2024_def_con_badge_v1_PCB','2024_def_con_badge_v1_PCB',''
  ,(#30));
#30 = PRODUCT_CONTEXT('',#2,'mechanical');
#31 = PRODUCT_DEFINITION_CONTEXT('part definition',#2,'design');
#32 = ADVANCED_BREP_SHAPE_REPRESENTATION('',(#11,#33),#16200);
#33 = MANIFOLD_SOLID_BREP('',#34);
#34 = CLOSED_SHELL('',(#35,#75,#106,#137,#4125,#8113,#8130,#8147,#8164,
    #8181,#8198,#8215,#8232,#8249,#8266,#8283,#8300,#8317,#8334,#8351,
    #8368,#8385,#8402,#8419,#8436,#8453,#8470,#8487,#8504,#8521,#8538,
    #8555,#8572,#8589,#8606,#8623,#8640,#8657,#8674,#8691,#8708,#8725,
    #8742,#8759,#8776,#8793,#8810,#8827,#8844,#8861,#8878,#8895,#8912,
    #8929,#8946,#8963,#8980,#8997,#9014,#9031,#9048,#9065,#9082,#9099,
    #9116,#9133,#9150,#9167,#9184,#9201,#9218,#9235,#9252,#9269,#9286,
    #9303,#9320,#9337,#9354,#9371,#9388,#9405,#9422,#9439,#9456,#9473,
    #9490,#9507,#9524,#9541,#9558,#9575,#9592,#9609,#9626,#9643,#9660,
    #9677,#9694,#9711,#9728,#9745,#9762,#9779,#9796,#9813,#9830,#9847,
    #9864,#9881,#9898,#9915,#9932,#9949,#9966,#9983,#10000,#10017,#10034
    ,#10051,#10068,#10085,#10102,#10119,#10136,#10153,#10170,#10187,
    #10204,#10221,#10238,#10255,#10272,#10289,#10306,#10323,#10340,
    #10357,#10374,#10391,#10408,#10425,#10442,#10459,#10476,#10493,
    #10510,#10527,#10544,#10561,#10578,#10595,#10612,#10629,#10646,
    #10663,#10680,#10697,#10714,#10731,#10748,#10765,#10782,#10799,
    #10816,#10833,#10850,#10867,#10884,#10901,#10918,#10935,#10952,
    #10969,#10986,#11003,#11020,#11037,#11054,#11071,#11088,#11105,
    #11122,#11139,#11156,#11173,#11190,#11207,#11224,#11241,#11258,
    #11275,#11292,#11309,#11326,#11343,#11360,#11377,#11394,#11411,
    #11428,#11445,#11462,#11479,#11496,#11513,#11530,#11547,#11564,
    #11581,#11598,#11615,#11632,#11649,#11666,#11683,#11700,#11717,
    #11734,#11751,#11768,#11785,#11802,#11819,#11836,#11853,#11870,
    #11887,#11904,#11921,#11938,#11955,#11972,#11989,#12006,#12023,
    #12040,#12057,#12074,#12091,#12108,#12125,#12142,#12159,#12176,
    #12193,#12210,#12227,#12244,#12261,#12278,#12295,#12312,#12329,
    #12346,#12363,#12380,#12397,#12414,#12431,#12448,#12465,#12482,
    #12499,#12516,#12533,#12550,#12567,#12584,#12601,#12618,#12635,
    #12652,#12669,#12686,#12703,#12720,#12737,#12754,#12771,#12788,
    #12805,#12822,#12839,#12856,#12873,#12890,#12907,#12924,#12941,
    #12958,#12975,#12992,#13009,#13026,#13043,#13060,#13077,#13094,
    #13111,#13128,#13145,#13162,#13179,#13196,#13213,#13230,#13247,
    #13264,#13281,#13298,#13315,#13332,#13349,#13366,#13383,#13400,
    #13417,#13434,#13451,#13468,#13485,#13502,#13519,#13536,#13553,
    #13570,#13587,#13604,#13621,#13638,#13655,#13672,#13689,#13706,
    #13723,#13740,#13757,#13774,#13791,#13808,#13825,#13842,#13859,
    #13876,#13893,#13910,#13927,#13944,#13961,#13978,#13995,#14012,
    #14029,#14046,#14063,#14080,#14097,#14114,#14131,#14148,#14165,
    #14182,#14199,#14216,#14233,#14250,#14267,#14284,#14301,#14318,
    #14335,#14352,#14369,#14386,#14403,#14420,#14437,#14454,#14471,
    #14488,#14505,#14522,#14539,#14556,#14573,#14590,#14607,#14624,
    #14641,#14658,#14675,#14692,#14709,#14726,#14743,#14760,#14777,
    #14794,#14811,#14823,#14840,#14857,#14874,#14891,#14908,#14925,
    #14942,#14959,#14976,#14993,#15015,#15032,#15049,#15061,#15083,
    #15100,#15117,#15129,#15151,#15168,#15185,#15197,#15219,#15236,
    #15253,#15265,#15282,#15299,#15316,#15333,#15350,#15372,#15389,
    #15406,#15418,#15435,#15452,#15469,#15486,#15503,#15520,#15537,
    #15554,#15571,#15588,#15605,#15627,#15644,#15661,#15673,#15690,
    #15707,#15729,#15746,#15763,#15775,#15797,#15814,#15831,#15843,
    #15860,#15877,#15894,#15911,#15928,#15950,#15967,#15984,#15996,
    #16013,#16030,#16047,#16064,#16081,#16098,#16115,#16132,#16149,
    #16166,#16183));
#35 = ADVANCED_FACE('',(#36),#70,.T.);
#36 = FACE_BOUND('',#37,.T.);
#37 = EDGE_LOOP('',(#38,#48,#56,#64));
#38 = ORIENTED_EDGE('',*,*,#39,.T.);
#39 = EDGE_CURVE('',#40,#42,#44,.T.);
#40 = VERTEX_POINT('',#41);
#41 = CARTESIAN_POINT('',(102.158782,-58.964978,0.));
#42 = VERTEX_POINT('',#43);
#43 = CARTESIAN_POINT('',(102.158782,-58.964978,1.51));
#44 = LINE('',#45,#46);
#45 = CARTESIAN_POINT('',(102.158782,-58.964978,0.));
#46 = VECTOR('',#47,1.);
#47 = DIRECTION('',(0.,0.,1.));
#48 = ORIENTED_EDGE('',*,*,#49,.T.);
#49 = EDGE_CURVE('',#42,#50,#52,.T.);
#50 = VERTEX_POINT('',#51);
#51 = CARTESIAN_POINT('',(102.395322,-59.027819,1.51));
#52 = LINE('',#53,#54);
#53 = CARTESIAN_POINT('',(102.158782,-58.964978,1.51));
#54 = VECTOR('',#55,1.);
#55 = DIRECTION('',(0.966474924965,-0.256761016148,0.));
#56 = ORIENTED_EDGE('',*,*,#57,.F.);
#57 = EDGE_CURVE('',#58,#50,#60,.T.);
#58 = VERTEX_POINT('',#59);
#59 = CARTESIAN_POINT('',(102.395322,-59.027819,0.));
#60 = LINE('',#61,#62);
#61 = CARTESIAN_POINT('',(102.395322,-59.027819,0.));
#62 = VECTOR('',#63,1.);
#63 = DIRECTION('',(0.,0.,1.));
#64 = ORIENTED_EDGE('',*,*,#65,.F.);
#65 = EDGE_CURVE('',#40,#58,#66,.T.);
#66 = LINE('',#67,#68);
#67 = CARTESIAN_POINT('',(102.158782,-58.964978,0.));
#68 = VECTOR('',#69,1.);
#69 = DIRECTION('',(0.966474924965,-0.256761016148,0.));
#70 = PLANE('',#71);
#71 = AXIS2_PLACEMENT_3D('',#72,#73,#74);
#72 = CARTESIAN_POINT('',(102.158782,-58.964978,0.));
#73 = DIRECTION('',(0.256761016148,0.966474924965,-0.));
#74 = DIRECTION('',(0.966474924965,-0.256761016148,0.));
#75 = ADVANCED_FACE('',(#76),#101,.T.);
#76 = FACE_BOUND('',#77,.T.);
#77 = EDGE_LOOP('',(#78,#88,#94,#95));
#78 = ORIENTED_EDGE('',*,*,#79,.T.);
#79 = EDGE_CURVE('',#80,#82,#84,.T.);
#80 = VERTEX_POINT('',#81);
#81 = CARTESIAN_POINT('',(102.156005,-58.964313,0.));
#82 = VERTEX_POINT('',#83);
#83 = CARTESIAN_POINT('',(102.156005,-58.964313,1.51));
#84 = LINE('',#85,#86);
#85 = CARTESIAN_POINT('',(102.156005,-58.964313,0.));
#86 = VECTOR('',#87,1.);
#87 = DIRECTION('',(0.,0.,1.));
#88 = ORIENTED_EDGE('',*,*,#89,.T.);
#89 = EDGE_CURVE('',#82,#42,#90,.T.);
#90 = LINE('',#91,#92);
#91 = CARTESIAN_POINT('',(102.156005,-58.964313,1.51));
#92 = VECTOR('',#93,1.);
#93 = DIRECTION('',(0.972504794753,-0.232882855064,0.));
#94 = ORIENTED_EDGE('',*,*,#39,.F.);
#95 = ORIENTED_EDGE('',*,*,#96,.F.);
#96 = EDGE_CURVE('',#80,#40,#97,.T.);
#97 = LINE('',#98,#99);
#98 = CARTESIAN_POINT('',(102.156005,-58.964313,0.));
#99 = VECTOR('',#100,1.);
#100 = DIRECTION('',(0.972504794753,-0.232882855064,0.));
#101 = PLANE('',#102);
#102 = AXIS2_PLACEMENT_3D('',#103,#104,#105);
#103 = CARTESIAN_POINT('',(102.156005,-58.964313,0.));
#104 = DIRECTION('',(0.232882855064,0.972504794753,-0.));
#105 = DIRECTION('',(0.972504794753,-0.232882855064,0.));
#106 = ADVANCED_FACE('',(#107),#132,.T.);
#107 = FACE_BOUND('',#108,.T.);
#108 = EDGE_LOOP('',(#109,#110,#118,#126));
#109 = ORIENTED_EDGE('',*,*,#57,.T.);
#110 = ORIENTED_EDGE('',*,*,#111,.T.);
#111 = EDGE_CURVE('',#50,#112,#114,.T.);
#112 = VERTEX_POINT('',#113);
#113 = CARTESIAN_POINT('',(102.980207,-59.211474,1.51));
#114 = LINE('',#115,#116);
#115 = CARTESIAN_POINT('',(102.395322,-59.027819,1.51));
#116 = VECTOR('',#117,1.);
#117 = DIRECTION('',(0.95407113732,-0.299580147763,0.));
#118 = ORIENTED_EDGE('',*,*,#119,.F.);
#119 = EDGE_CURVE('',#120,#112,#122,.T.);
#120 = VERTEX_POINT('',#121);
#121 = CARTESIAN_POINT('',(102.980207,-59.211474,0.));
#122 = LINE('',#123,#124);
#123 = CARTESIAN_POINT('',(102.980207,-59.211474,0.));
#124 = VECTOR('',#125,1.);
#125 = DIRECTION('',(0.,0.,1.));
#126 = ORIENTED_EDGE('',*,*,#127,.F.);
#127 = EDGE_CURVE('',#58,#120,#128,.T.);
#128 = LINE('',#129,#130);
#129 = CARTESIAN_POINT('',(102.395322,-59.027819,0.));
#130 = VECTOR('',#131,1.);
#131 = DIRECTION('',(0.95407113732,-0.299580147763,0.));
#132 = PLANE('',#133);
#133 = AXIS2_PLACEMENT_3D('',#134,#135,#136);
#134 = CARTESIAN_POINT('',(102.395322,-59.027819,0.));
#135 = DIRECTION('',(0.299580147763,0.95407113732,-0.));
#136 = DIRECTION('',(0.95407113732,-0.299580147763,0.));
#137 = ADVANCED_FACE('',(#138,#3301,#3312,#3323,#3334,#3345,#3356,#3367,
    #3378,#3389,#3400,#3411,#3447,#3483,#3519,#3555,#3566,#3577,#3588,
    #3599,#3610,#3646,#3657,#3668,#3679,#3690,#3701,#3712,#3723,#3734,
    #3745,#3756,#3767,#3803,#3814,#3825,#3861,#3897,#3908,#3919,#3930,
    #3941,#3952,#3988,#3999,#4010,#4021,#4032,#4043,#4054,#4065,#4076,
    #4087,#4098,#4109),#4120,.F.);
#138 = FACE_BOUND('',#139,.F.);
#139 = EDGE_LOOP('',(#140,#141,#142,#150,#158,#166,#174,#182,#190,#198,
    #206,#214,#222,#230,#238,#246,#254,#262,#270,#278,#286,#294,#302,
    #310,#318,#326,#334,#342,#350,#358,#366,#374,#382,#390,#398,#406,
    #414,#422,#430,#438,#446,#454,#462,#470,#478,#486,#494,#502,#510,
    #518,#526,#534,#542,#550,#558,#566,#574,#582,#590,#598,#606,#614,
    #622,#630,#638,#646,#654,#662,#670,#678,#686,#694,#702,#710,#718,
    #726,#734,#742,#750,#758,#766,#774,#782,#790,#798,#806,#814,#822,
    #830,#838,#846,#854,#862,#870,#878,#886,#894,#902,#910,#918,#926,
    #934,#942,#950,#958,#966,#974,#982,#990,#998,#1006,#1014,#1022,#1030
    ,#1038,#1046,#1054,#1062,#1070,#1078,#1086,#1094,#1102,#1110,#1118,
    #1126,#1134,#1142,#1150,#1158,#1166,#1174,#1182,#1190,#1198,#1206,
    #1214,#1222,#1230,#1238,#1246,#1254,#1262,#1270,#1278,#1286,#1294,
    #1302,#1310,#1318,#1326,#1334,#1342,#1350,#1358,#1366,#1374,#1382,
    #1390,#1398,#1406,#1414,#1422,#1430,#1438,#1446,#1454,#1462,#1470,
    #1478,#1486,#1494,#1502,#1510,#1518,#1526,#1534,#1542,#1550,#1558,
    #1566,#1574,#1582,#1590,#1598,#1606,#1614,#1622,#1630,#1638,#1646,
    #1654,#1662,#1670,#1678,#1686,#1694,#1702,#1710,#1718,#1726,#1734,
    #1742,#1750,#1758,#1766,#1774,#1782,#1790,#1798,#1806,#1814,#1822,
    #1830,#1838,#1846,#1854,#1862,#1870,#1878,#1886,#1894,#1902,#1910,
    #1918,#1926,#1934,#1942,#1950,#1958,#1966,#1974,#1982,#1990,#1998,
    #2006,#2014,#2022,#2030,#2038,#2046,#2054,#2062,#2070,#2078,#2086,
    #2094,#2102,#2110,#2118,#2126,#2134,#2142,#2150,#2158,#2166,#2174,
    #2182,#2190,#2198,#2206,#2214,#2222,#2230,#2238,#2246,#2254,#2262,
    #2270,#2278,#2286,#2294,#2302,#2310,#2318,#2326,#2334,#2342,#2350,
    #2358,#2366,#2374,#2382,#2390,#2398,#2406,#2414,#2422,#2430,#2438,
    #2446,#2454,#2462,#2470,#2478,#2486,#2494,#2502,#2510,#2518,#2526,
    #2534,#2542,#2550,#2558,#2566,#2574,#2582,#2590,#2598,#2606,#2614,
    #2622,#2630,#2638,#2646,#2654,#2662,#2670,#2678,#2686,#2694,#2702,
    #2710,#2718,#2726,#2734,#2742,#2750,#2758,#2766,#2774,#2782,#2790,
    #2798,#2806,#2814,#2822,#2830,#2838,#2846,#2854,#2862,#2870,#2878,
    #2886,#2894,#2902,#2910,#2918,#2926,#2934,#2942,#2950,#2958,#2966,
    #2974,#2982,#2990,#2998,#3006,#3014,#3022,#3030,#3038,#3046,#3054,
    #3062,#3070,#3078,#3086,#3094,#3102,#3110,#3118,#3126,#3134,#3142,
    #3150,#3158,#3166,#3174,#3182,#3190,#3198,#3206,#3214,#3222,#3230,
    #3238,#3246,#3254,#3262,#3270,#3278,#3286,#3294,#3300));
#140 = ORIENTED_EDGE('',*,*,#65,.F.);
#141 = ORIENTED_EDGE('',*,*,#96,.F.);
#142 = ORIENTED_EDGE('',*,*,#143,.F.);
#143 = EDGE_CURVE('',#144,#80,#146,.T.);
#144 = VERTEX_POINT('',#145);
#145 = CARTESIAN_POINT('',(102.018199,-59.049287,0.));
#146 = LINE('',#147,#148);
#147 = CARTESIAN_POINT('',(102.018199,-59.049287,0.));
#148 = VECTOR('',#149,1.);
#149 = DIRECTION('',(0.851188438516,0.524860211997,0.));
#150 = ORIENTED_EDGE('',*,*,#151,.F.);
#151 = EDGE_CURVE('',#152,#144,#154,.T.);
#152 = VERTEX_POINT('',#153);
#153 = CARTESIAN_POINT('',(101.855293,-59.139311,0.));
#154 = LINE('',#155,#156);
#155 = CARTESIAN_POINT('',(101.855293,-59.139311,0.));
#156 = VECTOR('',#157,1.);
#157 = DIRECTION('',(0.875248358849,0.483673764361,0.));
#158 = ORIENTED_EDGE('',*,*,#159,.F.);
#159 = EDGE_CURVE('',#160,#152,#162,.T.);
#160 = VERTEX_POINT('',#161);
#161 = CARTESIAN_POINT('',(101.417816,-59.383487,0.));
#162 = LINE('',#163,#164);
#163 = CARTESIAN_POINT('',(101.417816,-59.383487,0.));
#164 = VECTOR('',#165,1.);
#165 = DIRECTION('',(0.873195331521,0.487370406375,0.));
#166 = ORIENTED_EDGE('',*,*,#167,.F.);
#167 = EDGE_CURVE('',#168,#160,#170,.T.);
#168 = VERTEX_POINT('',#169);
#169 = CARTESIAN_POINT('',(100.815177,-59.743646,0.));
#170 = LINE('',#171,#172);
#171 = CARTESIAN_POINT('',(100.815177,-59.743646,0.));
#172 = VECTOR('',#173,1.);
#173 = DIRECTION('',(0.85838672493,0.513003148591,0.));
#174 = ORIENTED_EDGE('',*,*,#175,.F.);
#175 = EDGE_CURVE('',#176,#168,#178,.T.);
#176 = VERTEX_POINT('',#177);
#177 = CARTESIAN_POINT('',(100.456589,-59.972598,0.));
#178 = LINE('',#179,#180);
#179 = CARTESIAN_POINT('',(100.456589,-59.972598,0.));
#180 = VECTOR('',#181,1.);
#181 = DIRECTION('',(0.842851801542,0.538145742933,0.));
#182 = ORIENTED_EDGE('',*,*,#183,.F.);
#183 = EDGE_CURVE('',#184,#176,#186,.T.);
#184 = VERTEX_POINT('',#185);
#185 = CARTESIAN_POINT('',(100.062312,-60.236997,0.));
#186 = LINE('',#187,#188);
#187 = CARTESIAN_POINT('',(100.062312,-60.236997,0.));
#188 = VECTOR('',#189,1.);
#189 = DIRECTION('',(0.830542547497,0.556955183832,0.));
#190 = ORIENTED_EDGE('',*,*,#191,.F.);
#191 = EDGE_CURVE('',#192,#184,#194,.T.);
#192 = VERTEX_POINT('',#193);
#193 = CARTESIAN_POINT('',(99.634212,-60.538996,0.));
#194 = LINE('',#195,#196);
#195 = CARTESIAN_POINT('',(99.634212,-60.538996,0.));
#196 = VECTOR('',#197,1.);
#197 = DIRECTION('',(0.817138002237,0.576442091888,0.));
#198 = ORIENTED_EDGE('',*,*,#199,.F.);
#199 = EDGE_CURVE('',#200,#192,#202,.T.);
#200 = VERTEX_POINT('',#201);
#201 = CARTESIAN_POINT('',(99.174156,-60.880746,0.));
#202 = LINE('',#203,#204);
#203 = CARTESIAN_POINT('',(99.174156,-60.880746,0.));
#204 = VECTOR('',#205,1.);
#205 = DIRECTION('',(0.802748764103,0.596317383388,0.));
#206 = ORIENTED_EDGE('',*,*,#207,.F.);
#207 = EDGE_CURVE('',#208,#200,#210,.T.);
#208 = VERTEX_POINT('',#209);
#209 = CARTESIAN_POINT('',(98.684011,-61.264396,0.));
#210 = LINE('',#211,#212);
#211 = CARTESIAN_POINT('',(98.684011,-61.264396,0.));
#212 = VECTOR('',#213,1.);
#213 = DIRECTION('',(0.787459569995,0.616366307988,0.));
#214 = ORIENTED_EDGE('',*,*,#215,.F.);
#215 = EDGE_CURVE('',#216,#208,#218,.T.);
#216 = VERTEX_POINT('',#217);
#217 = CARTESIAN_POINT('',(98.165644,-61.692098,0.));
#218 = LINE('',#219,#220);
#219 = CARTESIAN_POINT('',(98.165644,-61.692098,0.));
#220 = VECTOR('',#221,1.);
#221 = DIRECTION('',(0.771337320938,0.63642653726,0.));
#222 = ORIENTED_EDGE('',*,*,#223,.F.);
#223 = EDGE_CURVE('',#224,#216,#226,.T.);
#224 = VERTEX_POINT('',#225);
#225 = CARTESIAN_POINT('',(97.620922,-62.166003,0.));
#226 = LINE('',#227,#228);
#227 = CARTESIAN_POINT('',(97.620922,-62.166003,0.));
#228 = VECTOR('',#229,1.);
#229 = DIRECTION('',(0.754445232122,0.656363003016,0.));
#230 = ORIENTED_EDGE('',*,*,#231,.F.);
#231 = EDGE_CURVE('',#232,#224,#234,.T.);
#232 = VERTEX_POINT('',#233);
#233 = CARTESIAN_POINT('',(97.051712,-62.688262,0.));
#234 = LINE('',#235,#236);
#235 = CARTESIAN_POINT('',(97.051712,-62.688262,0.));
#236 = VECTOR('',#237,1.);
#237 = DIRECTION('',(0.736842512266,0.676064428969,0.));
#238 = ORIENTED_EDGE('',*,*,#239,.F.);
#239 = EDGE_CURVE('',#240,#232,#242,.T.);
#240 = VERTEX_POINT('',#241);
#241 = CARTESIAN_POINT('',(96.459881,-63.261025,0.));
#242 = LINE('',#243,#244);
#243 = CARTESIAN_POINT('',(96.459881,-63.261025,0.));
#244 = VECTOR('',#245,1.);
#245 = DIRECTION('',(0.718587990348,0.695436050351,0.));
#246 = ORIENTED_EDGE('',*,*,#247,.F.);
#247 = EDGE_CURVE('',#248,#240,#250,.T.);
#248 = VERTEX_POINT('',#249);
#249 = CARTESIAN_POINT('',(95.847295,-63.886444,0.));
#250 = LINE('',#251,#252);
#251 = CARTESIAN_POINT('',(95.847295,-63.886444,0.));
#252 = VECTOR('',#253,1.);
#253 = DIRECTION('',(0.699739410645,0.714398178323,0.));
#254 = ORIENTED_EDGE('',*,*,#255,.F.);
#255 = EDGE_CURVE('',#256,#248,#258,.T.);
#256 = VERTEX_POINT('',#257);
#257 = CARTESIAN_POINT('',(95.215821,-64.566669,0.));
#258 = LINE('',#259,#260);
#259 = CARTESIAN_POINT('',(95.215821,-64.566669,0.));
#260 = VECTOR('',#261,1.);
#261 = DIRECTION('',(0.680356500038,0.732881322491,0.));
#262 = ORIENTED_EDGE('',*,*,#263,.F.);
#263 = EDGE_CURVE('',#264,#256,#266,.T.);
#264 = VERTEX_POINT('',#265);
#265 = CARTESIAN_POINT('',(94.567327,-65.30385,0.));
#266 = LINE('',#267,#268);
#267 = CARTESIAN_POINT('',(94.567327,-65.30385,0.));
#268 = VECTOR('',#269,1.);
#269 = DIRECTION('',(0.660498573627,0.750827299875,0.));
#270 = ORIENTED_EDGE('',*,*,#271,.F.);
#271 = EDGE_CURVE('',#272,#264,#274,.T.);
#272 = VERTEX_POINT('',#273);
#273 = CARTESIAN_POINT('',(93.903679,-66.10014,0.));
#274 = LINE('',#275,#276);
#275 = CARTESIAN_POINT('',(93.903679,-66.10014,0.));
#276 = VECTOR('',#277,1.);
#277 = DIRECTION('',(0.640225960209,0.768186643906,0.));
#278 = ORIENTED_EDGE('',*,*,#279,.F.);
#279 = EDGE_CURVE('',#280,#272,#282,.T.);
#280 = VERTEX_POINT('',#281);
#281 = CARTESIAN_POINT('',(93.226744,-66.957688,0.));
#282 = LINE('',#283,#284);
#283 = CARTESIAN_POINT('',(93.226744,-66.957688,0.));
#284 = VECTOR('',#285,1.);
#285 = DIRECTION('',(0.619601107487,0.784916853942,0.));
#286 = ORIENTED_EDGE('',*,*,#287,.F.);
#287 = EDGE_CURVE('',#288,#280,#290,.T.);
#288 = VERTEX_POINT('',#289);
#289 = CARTESIAN_POINT('',(92.538389,-67.878646,0.));
#290 = LINE('',#291,#292);
#291 = CARTESIAN_POINT('',(92.538389,-67.878646,0.));
#292 = VECTOR('',#293,1.);
#293 = DIRECTION('',(0.598683598982,0.800985610551,0.));
#294 = ORIENTED_EDGE('',*,*,#295,.F.);
#295 = EDGE_CURVE('',#296,#288,#298,.T.);
#296 = VERTEX_POINT('',#297);
#297 = CARTESIAN_POINT('',(91.840481,-68.865164,0.));
#298 = LINE('',#299,#300);
#299 = CARTESIAN_POINT('',(91.840481,-68.865164,0.));
#300 = VECTOR('',#301,1.);
#301 = DIRECTION('',(0.577534754752,0.816366098667,0.));
#302 = ORIENTED_EDGE('',*,*,#303,.F.);
#303 = EDGE_CURVE('',#304,#296,#306,.T.);
#304 = VERTEX_POINT('',#305);
#305 = CARTESIAN_POINT('',(91.134887,-69.919394,0.));
#306 = LINE('',#307,#308);
#307 = CARTESIAN_POINT('',(91.134887,-69.919394,0.));
#308 = VECTOR('',#309,1.);
#309 = DIRECTION('',(0.556213159969,0.831039662517,0.));
#310 = ORIENTED_EDGE('',*,*,#311,.F.);
#311 = EDGE_CURVE('',#312,#304,#314,.T.);
#312 = VERTEX_POINT('',#313);
#313 = CARTESIAN_POINT('',(90.423474,-71.043485,0.));
#314 = LINE('',#315,#316);
#315 = CARTESIAN_POINT('',(90.423474,-71.043485,0.));
#316 = VECTOR('',#317,1.);
#317 = DIRECTION('',(0.534777734706,0.844992765923,0.));
#318 = ORIENTED_EDGE('',*,*,#319,.F.);
#319 = EDGE_CURVE('',#320,#312,#322,.T.);
#320 = VERTEX_POINT('',#321);
#321 = CARTESIAN_POINT('',(89.708108,-72.23959,0.));
#322 = LINE('',#323,#324);
#323 = CARTESIAN_POINT('',(89.708108,-72.23959,0.));
#324 = VECTOR('',#325,1.);
#325 = DIRECTION('',(0.513283385681,0.85821918295,0.));
#326 = ORIENTED_EDGE('',*,*,#327,.F.);
#327 = EDGE_CURVE('',#328,#320,#330,.T.);
#328 = VERTEX_POINT('',#329);
#329 = CARTESIAN_POINT('',(88.990657,-73.509858,0.));
#330 = LINE('',#331,#332);
#331 = CARTESIAN_POINT('',(88.990657,-73.509858,0.));
#332 = VECTOR('',#333,1.);
#333 = DIRECTION('',(0.491783683908,0.870717410095,0.));
#334 = ORIENTED_EDGE('',*,*,#335,.F.);
#335 = EDGE_CURVE('',#336,#328,#338,.T.);
#336 = VERTEX_POINT('',#337);
#337 = CARTESIAN_POINT('',(88.272988,-74.85644,0.));
#338 = LINE('',#339,#340);
#339 = CARTESIAN_POINT('',(88.272988,-74.85644,0.));
#340 = VECTOR('',#341,1.);
#341 = DIRECTION('',(0.470328986372,0.882491158357,0.));
#342 = ORIENTED_EDGE('',*,*,#343,.F.);
#343 = EDGE_CURVE('',#344,#336,#346,.T.);
#344 = VERTEX_POINT('',#345);
#345 = CARTESIAN_POINT('',(87.556966,-76.281489,0.));
#346 = LINE('',#347,#348);
#347 = CARTESIAN_POINT('',(87.556966,-76.281489,0.));
#348 = VECTOR('',#349,1.);
#349 = DIRECTION('',(0.448967164676,0.893548255576,0.));
#350 = ORIENTED_EDGE('',*,*,#351,.F.);
#351 = EDGE_CURVE('',#352,#344,#354,.T.);
#352 = VERTEX_POINT('',#353);
#353 = CARTESIAN_POINT('',(86.84446,-77.787153,0.));
#354 = LINE('',#355,#356);
#355 = CARTESIAN_POINT('',(86.84446,-77.787153,0.));
#356 = VECTOR('',#357,1.);
#357 = DIRECTION('',(0.427741491034,0.903901110104,0.));
#358 = ORIENTED_EDGE('',*,*,#359,.F.);
#359 = EDGE_CURVE('',#360,#352,#362,.T.);
#360 = VERTEX_POINT('',#361);
#361 = CARTESIAN_POINT('',(86.490109,-78.570889,0.));
#362 = LINE('',#363,#364);
#363 = CARTESIAN_POINT('',(86.490109,-78.570889,0.));
#364 = VECTOR('',#365,1.);
#365 = DIRECTION('',(0.411978467995,0.911193580919,0.));
#366 = ORIENTED_EDGE('',*,*,#367,.F.);
#367 = EDGE_CURVE('',#368,#360,#370,.T.);
#368 = VERTEX_POINT('',#369);
#369 = CARTESIAN_POINT('',(86.137336,-79.375585,0.));
#370 = LINE('',#371,#372);
#371 = CARTESIAN_POINT('',(86.137336,-79.375585,0.));
#372 = VECTOR('',#373,1.);
#373 = DIRECTION('',(0.401505098378,0.915856787919,0.));
#374 = ORIENTED_EDGE('',*,*,#375,.F.);
#375 = EDGE_CURVE('',#376,#368,#378,.T.);
#376 = VERTEX_POINT('',#377);
#377 = CARTESIAN_POINT('',(85.786376,-80.201511,0.));
#378 = LINE('',#379,#380);
#379 = CARTESIAN_POINT('',(85.786376,-80.201511,0.));
#380 = VECTOR('',#381,1.);
#381 = DIRECTION('',(0.391085377349,0.920354403273,0.));
#382 = ORIENTED_EDGE('',*,*,#383,.F.);
#383 = EDGE_CURVE('',#384,#376,#386,.T.);
#384 = VERTEX_POINT('',#385);
#385 = CARTESIAN_POINT('',(85.437462,-81.048935,0.));
#386 = LINE('',#387,#388);
#387 = CARTESIAN_POINT('',(85.437462,-81.048935,0.));
#388 = VECTOR('',#389,1.);
#389 = DIRECTION('',(0.380726206051,0.924687815441,0.));
#390 = ORIENTED_EDGE('',*,*,#391,.F.);
#391 = EDGE_CURVE('',#392,#384,#394,.T.);
#392 = VERTEX_POINT('',#393);
#393 = CARTESIAN_POINT('',(85.090826,-81.918126,0.));
#394 = LINE('',#395,#396);
#395 = CARTESIAN_POINT('',(85.090826,-81.918126,0.));
#396 = VECTOR('',#397,1.);
#397 = DIRECTION('',(0.370432011392,0.928859583003,0.));
#398 = ORIENTED_EDGE('',*,*,#399,.F.);
#399 = EDGE_CURVE('',#400,#392,#402,.T.);
#400 = VERTEX_POINT('',#401);
#401 = CARTESIAN_POINT('',(84.746703,-82.809353,0.));
#402 = LINE('',#403,#404);
#403 = CARTESIAN_POINT('',(84.746703,-82.809353,0.));
#404 = VECTOR('',#405,1.);
#405 = DIRECTION('',(0.36020372432,0.932873666145,0.));
#406 = ORIENTED_EDGE('',*,*,#407,.F.);
#407 = EDGE_CURVE('',#408,#400,#410,.T.);
#408 = VERTEX_POINT('',#409);
#409 = CARTESIAN_POINT('',(84.405325,-83.722885,0.));
#410 = LINE('',#411,#412);
#411 = CARTESIAN_POINT('',(84.405325,-83.722885,0.));
#412 = VECTOR('',#413,1.);
#413 = DIRECTION('',(0.350047583707,0.93673191957,0.));
#414 = ORIENTED_EDGE('',*,*,#415,.F.);
#415 = EDGE_CURVE('',#416,#408,#418,.T.);
#416 = VERTEX_POINT('',#417);
#417 = CARTESIAN_POINT('',(84.066926,-84.658991,0.));
#418 = LINE('',#419,#420);
#419 = CARTESIAN_POINT('',(84.066926,-84.658991,0.));
#420 = VECTOR('',#421,1.);
#421 = DIRECTION('',(0.339965030711,0.94043807765,0.));
#422 = ORIENTED_EDGE('',*,*,#423,.F.);
#423 = EDGE_CURVE('',#424,#416,#426,.T.);
#424 = VERTEX_POINT('',#425);
#425 = CARTESIAN_POINT('',(83.73174,-85.61794,0.));
#426 = LINE('',#427,#428);
#427 = CARTESIAN_POINT('',(83.73174,-85.61794,0.));
#428 = VECTOR('',#429,1.);
#429 = DIRECTION('',(0.329959133299,0.943995217336,0.));
#430 = ORIENTED_EDGE('',*,*,#431,.F.);
#431 = EDGE_CURVE('',#432,#424,#434,.T.);
#432 = VERTEX_POINT('',#433);
#433 = CARTESIAN_POINT('',(83.4,-86.6,0.));
#434 = LINE('',#435,#436);
#435 = CARTESIAN_POINT('',(83.4,-86.6,0.));
#436 = VECTOR('',#437,1.);
#437 = DIRECTION('',(0.320033904636,0.947406090272,0.));
#438 = ORIENTED_EDGE('',*,*,#439,.F.);
#439 = EDGE_CURVE('',#440,#432,#442,.T.);
#440 = VERTEX_POINT('',#441);
#441 = CARTESIAN_POINT('',(83.,-87.4,0.));
#442 = LINE('',#443,#444);
#443 = CARTESIAN_POINT('',(83.,-87.4,0.));
#444 = VECTOR('',#445,1.);
#445 = DIRECTION('',(0.4472135955,0.894427191,0.));
#446 = ORIENTED_EDGE('',*,*,#447,.F.);
#447 = EDGE_CURVE('',#448,#440,#450,.T.);
#448 = VERTEX_POINT('',#449);
#449 = CARTESIAN_POINT('',(82.970007,-87.47435,0.));
#450 = LINE('',#451,#452);
#451 = CARTESIAN_POINT('',(82.970007,-87.47435,0.));
#452 = VECTOR('',#453,1.);
#453 = DIRECTION('',(0.374109536257,0.927384523745,0.));
#454 = ORIENTED_EDGE('',*,*,#455,.F.);
#455 = EDGE_CURVE('',#456,#448,#458,.T.);
#456 = VERTEX_POINT('',#457);
#457 = CARTESIAN_POINT('',(82.667135,-88.217946,0.));
#458 = LINE('',#459,#460);
#459 = CARTESIAN_POINT('',(82.667135,-88.217946,0.));
#460 = VECTOR('',#461,1.);
#461 = DIRECTION('',(0.377217287348,0.926124785397,0.));
#462 = ORIENTED_EDGE('',*,*,#463,.F.);
#463 = EDGE_CURVE('',#464,#456,#466,.T.);
#464 = VERTEX_POINT('',#465);
#465 = CARTESIAN_POINT('',(82.41752,-88.864936,0.));
#466 = LINE('',#467,#468);
#467 = CARTESIAN_POINT('',(82.41752,-88.864936,0.));
#468 = VECTOR('',#469,1.);
#469 = DIRECTION('',(0.359949534831,0.932971774694,0.));
#470 = ORIENTED_EDGE('',*,*,#471,.F.);
#471 = EDGE_CURVE('',#472,#464,#474,.T.);
#472 = VERTEX_POINT('',#473);
#473 = CARTESIAN_POINT('',(82.117775,-89.680899,0.));
#474 = LINE('',#475,#476);
#475 = CARTESIAN_POINT('',(82.117775,-89.680899,0.));
#476 = VECTOR('',#477,1.);
#477 = DIRECTION('',(0.344820999941,0.938668460107,0.));
#478 = ORIENTED_EDGE('',*,*,#479,.F.);
#479 = EDGE_CURVE('',#480,#472,#482,.T.);
#480 = VERTEX_POINT('',#481);
#481 = CARTESIAN_POINT('',(81.779392,-90.654971,0.));
#482 = LINE('',#483,#484);
#483 = CARTESIAN_POINT('',(81.779392,-90.654971,0.));
#484 = VECTOR('',#485,1.);
#485 = DIRECTION('',(0.328153231114,0.944624505774,0.));
#486 = ORIENTED_EDGE('',*,*,#487,.F.);
#487 = EDGE_CURVE('',#488,#480,#490,.T.);
#488 = VERTEX_POINT('',#489);
#489 = CARTESIAN_POINT('',(81.413864,-91.776285,0.));
#490 = LINE('',#491,#492);
#491 = CARTESIAN_POINT('',(81.413864,-91.776285,0.));
#492 = VECTOR('',#493,1.);
#493 = DIRECTION('',(0.309930262762,0.950759292473,0.));
#494 = ORIENTED_EDGE('',*,*,#495,.F.);
#495 = EDGE_CURVE('',#496,#488,#498,.T.);
#496 = VERTEX_POINT('',#497);
#497 = CARTESIAN_POINT('',(81.032683,-93.033976,0.));
#498 = LINE('',#499,#500);
#499 = CARTESIAN_POINT('',(81.032683,-93.033976,0.));
#500 = VECTOR('',#501,1.);
#501 = DIRECTION('',(0.29005096366,0.957011200812,0.));
#502 = ORIENTED_EDGE('',*,*,#503,.F.);
#503 = EDGE_CURVE('',#504,#496,#506,.T.);
#504 = VERTEX_POINT('',#505);
#505 = CARTESIAN_POINT('',(80.647342,-94.417179,0.));
#506 = LINE('',#507,#508);
#507 = CARTESIAN_POINT('',(80.647342,-94.417179,0.));
#508 = VECTOR('',#509,1.);
#509 = DIRECTION('',(0.268366596631,0.96331685847,0.));
#510 = ORIENTED_EDGE('',*,*,#511,.F.);
#511 = EDGE_CURVE('',#512,#504,#514,.T.);
#512 = VERTEX_POINT('',#513);
#513 = CARTESIAN_POINT('',(80.456701,-95.152451,0.));
#514 = LINE('',#515,#516);
#515 = CARTESIAN_POINT('',(80.456701,-95.152451,0.));
#516 = VECTOR('',#517,1.);
#517 = DIRECTION('',(0.250980571249,0.967992124377,0.));
#518 = ORIENTED_EDGE('',*,*,#519,.F.);
#519 = EDGE_CURVE('',#520,#512,#522,.T.);
#520 = VERTEX_POINT('',#521);
#521 = CARTESIAN_POINT('',(80.269331,-95.915027,0.));
#522 = LINE('',#523,#524);
#523 = CARTESIAN_POINT('',(80.269331,-95.915027,0.));
#524 = VECTOR('',#525,1.);
#525 = DIRECTION('',(0.238609563939,0.971115583232,0.));
#526 = ORIENTED_EDGE('',*,*,#527,.F.);
#527 = EDGE_CURVE('',#528,#520,#530,.T.);
#528 = VERTEX_POINT('',#529);
#529 = CARTESIAN_POINT('',(80.086666,-96.703548,0.));
#530 = LINE('',#531,#532);
#531 = CARTESIAN_POINT('',(80.086666,-96.703548,0.));
#532 = VECTOR('',#533,1.);
#533 = DIRECTION('',(0.225678911186,0.974201739398,0.));
#534 = ORIENTED_EDGE('',*,*,#535,.F.);
#535 = EDGE_CURVE('',#536,#528,#538,.T.);
#536 = VERTEX_POINT('',#537);
#537 = CARTESIAN_POINT('',(79.910143,-97.516656,0.));
#538 = LINE('',#539,#540);
#539 = CARTESIAN_POINT('',(79.910143,-97.516656,0.));
#540 = VECTOR('',#541,1.);
#541 = DIRECTION('',(0.212154656779,0.977236103307,0.));
#542 = ORIENTED_EDGE('',*,*,#543,.F.);
#543 = EDGE_CURVE('',#544,#536,#546,.T.);
#544 = VERTEX_POINT('',#545);
#545 = CARTESIAN_POINT('',(79.7412,-98.352993,0.));
#546 = LINE('',#547,#548);
#547 = CARTESIAN_POINT('',(79.7412,-98.352993,0.));
#548 = VECTOR('',#549,1.);
#549 = DIRECTION('',(0.198004071237,0.980201197599,0.));
#550 = ORIENTED_EDGE('',*,*,#551,.F.);
#551 = EDGE_CURVE('',#552,#544,#554,.T.);
#552 = VERTEX_POINT('',#553);
#553 = CARTESIAN_POINT('',(79.581272,-99.211201,0.));
#554 = LINE('',#555,#556);
#555 = CARTESIAN_POINT('',(79.581272,-99.211201,0.));
#556 = VECTOR('',#557,1.);
#557 = DIRECTION('',(0.183197318838,0.983076163057,0.));
#558 = ORIENTED_EDGE('',*,*,#559,.F.);
#559 = EDGE_CURVE('',#560,#552,#562,.T.);
#560 = VERTEX_POINT('',#561);
#561 = CARTESIAN_POINT('',(79.431796,-100.08992,0.));
#562 = LINE('',#563,#564);
#563 = CARTESIAN_POINT('',(79.431796,-100.08992,0.));
#564 = VECTOR('',#565,1.);
#565 = DIRECTION('',(0.167697739071,0.985838459541,0.));
#566 = ORIENTED_EDGE('',*,*,#567,.F.);
#567 = EDGE_CURVE('',#568,#560,#570,.T.);
#568 = VERTEX_POINT('',#569);
#569 = CARTESIAN_POINT('',(79.294208,-100.987794,0.));
#570 = LINE('',#571,#572);
#571 = CARTESIAN_POINT('',(79.294208,-100.987794,0.));
#572 = VECTOR('',#573,1.);
#573 = DIRECTION('',(0.151469472171,0.98846193604,0.));
#574 = ORIENTED_EDGE('',*,*,#575,.F.);
#575 = EDGE_CURVE('',#576,#568,#578,.T.);
#576 = VERTEX_POINT('',#577);
#577 = CARTESIAN_POINT('',(79.169945,-101.903464,0.));
#578 = LINE('',#579,#580);
#579 = CARTESIAN_POINT('',(79.169945,-101.903464,0.));
#580 = VECTOR('',#581,1.);
#581 = DIRECTION('',(0.134474564904,0.990917045667,0.));
#582 = ORIENTED_EDGE('',*,*,#583,.F.);
#583 = EDGE_CURVE('',#584,#576,#586,.T.);
#584 = VERTEX_POINT('',#585);
#585 = CARTESIAN_POINT('',(79.060444,-102.835572,0.));
#586 = LINE('',#587,#588);
#587 = CARTESIAN_POINT('',(79.060444,-102.835572,0.));
#588 = VECTOR('',#589,1.);
#589 = DIRECTION('',(0.116674389991,0.993170220416,0.));
#590 = ORIENTED_EDGE('',*,*,#591,.F.);
#591 = EDGE_CURVE('',#592,#584,#594,.T.);
#592 = VERTEX_POINT('',#593);
#593 = CARTESIAN_POINT('',(78.967141,-103.782759,0.));
#594 = LINE('',#595,#596);
#595 = CARTESIAN_POINT('',(78.967141,-103.782759,0.));
#596 = VECTOR('',#597,1.);
#597 = DIRECTION('',(9.803090002128E-02,0.995183371365,0.));
#598 = ORIENTED_EDGE('',*,*,#599,.F.);
#599 = EDGE_CURVE('',#600,#592,#602,.T.);
#600 = VERTEX_POINT('',#601);
#601 = CARTESIAN_POINT('',(78.891472,-104.743668,0.));
#602 = LINE('',#603,#604);
#603 = CARTESIAN_POINT('',(78.891472,-104.743668,0.));
#604 = VECTOR('',#605,1.);
#605 = DIRECTION('',(7.850427935131E-02,0.996913776675,0.));
#606 = ORIENTED_EDGE('',*,*,#607,.F.);
#607 = EDGE_CURVE('',#608,#600,#610,.T.);
#608 = VERTEX_POINT('',#609);
#609 = CARTESIAN_POINT('',(78.834875,-105.71694,0.));
#610 = LINE('',#611,#612);
#611 = CARTESIAN_POINT('',(78.834875,-105.71694,0.));
#612 = VECTOR('',#613,1.);
#613 = DIRECTION('',(5.805319443969E-02,0.998313491152,0.));
#614 = ORIENTED_EDGE('',*,*,#615,.F.);
#615 = EDGE_CURVE('',#616,#608,#618,.T.);
#616 = VERTEX_POINT('',#617);
#617 = CARTESIAN_POINT('',(78.798785,-106.701217,0.));
#618 = LINE('',#619,#620);
#619 = CARTESIAN_POINT('',(78.798785,-106.701217,0.));
#620 = VECTOR('',#621,1.);
#621 = DIRECTION('',(3.664188449542E-02,0.999328460668,0.));
#622 = ORIENTED_EDGE('',*,*,#623,.F.);
#623 = EDGE_CURVE('',#624,#616,#626,.T.);
#624 = VERTEX_POINT('',#625);
#625 = CARTESIAN_POINT('',(78.784639,-107.69514,0.));
#626 = LINE('',#627,#628);
#627 = CARTESIAN_POINT('',(78.784639,-107.69514,0.));
#628 = VECTOR('',#629,1.);
#629 = DIRECTION('',(1.423104957215E-02,0.999898733487,0.));
#630 = ORIENTED_EDGE('',*,*,#631,.F.);
#631 = EDGE_CURVE('',#632,#624,#634,.T.);
#632 = VERTEX_POINT('',#633);
#633 = CARTESIAN_POINT('',(78.793874,-108.697353,0.));
#634 = LINE('',#635,#636);
#635 = CARTESIAN_POINT('',(78.793874,-108.697353,0.));
#636 = VECTOR('',#637,1.);
#637 = DIRECTION('',(-9.214216895663E-03,0.999957548202,0.));
#638 = ORIENTED_EDGE('',*,*,#639,.F.);
#639 = EDGE_CURVE('',#640,#632,#642,.T.);
#640 = VERTEX_POINT('',#641);
#641 = CARTESIAN_POINT('',(78.827926,-109.706496,0.));
#642 = LINE('',#643,#644);
#643 = CARTESIAN_POINT('',(78.827926,-109.706496,0.));
#644 = VECTOR('',#645,1.);
#645 = DIRECTION('',(-3.372428917402E-02,0.999431174379,0.));
#646 = ORIENTED_EDGE('',*,*,#647,.F.);
#647 = EDGE_CURVE('',#648,#640,#650,.T.);
#648 = VERTEX_POINT('',#649);
#649 = CARTESIAN_POINT('',(78.888232,-110.721211,0.));
#650 = LINE('',#651,#652);
#651 = CARTESIAN_POINT('',(78.888232,-110.721211,0.));
#652 = VECTOR('',#653,1.);
#653 = DIRECTION('',(-5.932678429104E-02,0.998238615094,0.));
#654 = ORIENTED_EDGE('',*,*,#655,.F.);
#655 = EDGE_CURVE('',#656,#648,#658,.T.);
#656 = VERTEX_POINT('',#657);
#657 = CARTESIAN_POINT('',(78.976228,-111.740141,0.));
#658 = LINE('',#659,#660);
#659 = CARTESIAN_POINT('',(78.976228,-111.740141,0.));
#660 = VECTOR('',#661,1.);
#661 = DIRECTION('',(-8.604092132962E-02,0.996291603827,0.));
#662 = ORIENTED_EDGE('',*,*,#663,.F.);
#663 = EDGE_CURVE('',#664,#656,#666,.T.);
#664 = VERTEX_POINT('',#665);
#665 = CARTESIAN_POINT('',(79.093351,-112.761926,0.));
#666 = LINE('',#667,#668);
#667 = CARTESIAN_POINT('',(79.093351,-112.761926,0.));
#668 = VECTOR('',#669,1.);
#669 = DIRECTION('',(-0.113880175754,0.993494491968,0.));
#670 = ORIENTED_EDGE('',*,*,#671,.F.);
#671 = EDGE_CURVE('',#672,#664,#674,.T.);
#672 = VERTEX_POINT('',#673);
#673 = CARTESIAN_POINT('',(79.241037,-113.785209,0.));
#674 = LINE('',#675,#676);
#675 = CARTESIAN_POINT('',(79.241037,-113.785209,0.));
#676 = VECTOR('',#677,1.);
#677 = DIRECTION('',(-0.142845603535,0.9897449841,0.));
#678 = ORIENTED_EDGE('',*,*,#679,.F.);
#679 = EDGE_CURVE('',#680,#672,#682,.T.);
#680 = VERTEX_POINT('',#681);
#681 = CARTESIAN_POINT('',(79.420723,-114.808631,0.));
#682 = LINE('',#683,#684);
#683 = CARTESIAN_POINT('',(79.420723,-114.808631,0.));
#684 = VECTOR('',#685,1.);
#685 = DIRECTION('',(-0.172928583194,0.984934365892,0.));
#686 = ORIENTED_EDGE('',*,*,#687,.F.);
#687 = EDGE_CURVE('',#688,#680,#690,.T.);
#688 = VERTEX_POINT('',#689);
#689 = CARTESIAN_POINT('',(79.633845,-115.830835,0.));
#690 = LINE('',#691,#692);
#691 = CARTESIAN_POINT('',(79.633845,-115.830835,0.));
#692 = VECTOR('',#693,1.);
#693 = DIRECTION('',(-0.204103707935,0.978949271621,0.));
#694 = ORIENTED_EDGE('',*,*,#695,.F.);
#695 = EDGE_CURVE('',#696,#688,#698,.T.);
#696 = VERTEX_POINT('',#697);
#697 = CARTESIAN_POINT('',(79.88184,-116.850462,0.));
#698 = LINE('',#699,#700);
#699 = CARTESIAN_POINT('',(79.88184,-116.850462,0.));
#700 = VECTOR('',#701,1.);
#701 = DIRECTION('',(-0.236331444514,0.971672500555,0.));
#702 = ORIENTED_EDGE('',*,*,#703,.F.);
#703 = EDGE_CURVE('',#704,#696,#706,.T.);
#704 = VERTEX_POINT('',#705);
#705 = CARTESIAN_POINT('',(80.166144,-117.866154,0.));
#706 = LINE('',#707,#708);
#707 = CARTESIAN_POINT('',(80.166144,-117.866154,0.));
#708 = VECTOR('',#709,1.);
#709 = DIRECTION('',(-0.269551009361,0.962986112752,0.));
#710 = ORIENTED_EDGE('',*,*,#711,.F.);
#711 = EDGE_CURVE('',#712,#704,#714,.T.);
#712 = VERTEX_POINT('',#713);
#713 = CARTESIAN_POINT('',(80.488195,-118.876553,0.));
#714 = LINE('',#715,#716);
#715 = CARTESIAN_POINT('',(80.488195,-118.876553,0.));
#716 = VECTOR('',#717,1.);
#717 = DIRECTION('',(-0.303683484686,0.9527729746,0.));
#718 = ORIENTED_EDGE('',*,*,#719,.F.);
#719 = EDGE_CURVE('',#720,#712,#722,.T.);
#720 = VERTEX_POINT('',#721);
#721 = CARTESIAN_POINT('',(80.663823,-119.379343,0.));
#722 = LINE('',#723,#724);
#723 = CARTESIAN_POINT('',(80.663823,-119.379343,0.));
#724 = VECTOR('',#725,1.);
#725 = DIRECTION('',(-0.329767412919,0.944062208425,0.));
#726 = ORIENTED_EDGE('',*,*,#727,.F.);
#727 = EDGE_CURVE('',#728,#720,#730,.T.);
#728 = VERTEX_POINT('',#729);
#729 = CARTESIAN_POINT('',(80.849427,-119.8803,0.));
#730 = LINE('',#731,#732);
#731 = CARTESIAN_POINT('',(80.849427,-119.8803,0.));
#732 = VECTOR('',#733,1.);
#733 = DIRECTION('',(-0.347420309929,0.937709511655,0.));
#734 = ORIENTED_EDGE('',*,*,#735,.F.);
#735 = EDGE_CURVE('',#736,#728,#738,.T.);
#736 = VERTEX_POINT('',#737);
#737 = CARTESIAN_POINT('',(81.045186,-120.379255,0.));
#738 = LINE('',#739,#740);
#739 = CARTESIAN_POINT('',(81.045186,-120.379255,0.));
#740 = VECTOR('',#741,1.);
#741 = DIRECTION('',(-0.36523366124,0.930915878422,0.));
#742 = ORIENTED_EDGE('',*,*,#743,.F.);
#743 = EDGE_CURVE('',#744,#736,#746,.T.);
#744 = VERTEX_POINT('',#745);
#745 = CARTESIAN_POINT('',(81.251279,-120.876038,0.));
#746 = LINE('',#747,#748);
#747 = CARTESIAN_POINT('',(81.251279,-120.876038,0.));
#748 = VECTOR('',#749,1.);
#749 = DIRECTION('',(-0.383189225925,0.923669863715,0.));
#750 = ORIENTED_EDGE('',*,*,#751,.F.);
#751 = EDGE_CURVE('',#752,#744,#754,.T.);
#752 = VERTEX_POINT('',#753);
#753 = CARTESIAN_POINT('',(81.467886,-121.370479,0.));
#754 = LINE('',#755,#756);
#755 = CARTESIAN_POINT('',(81.467886,-121.370479,0.));
#756 = VECTOR('',#757,1.);
#757 = DIRECTION('',(-0.401268249036,0.915960584477,0.));
#758 = ORIENTED_EDGE('',*,*,#759,.F.);
#759 = EDGE_CURVE('',#760,#752,#762,.T.);
#760 = VERTEX_POINT('',#761);
#761 = CARTESIAN_POINT('',(81.695186,-121.862408,0.));
#762 = LINE('',#763,#764);
#763 = CARTESIAN_POINT('',(81.695186,-121.862408,0.));
#764 = VECTOR('',#765,1.);
#765 = DIRECTION('',(-0.41944735413,0.907779663307,0.));
#766 = ORIENTED_EDGE('',*,*,#767,.F.);
#767 = EDGE_CURVE('',#768,#760,#770,.T.);
#768 = VERTEX_POINT('',#769);
#769 = CARTESIAN_POINT('',(81.933359,-122.351655,0.));
#770 = LINE('',#771,#772);
#771 = CARTESIAN_POINT('',(81.933359,-122.351655,0.));
#772 = VECTOR('',#773,1.);
#773 = DIRECTION('',(-0.43770487816,0.899118701638,0.));
#774 = ORIENTED_EDGE('',*,*,#775,.F.);
#775 = EDGE_CURVE('',#776,#768,#778,.T.);
#776 = VERTEX_POINT('',#777);
#777 = CARTESIAN_POINT('',(82.182585,-122.838052,0.));
#778 = LINE('',#779,#780);
#779 = CARTESIAN_POINT('',(82.182585,-122.838052,0.));
#780 = VECTOR('',#781,1.);
#781 = DIRECTION('',(-0.456014765475,0.889972209492,0.));
#782 = ORIENTED_EDGE('',*,*,#783,.F.);
#783 = EDGE_CURVE('',#784,#776,#786,.T.);
#784 = VERTEX_POINT('',#785);
#785 = CARTESIAN_POINT('',(82.443043,-123.321427,0.));
#786 = LINE('',#787,#788);
#787 = CARTESIAN_POINT('',(82.443043,-123.321427,0.));
#788 = VECTOR('',#789,1.);
#789 = DIRECTION('',(-0.474352744956,0.880334864329,0.));
#790 = ORIENTED_EDGE('',*,*,#791,.F.);
#791 = EDGE_CURVE('',#792,#784,#794,.T.);
#792 = VERTEX_POINT('',#793);
#793 = CARTESIAN_POINT('',(82.714913,-123.801611,0.));
#794 = LINE('',#795,#796);
#795 = CARTESIAN_POINT('',(82.714913,-123.801611,0.));
#796 = VECTOR('',#797,1.);
#797 = DIRECTION('',(-0.49269118365,0.870204227497,0.));
#798 = ORIENTED_EDGE('',*,*,#799,.F.);
#799 = EDGE_CURVE('',#800,#792,#802,.T.);
#800 = VERTEX_POINT('',#801);
#801 = CARTESIAN_POINT('',(82.998374,-124.278435,0.));
#802 = LINE('',#803,#804);
#803 = CARTESIAN_POINT('',(82.998374,-124.278435,0.));
#804 = VECTOR('',#805,1.);
#805 = DIRECTION('',(-0.511000843177,0.859580210494,0.));
#806 = ORIENTED_EDGE('',*,*,#807,.F.);
#807 = EDGE_CURVE('',#808,#800,#810,.T.);
#808 = VERTEX_POINT('',#809);
#809 = CARTESIAN_POINT('',(83.293606,-124.751729,0.));
#810 = LINE('',#811,#812);
#811 = CARTESIAN_POINT('',(83.293606,-124.751729,0.));
#812 = VECTOR('',#813,1.);
#813 = DIRECTION('',(-0.529255239143,0.848462663786,0.));
#814 = ORIENTED_EDGE('',*,*,#815,.F.);
#815 = EDGE_CURVE('',#816,#808,#818,.T.);
#816 = VERTEX_POINT('',#817);
#817 = CARTESIAN_POINT('',(83.600788,-125.221322,0.));
#818 = LINE('',#819,#820);
#819 = CARTESIAN_POINT('',(83.600788,-125.221322,0.));
#820 = VECTOR('',#821,1.);
#821 = DIRECTION('',(-0.547424652811,0.836854975186,0.));
#822 = ORIENTED_EDGE('',*,*,#823,.F.);
#823 = EDGE_CURVE('',#824,#816,#826,.T.);
#824 = VERTEX_POINT('',#825);
#825 = CARTESIAN_POINT('',(83.9201,-125.687045,0.));
#826 = LINE('',#827,#828);
#827 = CARTESIAN_POINT('',(83.9201,-125.687045,0.));
#828 = VECTOR('',#829,1.);
#829 = DIRECTION('',(-0.565479071371,0.824762644548,0.));
#830 = ORIENTED_EDGE('',*,*,#831,.F.);
#831 = EDGE_CURVE('',#832,#824,#834,.T.);
#832 = VERTEX_POINT('',#833);
#833 = CARTESIAN_POINT('',(84.251722,-126.148729,0.));
#834 = LINE('',#835,#836);
#835 = CARTESIAN_POINT('',(84.251722,-126.148729,0.));
#836 = VECTOR('',#837,1.);
#837 = DIRECTION('',(-0.58338851456,0.812193228905,0.));
#838 = ORIENTED_EDGE('',*,*,#839,.F.);
#839 = EDGE_CURVE('',#840,#832,#842,.T.);
#840 = VERTEX_POINT('',#841);
#841 = CARTESIAN_POINT('',(84.595832,-126.606204,0.));
#842 = LINE('',#843,#844);
#843 = CARTESIAN_POINT('',(84.595832,-126.606204,0.));
#844 = VECTOR('',#845,1.);
#845 = DIRECTION('',(-0.601121610502,0.799157562304,0.));
#846 = ORIENTED_EDGE('',*,*,#847,.F.);
#847 = EDGE_CURVE('',#848,#840,#850,.T.);
#848 = VERTEX_POINT('',#849);
#849 = CARTESIAN_POINT('',(84.952612,-127.059299,0.));
#850 = LINE('',#851,#852);
#851 = CARTESIAN_POINT('',(84.952612,-127.059299,0.));
#852 = VECTOR('',#853,1.);
#853 = DIRECTION('',(-0.618654014343,0.785663547925,0.));
#854 = ORIENTED_EDGE('',*,*,#855,.F.);
#855 = EDGE_CURVE('',#856,#848,#858,.T.);
#856 = VERTEX_POINT('',#857);
#857 = CARTESIAN_POINT('',(85.322239,-127.507845,0.));
#858 = LINE('',#859,#860);
#859 = CARTESIAN_POINT('',(85.322239,-127.507845,0.));
#860 = VECTOR('',#861,1.);
#861 = DIRECTION('',(-0.635949353245,0.771730795101,0.));
#862 = ORIENTED_EDGE('',*,*,#863,.F.);
#863 = EDGE_CURVE('',#864,#856,#866,.T.);
#864 = VERTEX_POINT('',#865);
#865 = CARTESIAN_POINT('',(85.704895,-127.951672,0.));
#866 = LINE('',#867,#868);
#867 = CARTESIAN_POINT('',(85.704895,-127.951672,0.));
#868 = VECTOR('',#869,1.);
#869 = DIRECTION('',(-0.652985158555,0.757370703624,0.));
#870 = ORIENTED_EDGE('',*,*,#871,.F.);
#871 = EDGE_CURVE('',#872,#864,#874,.T.);
#872 = VERTEX_POINT('',#873);
#873 = CARTESIAN_POINT('',(86.100757,-128.390611,0.));
#874 = LINE('',#875,#876);
#875 = CARTESIAN_POINT('',(86.100757,-128.390611,0.));
#876 = VECTOR('',#877,1.);
#877 = DIRECTION('',(-0.669727941736,0.742606547276,0.));
#878 = ORIENTED_EDGE('',*,*,#879,.F.);
#879 = EDGE_CURVE('',#880,#872,#882,.T.);
#880 = VERTEX_POINT('',#881);
#881 = CARTESIAN_POINT('',(86.510007,-128.824491,0.));
#882 = LINE('',#883,#884);
#883 = CARTESIAN_POINT('',(86.510007,-128.824491,0.));
#884 = VECTOR('',#885,1.);
#885 = DIRECTION('',(-0.686157657591,0.727452863716,0.));
#886 = ORIENTED_EDGE('',*,*,#887,.F.);
#887 = EDGE_CURVE('',#888,#880,#890,.T.);
#888 = VERTEX_POINT('',#889);
#889 = CARTESIAN_POINT('',(86.932823,-129.253143,0.));
#890 = LINE('',#891,#892);
#891 = CARTESIAN_POINT('',(86.932823,-129.253143,0.));
#892 = VECTOR('',#893,1.);
#893 = DIRECTION('',(-0.702243744692,0.711936600436,0.));
#894 = ORIENTED_EDGE('',*,*,#895,.F.);
#895 = EDGE_CURVE('',#896,#888,#898,.T.);
#896 = VERTEX_POINT('',#897);
#897 = CARTESIAN_POINT('',(87.369385,-129.676398,0.));
#898 = LINE('',#899,#900);
#899 = CARTESIAN_POINT('',(87.369385,-129.676398,0.));
#900 = VECTOR('',#901,1.);
#901 = DIRECTION('',(-0.717964374443,0.696079849609,0.));
#902 = ORIENTED_EDGE('',*,*,#903,.F.);
#903 = EDGE_CURVE('',#904,#896,#906,.T.);
#904 = VERTEX_POINT('',#905);
#905 = CARTESIAN_POINT('',(87.819873,-130.094085,0.));
#906 = LINE('',#907,#908);
#907 = CARTESIAN_POINT('',(87.819873,-130.094085,0.));
#908 = VECTOR('',#909,1.);
#909 = DIRECTION('',(-0.733299187927,0.679906097183,0.));
#910 = ORIENTED_EDGE('',*,*,#911,.F.);
#911 = EDGE_CURVE('',#912,#904,#914,.T.);
#912 = VERTEX_POINT('',#913);
#913 = CARTESIAN_POINT('',(88.284466,-130.506034,0.));
#914 = LINE('',#915,#916);
#915 = CARTESIAN_POINT('',(88.284466,-130.506034,0.));
#916 = VECTOR('',#917,1.);
#917 = DIRECTION('',(-0.748226486083,0.663443385319,0.));
#918 = ORIENTED_EDGE('',*,*,#919,.F.);
#919 = EDGE_CURVE('',#920,#912,#922,.T.);
#920 = VERTEX_POINT('',#921);
#921 = CARTESIAN_POINT('',(88.763344,-130.912076,0.));
#922 = LINE('',#923,#924);
#923 = CARTESIAN_POINT('',(88.763344,-130.912076,0.));
#924 = VECTOR('',#925,1.);
#925 = DIRECTION('',(-0.76272809895,0.646719295423,0.));
#926 = ORIENTED_EDGE('',*,*,#927,.F.);
#927 = EDGE_CURVE('',#928,#920,#930,.T.);
#928 = VERTEX_POINT('',#929);
#929 = CARTESIAN_POINT('',(89.256686,-131.312041,0.));
#930 = LINE('',#931,#932);
#931 = CARTESIAN_POINT('',(89.256686,-131.312041,0.));
#932 = VECTOR('',#933,1.);
#933 = DIRECTION('',(-0.77678811985,0.629762031929,0.));
#934 = ORIENTED_EDGE('',*,*,#935,.F.);
#935 = EDGE_CURVE('',#936,#928,#938,.T.);
#936 = VERTEX_POINT('',#937);
#937 = CARTESIAN_POINT('',(89.764672,-131.70576,0.));
#938 = LINE('',#939,#940);
#939 = CARTESIAN_POINT('',(89.764672,-131.70576,0.));
#940 = VECTOR('',#941,1.);
#941 = DIRECTION('',(-0.790392563813,0.612600681578,0.));
#942 = ORIENTED_EDGE('',*,*,#943,.F.);
#943 = EDGE_CURVE('',#944,#936,#946,.T.);
#944 = VERTEX_POINT('',#945);
#945 = CARTESIAN_POINT('',(90.287481,-132.093062,0.));
#946 = LINE('',#947,#948);
#947 = CARTESIAN_POINT('',(90.287481,-132.093062,0.));
#948 = VECTOR('',#949,1.);
#949 = DIRECTION('',(-0.803530673714,0.59526335046,0.));
#950 = ORIENTED_EDGE('',*,*,#951,.F.);
#951 = EDGE_CURVE('',#952,#944,#954,.T.);
#952 = VERTEX_POINT('',#953);
#953 = CARTESIAN_POINT('',(90.825293,-132.473777,0.));
#954 = LINE('',#955,#956);
#955 = CARTESIAN_POINT('',(90.825293,-132.473777,0.));
#956 = VECTOR('',#957,1.);
#957 = DIRECTION('',(-0.816192784464,0.577779662665,0.));
#958 = ORIENTED_EDGE('',*,*,#959,.F.);
#959 = EDGE_CURVE('',#960,#952,#962,.T.);
#960 = VERTEX_POINT('',#961);
#961 = CARTESIAN_POINT('',(91.378288,-132.847737,0.));
#962 = LINE('',#963,#964);
#963 = CARTESIAN_POINT('',(91.378288,-132.847737,0.));
#964 = VECTOR('',#965,1.);
#965 = DIRECTION('',(-0.828370201024,0.560181051139,0.));
#966 = ORIENTED_EDGE('',*,*,#967,.F.);
#967 = EDGE_CURVE('',#968,#960,#970,.T.);
#968 = VERTEX_POINT('',#969);
#969 = CARTESIAN_POINT('',(91.946645,-133.21477,0.));
#970 = LINE('',#971,#972);
#971 = CARTESIAN_POINT('',(91.946645,-133.21477,0.));
#972 = VECTOR('',#973,1.);
#973 = DIRECTION('',(-0.840060188913,0.542493206413,0.));
#974 = ORIENTED_EDGE('',*,*,#975,.F.);
#975 = EDGE_CURVE('',#976,#968,#978,.T.);
#976 = VERTEX_POINT('',#977);
#977 = CARTESIAN_POINT('',(92.530544,-133.574709,0.));
#978 = LINE('',#979,#980);
#979 = CARTESIAN_POINT('',(92.530544,-133.574709,0.));
#980 = VECTOR('',#981,1.);
#981 = DIRECTION('',(-0.85125686757,0.524749221452,0.));
#982 = ORIENTED_EDGE('',*,*,#983,.F.);
#983 = EDGE_CURVE('',#984,#976,#986,.T.);
#984 = VERTEX_POINT('',#985);
#985 = CARTESIAN_POINT('',(93.130164,-133.927381,0.));
#986 = LINE('',#987,#988);
#987 = CARTESIAN_POINT('',(93.130164,-133.927381,0.));
#988 = VECTOR('',#989,1.);
#989 = DIRECTION('',(-0.861962890176,0.506971375878,0.));
#990 = ORIENTED_EDGE('',*,*,#991,.F.);
#991 = EDGE_CURVE('',#992,#984,#994,.T.);
#992 = VERTEX_POINT('',#993);
#993 = CARTESIAN_POINT('',(93.745685,-134.272619,0.));
#994 = LINE('',#995,#996);
#995 = CARTESIAN_POINT('',(93.745685,-134.272619,0.));
#996 = VECTOR('',#997,1.);
#997 = DIRECTION('',(-0.872175850703,0.489192483027,0.));
#998 = ORIENTED_EDGE('',*,*,#999,.F.);
#999 = EDGE_CURVE('',#1000,#992,#1002,.T.);
#1000 = VERTEX_POINT('',#1001);
#1001 = CARTESIAN_POINT('',(94.377286,-134.610251,0.));
#1002 = LINE('',#1003,#1004);
#1003 = CARTESIAN_POINT('',(94.377286,-134.610251,0.));
#1004 = VECTOR('',#1005,1.);
#1005 = DIRECTION('',(-0.88190139227,0.471433912985,0.));
#1006 = ORIENTED_EDGE('',*,*,#1007,.F.);
#1007 = EDGE_CURVE('',#1008,#1000,#1010,.T.);
#1008 = VERTEX_POINT('',#1009);
#1009 = CARTESIAN_POINT('',(95.025147,-134.940109,0.));
#1010 = LINE('',#1011,#1012);
#1011 = CARTESIAN_POINT('',(95.025147,-134.940109,0.));
#1012 = VECTOR('',#1013,1.);
#1013 = DIRECTION('',(-0.891142062665,0.453724392279,0.));
#1014 = ORIENTED_EDGE('',*,*,#1015,.F.);
#1015 = EDGE_CURVE('',#1016,#1008,#1018,.T.);
#1016 = VERTEX_POINT('',#1017);
#1017 = CARTESIAN_POINT('',(95.689448,-135.262023,0.));
#1018 = LINE('',#1019,#1020);
#1019 = CARTESIAN_POINT('',(95.689448,-135.262023,0.));
#1020 = VECTOR('',#1021,1.);
#1021 = DIRECTION('',(-0.899905201624,0.436085574274,0.));
#1022 = ORIENTED_EDGE('',*,*,#1023,.F.);
#1023 = EDGE_CURVE('',#1024,#1016,#1026,.T.);
#1024 = VERTEX_POINT('',#1025);
#1025 = CARTESIAN_POINT('',(96.370368,-135.575822,0.));
#1026 = LINE('',#1027,#1028);
#1027 = CARTESIAN_POINT('',(96.370368,-135.575822,0.));
#1028 = VECTOR('',#1029,1.);
#1029 = DIRECTION('',(-0.908198653391,0.418539372078,0.));
#1030 = ORIENTED_EDGE('',*,*,#1031,.F.);
#1031 = EDGE_CURVE('',#1032,#1024,#1034,.T.);
#1032 = VERTEX_POINT('',#1033);
#1033 = CARTESIAN_POINT('',(97.068086,-135.881337,0.));
#1034 = LINE('',#1035,#1036);
#1035 = CARTESIAN_POINT('',(97.068086,-135.881337,0.));
#1036 = VECTOR('',#1037,1.);
#1037 = DIRECTION('',(-0.916030312636,0.401109045438,0.));
#1038 = ORIENTED_EDGE('',*,*,#1039,.F.);
#1039 = EDGE_CURVE('',#1040,#1032,#1042,.T.);
#1040 = VERTEX_POINT('',#1041);
#1041 = CARTESIAN_POINT('',(97.782783,-136.178398,0.));
#1042 = LINE('',#1043,#1044);
#1043 = CARTESIAN_POINT('',(97.782783,-136.178398,0.));
#1044 = VECTOR('',#1045,1.);
#1045 = DIRECTION('',(-0.923411164124,0.383812222279,0.));
#1046 = ORIENTED_EDGE('',*,*,#1047,.F.);
#1047 = EDGE_CURVE('',#1048,#1040,#1050,.T.);
#1048 = VERTEX_POINT('',#1049);
#1049 = CARTESIAN_POINT('',(98.514637,-136.466836,0.));
#1050 = LINE('',#1051,#1052);
#1051 = CARTESIAN_POINT('',(98.514637,-136.466836,0.));
#1052 = VECTOR('',#1053,1.);
#1053 = DIRECTION('',(-0.930351210724,0.366669639735,0.));
#1054 = ORIENTED_EDGE('',*,*,#1055,.F.);
#1055 = EDGE_CURVE('',#1056,#1048,#1058,.T.);
#1056 = VERTEX_POINT('',#1057);
#1057 = CARTESIAN_POINT('',(99.263829,-136.746481,0.));
#1058 = LINE('',#1059,#1060);
#1059 = CARTESIAN_POINT('',(99.263829,-136.746481,0.));
#1060 = VECTOR('',#1061,1.);
#1061 = DIRECTION('',(-0.936863371352,0.349695615385,0.));
#1062 = ORIENTED_EDGE('',*,*,#1063,.F.);
#1063 = EDGE_CURVE('',#1064,#1056,#1066,.T.);
#1064 = VERTEX_POINT('',#1065);
#1065 = CARTESIAN_POINT('',(100.030538,-137.017162,0.));
#1066 = LINE('',#1067,#1068);
#1067 = CARTESIAN_POINT('',(100.030538,-137.017162,0.));
#1068 = VECTOR('',#1069,1.);
#1069 = DIRECTION('',(-0.942960290389,0.33290522788,0.));
#1070 = ORIENTED_EDGE('',*,*,#1071,.F.);
#1071 = EDGE_CURVE('',#1072,#1064,#1074,.T.);
#1072 = VERTEX_POINT('',#1073);
#1073 = CARTESIAN_POINT('',(100.35019,-137.082196,0.));
#1074 = LINE('',#1075,#1076);
#1075 = CARTESIAN_POINT('',(100.35019,-137.082196,0.));
#1076 = VECTOR('',#1077,1.);
#1077 = DIRECTION('',(-0.979924665341,0.199368127482,0.));
#1078 = ORIENTED_EDGE('',*,*,#1079,.F.);
#1079 = EDGE_CURVE('',#1080,#1072,#1082,.T.);
#1080 = VERTEX_POINT('',#1081);
#1081 = CARTESIAN_POINT('',(100.431622,-137.073285,0.));
#1082 = LINE('',#1083,#1084);
#1083 = CARTESIAN_POINT('',(100.431622,-137.073285,0.));
#1084 = VECTOR('',#1085,1.);
#1085 = DIRECTION('',(-0.994065918017,-0.108779366778,0.));
#1086 = ORIENTED_EDGE('',*,*,#1087,.F.);
#1087 = EDGE_CURVE('',#1088,#1080,#1090,.T.);
#1088 = VERTEX_POINT('',#1089);
#1089 = CARTESIAN_POINT('',(100.581336,-137.101702,0.));
#1090 = LINE('',#1091,#1092);
#1091 = CARTESIAN_POINT('',(100.581336,-137.101702,0.));
#1092 = VECTOR('',#1093,1.);
#1093 = DIRECTION('',(-0.982458923892,0.186479121794,0.));
#1094 = ORIENTED_EDGE('',*,*,#1095,.F.);
#1095 = EDGE_CURVE('',#1096,#1088,#1098,.T.);
#1096 = VERTEX_POINT('',#1097);
#1097 = CARTESIAN_POINT('',(100.896858,-137.204814,0.));
#1098 = LINE('',#1099,#1100);
#1099 = CARTESIAN_POINT('',(100.896858,-137.204814,0.));
#1100 = VECTOR('',#1101,1.);
#1101 = DIRECTION('',(-0.950530396926,0.310631557507,0.));
#1102 = ORIENTED_EDGE('',*,*,#1103,.F.);
#1103 = EDGE_CURVE('',#1104,#1096,#1106,.T.);
#1104 = VERTEX_POINT('',#1105);
#1105 = CARTESIAN_POINT('',(101.109655,-137.281273,0.));
#1106 = LINE('',#1107,#1108);
#1107 = CARTESIAN_POINT('',(101.109655,-137.281273,0.));
#1108 = VECTOR('',#1109,1.);
#1109 = DIRECTION('',(-0.941095717776,0.338140281515,0.));
#1110 = ORIENTED_EDGE('',*,*,#1111,.F.);
#1111 = EDGE_CURVE('',#1112,#1104,#1114,.T.);
#1112 = VERTEX_POINT('',#1113);
#1113 = CARTESIAN_POINT('',(101.668366,-137.479704,0.));
#1114 = LINE('',#1115,#1116);
#1115 = CARTESIAN_POINT('',(101.668366,-137.479704,0.));
#1116 = VECTOR('',#1117,1.);
#1117 = DIRECTION('',(-0.94233271432,0.334677539614,0.));
#1118 = ORIENTED_EDGE('',*,*,#1119,.F.);
#1119 = EDGE_CURVE('',#1120,#1112,#1122,.T.);
#1120 = VERTEX_POINT('',#1121);
#1121 = CARTESIAN_POINT('',(102.424805,-137.729121,0.));
#1122 = LINE('',#1123,#1124);
#1123 = CARTESIAN_POINT('',(102.424805,-137.729121,0.));
#1124 = VECTOR('',#1125,1.);
#1125 = DIRECTION('',(-0.949706285552,0.313142094238,0.));
#1126 = ORIENTED_EDGE('',*,*,#1127,.F.);
#1127 = EDGE_CURVE('',#1128,#1120,#1130,.T.);
#1128 = VERTEX_POINT('',#1129);
#1129 = CARTESIAN_POINT('',(103.407915,-138.01953,0.));
#1130 = LINE('',#1131,#1132);
#1131 = CARTESIAN_POINT('',(103.407915,-138.01953,0.));
#1132 = VECTOR('',#1133,1.);
#1133 = DIRECTION('',(-0.959032370455,0.283296509721,0.));
#1134 = ORIENTED_EDGE('',*,*,#1135,.F.);
#1135 = EDGE_CURVE('',#1136,#1128,#1138,.T.);
#1136 = VERTEX_POINT('',#1137);
#1137 = CARTESIAN_POINT('',(103.993515,-138.176984,0.));
#1138 = LINE('',#1139,#1140);
#1139 = CARTESIAN_POINT('',(103.993515,-138.176984,0.));
#1140 = VECTOR('',#1141,1.);
#1141 = DIRECTION('',(-0.965701621754,0.259654342814,0.));
#1142 = ORIENTED_EDGE('',*,*,#1143,.F.);
#1143 = EDGE_CURVE('',#1144,#1136,#1146,.T.);
#1144 = VERTEX_POINT('',#1145);
#1145 = CARTESIAN_POINT('',(104.646635,-138.340939,0.));
#1146 = LINE('',#1147,#1148);
#1147 = CARTESIAN_POINT('',(104.646635,-138.340939,0.));
#1148 = VECTOR('',#1149,1.);
#1149 = DIRECTION('',(-0.969906182885,0.243478944474,0.));
#1150 = ORIENTED_EDGE('',*,*,#1151,.F.);
#1151 = EDGE_CURVE('',#1152,#1144,#1154,.T.);
#1152 = VERTEX_POINT('',#1153);
#1153 = CARTESIAN_POINT('',(105.370893,-138.510147,0.));
#1154 = LINE('',#1155,#1156);
#1155 = CARTESIAN_POINT('',(105.370893,-138.510147,0.));
#1156 = VECTOR('',#1157,1.);
#1157 = DIRECTION('',(-0.97377736274,0.227503072102,0.));
#1158 = ORIENTED_EDGE('',*,*,#1159,.F.);
#1159 = EDGE_CURVE('',#1160,#1152,#1162,.T.);
#1160 = VERTEX_POINT('',#1161);
#1161 = CARTESIAN_POINT('',(106.169906,-138.683358,0.));
#1162 = LINE('',#1163,#1164);
#1163 = CARTESIAN_POINT('',(106.169906,-138.683358,0.));
#1164 = VECTOR('',#1165,1.);
#1165 = DIRECTION('',(-0.977299968624,0.211860263682,0.));
#1166 = ORIENTED_EDGE('',*,*,#1167,.F.);
#1167 = EDGE_CURVE('',#1168,#1160,#1170,.T.);
#1168 = VERTEX_POINT('',#1169);
#1169 = CARTESIAN_POINT('',(107.047292,-138.859323,0.));
#1170 = LINE('',#1171,#1172);
#1171 = CARTESIAN_POINT('',(107.047292,-138.859323,0.));
#1172 = VECTOR('',#1173,1.);
#1173 = DIRECTION('',(-0.980475705845,0.196640255918,0.));
#1174 = ORIENTED_EDGE('',*,*,#1175,.F.);
#1175 = EDGE_CURVE('',#1176,#1168,#1178,.T.);
#1176 = VERTEX_POINT('',#1177);
#1177 = CARTESIAN_POINT('',(108.006669,-139.036793,0.));
#1178 = LINE('',#1179,#1180);
#1179 = CARTESIAN_POINT('',(108.006669,-139.036793,0.));
#1180 = VECTOR('',#1181,1.);
#1181 = DIRECTION('',(-0.983317295755,0.181898586768,0.));
#1182 = ORIENTED_EDGE('',*,*,#1183,.F.);
#1183 = EDGE_CURVE('',#1184,#1176,#1186,.T.);
#1184 = VERTEX_POINT('',#1185);
#1185 = CARTESIAN_POINT('',(109.051653,-139.21452,0.));
#1186 = LINE('',#1187,#1188);
#1187 = CARTESIAN_POINT('',(109.051653,-139.21452,0.));
#1188 = VECTOR('',#1189,1.);
#1189 = DIRECTION('',(-0.985843417674,0.167668589273,0.));
#1190 = ORIENTED_EDGE('',*,*,#1191,.F.);
#1191 = EDGE_CURVE('',#1192,#1184,#1194,.T.);
#1192 = VERTEX_POINT('',#1193);
#1193 = CARTESIAN_POINT('',(110.185863,-139.391253,0.));
#1194 = LINE('',#1195,#1196);
#1195 = CARTESIAN_POINT('',(110.185863,-139.391253,0.));
#1196 = VECTOR('',#1197,1.);
#1197 = DIRECTION('',(-0.988076698252,0.153962457669,0.));
#1198 = ORIENTED_EDGE('',*,*,#1199,.F.);
#1199 = EDGE_CURVE('',#1200,#1192,#1202,.T.);
#1200 = VERTEX_POINT('',#1201);
#1201 = CARTESIAN_POINT('',(111.412917,-139.565745,0.));
#1202 = LINE('',#1203,#1204);
#1203 = CARTESIAN_POINT('',(111.412917,-139.565745,0.));
#1204 = VECTOR('',#1205,1.);
#1205 = DIRECTION('',(-0.990039818613,0.140787632842,0.));
#1206 = ORIENTED_EDGE('',*,*,#1207,.F.);
#1207 = EDGE_CURVE('',#1208,#1200,#1210,.T.);
#1208 = VERTEX_POINT('',#1209);
#1209 = CARTESIAN_POINT('',(112.736431,-139.736746,0.));
#1210 = LINE('',#1211,#1212);
#1211 = CARTESIAN_POINT('',(112.736431,-139.736746,0.));
#1212 = VECTOR('',#1213,1.);
#1213 = DIRECTION('',(-0.99175645413,0.128137175287,0.));
#1214 = ORIENTED_EDGE('',*,*,#1215,.F.);
#1215 = EDGE_CURVE('',#1216,#1208,#1218,.T.);
#1216 = VERTEX_POINT('',#1217);
#1217 = CARTESIAN_POINT('',(114.160023,-139.903008,0.));
#1218 = LINE('',#1219,#1220);
#1219 = CARTESIAN_POINT('',(114.160023,-139.903008,0.));
#1220 = VECTOR('',#1221,1.);
#1221 = DIRECTION('',(-0.993248976405,0.116002029595,0.));
#1222 = ORIENTED_EDGE('',*,*,#1223,.F.);
#1223 = EDGE_CURVE('',#1224,#1216,#1226,.T.);
#1224 = VERTEX_POINT('',#1225);
#1225 = CARTESIAN_POINT('',(115.687311,-140.06328,0.));
#1226 = LINE('',#1227,#1228);
#1227 = CARTESIAN_POINT('',(115.687311,-140.06328,0.));
#1228 = VECTOR('',#1229,1.);
#1229 = DIRECTION('',(-0.994538970551,0.104365875911,0.));
#1230 = ORIENTED_EDGE('',*,*,#1231,.F.);
#1231 = EDGE_CURVE('',#1232,#1224,#1234,.T.);
#1232 = VERTEX_POINT('',#1233);
#1233 = CARTESIAN_POINT('',(117.321912,-140.216315,0.));
#1234 = LINE('',#1235,#1236);
#1235 = CARTESIAN_POINT('',(117.321912,-140.216315,0.));
#1236 = VECTOR('',#1237,1.);
#1237 = DIRECTION('',(-0.995646039928,9.321460816458E-02,0.));
#1238 = ORIENTED_EDGE('',*,*,#1239,.F.);
#1239 = EDGE_CURVE('',#1240,#1232,#1242,.T.);
#1240 = VERTEX_POINT('',#1241);
#1241 = CARTESIAN_POINT('',(119.067445,-140.360863,0.));
#1242 = LINE('',#1243,#1244);
#1243 = CARTESIAN_POINT('',(119.067445,-140.360863,0.));
#1244 = VECTOR('',#1245,1.);
#1245 = DIRECTION('',(-0.996588766888,8.252775116605E-02,0.));
#1246 = ORIENTED_EDGE('',*,*,#1247,.F.);
#1247 = EDGE_CURVE('',#1248,#1240,#1250,.T.);
#1248 = VERTEX_POINT('',#1249);
#1249 = CARTESIAN_POINT('',(120.927526,-140.495675,0.));
#1250 = LINE('',#1251,#1252);
#1251 = CARTESIAN_POINT('',(120.927526,-140.495675,0.));
#1252 = VECTOR('',#1253,1.);
#1253 = DIRECTION('',(-0.997383886731,7.228680715412E-02,0.));
#1254 = ORIENTED_EDGE('',*,*,#1255,.F.);
#1255 = EDGE_CURVE('',#1256,#1248,#1258,.T.);
#1256 = VERTEX_POINT('',#1257);
#1257 = CARTESIAN_POINT('',(122.905773,-140.619503,0.));
#1258 = LINE('',#1259,#1260);
#1259 = CARTESIAN_POINT('',(122.905773,-140.619503,0.));
#1260 = VECTOR('',#1261,1.);
#1261 = DIRECTION('',(-0.998046682839,6.247254495654E-02,0.));
#1262 = ORIENTED_EDGE('',*,*,#1263,.F.);
#1263 = EDGE_CURVE('',#1264,#1256,#1266,.T.);
#1264 = VERTEX_POINT('',#1265);
#1265 = CARTESIAN_POINT('',(125.005804,-140.731097,0.));
#1266 = LINE('',#1267,#1268);
#1267 = CARTESIAN_POINT('',(125.005804,-140.731097,0.));
#1268 = VECTOR('',#1269,1.);
#1269 = DIRECTION('',(-0.998591095008,5.306434745787E-02,0.));
#1270 = ORIENTED_EDGE('',*,*,#1271,.F.);
#1271 = EDGE_CURVE('',#1272,#1264,#1274,.T.);
#1272 = VERTEX_POINT('',#1273);
#1273 = CARTESIAN_POINT('',(127.231236,-140.829208,0.));
#1274 = LINE('',#1275,#1276);
#1275 = CARTESIAN_POINT('',(127.231236,-140.829208,0.));
#1276 = VECTOR('',#1277,1.);
#1277 = DIRECTION('',(-0.999029614621,4.404349111548E-02,0.));
#1278 = ORIENTED_EDGE('',*,*,#1279,.F.);
#1279 = EDGE_CURVE('',#1280,#1272,#1282,.T.);
#1280 = VERTEX_POINT('',#1281);
#1281 = CARTESIAN_POINT('',(129.585687,-140.912587,0.));
#1282 = LINE('',#1283,#1284);
#1283 = CARTESIAN_POINT('',(129.585687,-140.912587,0.));
#1284 = VECTOR('',#1285,1.);
#1285 = DIRECTION('',(-0.999373536458,3.539116596451E-02,0.));
#1286 = ORIENTED_EDGE('',*,*,#1287,.F.);
#1287 = EDGE_CURVE('',#1288,#1280,#1290,.T.);
#1288 = VERTEX_POINT('',#1289);
#1289 = CARTESIAN_POINT('',(132.072774,-140.979985,0.));
#1290 = LINE('',#1291,#1292);
#1291 = CARTESIAN_POINT('',(132.072774,-140.979985,0.));
#1292 = VECTOR('',#1293,1.);
#1293 = DIRECTION('',(-0.999633019532,2.708922777949E-02,0.));
#1294 = ORIENTED_EDGE('',*,*,#1295,.F.);
#1295 = EDGE_CURVE('',#1296,#1288,#1298,.T.);
#1296 = VERTEX_POINT('',#1297);
#1297 = CARTESIAN_POINT('',(134.696115,-141.030154,0.));
#1298 = LINE('',#1299,#1300);
#1299 = CARTESIAN_POINT('',(134.696115,-141.030154,0.));
#1300 = VECTOR('',#1301,1.);
#1301 = DIRECTION('',(-0.999817184804,1.912059024901E-02,0.));
#1302 = ORIENTED_EDGE('',*,*,#1303,.F.);
#1303 = EDGE_CURVE('',#1304,#1296,#1306,.T.);
#1304 = VERTEX_POINT('',#1305);
#1305 = CARTESIAN_POINT('',(137.459328,-141.061844,0.));
#1306 = LINE('',#1307,#1308);
#1307 = CARTESIAN_POINT('',(137.459328,-141.061844,0.));
#1308 = VECTOR('',#1309,1.);
#1309 = DIRECTION('',(-0.99993424286,1.14677790515E-02,0.));
#1310 = ORIENTED_EDGE('',*,*,#1311,.F.);
#1311 = EDGE_CURVE('',#1312,#1304,#1314,.T.);
#1312 = VERTEX_POINT('',#1313);
#1313 = CARTESIAN_POINT('',(140.366029,-141.073806,0.));
#1314 = LINE('',#1315,#1316);
#1315 = CARTESIAN_POINT('',(140.366029,-141.073806,0.));
#1316 = VECTOR('',#1317,1.);
#1317 = DIRECTION('',(-0.999991532185,4.115283514878E-03,0.));
#1318 = ORIENTED_EDGE('',*,*,#1319,.F.);
#1319 = EDGE_CURVE('',#1320,#1312,#1322,.T.);
#1320 = VERTEX_POINT('',#1321);
#1321 = CARTESIAN_POINT('',(143.419837,-141.064792,0.));
#1322 = LINE('',#1323,#1324);
#1323 = CARTESIAN_POINT('',(143.419837,-141.064792,0.));
#1324 = VECTOR('',#1325,1.);
#1325 = DIRECTION('',(-0.99999564369,-2.951711676765E-03,0.));
#1326 = ORIENTED_EDGE('',*,*,#1327,.F.);
#1327 = EDGE_CURVE('',#1328,#1320,#1330,.T.);
#1328 = VERTEX_POINT('',#1329);
#1329 = CARTESIAN_POINT('',(146.62437,-141.033552,0.));
#1330 = LINE('',#1331,#1332);
#1331 = CARTESIAN_POINT('',(146.62437,-141.033552,0.));
#1332 = VECTOR('',#1333,1.);
#1333 = DIRECTION('',(-0.999952484905,-9.748227160853E-03,0.));
#1334 = ORIENTED_EDGE('',*,*,#1335,.F.);
#1335 = EDGE_CURVE('',#1336,#1328,#1338,.T.);
#1336 = VERTEX_POINT('',#1337);
#1337 = CARTESIAN_POINT('',(149.983244,-140.978837,0.));
#1338 = LINE('',#1339,#1340);
#1339 = CARTESIAN_POINT('',(149.983244,-140.978837,0.));
#1340 = VECTOR('',#1341,1.);
#1341 = DIRECTION('',(-0.999867349477,-1.6287524339E-02,0.));
#1342 = ORIENTED_EDGE('',*,*,#1343,.F.);
#1343 = EDGE_CURVE('',#1344,#1336,#1346,.T.);
#1344 = VERTEX_POINT('',#1345);
#1345 = CARTESIAN_POINT('',(153.406404,-141.034768,0.));
#1346 = LINE('',#1347,#1348);
#1347 = CARTESIAN_POINT('',(153.406404,-141.034768,0.));
#1348 = VECTOR('',#1349,1.);
#1349 = DIRECTION('',(-0.999866545313,1.63368162008E-02,0.));
#1350 = ORIENTED_EDGE('',*,*,#1351,.F.);
#1351 = EDGE_CURVE('',#1352,#1344,#1354,.T.);
#1352 = VERTEX_POINT('',#1353);
#1353 = CARTESIAN_POINT('',(156.66919,-141.067005,0.));
#1354 = LINE('',#1355,#1356);
#1355 = CARTESIAN_POINT('',(156.66919,-141.067005,0.));
#1356 = VECTOR('',#1357,1.);
#1357 = DIRECTION('',(-0.999951194331,9.879724459906E-03,0.));
#1358 = ORIENTED_EDGE('',*,*,#1359,.F.);
#1359 = EDGE_CURVE('',#1360,#1352,#1362,.T.);
#1360 = VERTEX_POINT('',#1361);
#1361 = CARTESIAN_POINT('',(159.775478,-141.076802,0.));
#1362 = LINE('',#1363,#1364);
#1363 = CARTESIAN_POINT('',(159.775478,-141.076802,0.));
#1364 = VECTOR('',#1365,1.);
#1365 = DIRECTION('',(-0.999995026415,3.153909513149E-03,0.));
#1366 = ORIENTED_EDGE('',*,*,#1367,.F.);
#1367 = EDGE_CURVE('',#1368,#1360,#1370,.T.);
#1368 = VERTEX_POINT('',#1369);
#1369 = CARTESIAN_POINT('',(162.729141,-141.065415,0.));
#1370 = LINE('',#1371,#1372);
#1371 = CARTESIAN_POINT('',(162.729141,-141.065415,0.));
#1372 = VECTOR('',#1373,1.);
#1373 = DIRECTION('',(-0.999992568749,-3.855184352559E-03,0.));
#1374 = ORIENTED_EDGE('',*,*,#1375,.F.);
#1375 = EDGE_CURVE('',#1376,#1368,#1378,.T.);
#1376 = VERTEX_POINT('',#1377);
#1377 = CARTESIAN_POINT('',(165.534053,-141.034098,0.));
#1378 = LINE('',#1379,#1380);
#1379 = CARTESIAN_POINT('',(165.534053,-141.034098,0.));
#1380 = VECTOR('',#1381,1.);
#1381 = DIRECTION('',(-0.999937676587,-1.116436031422E-02,0.));
#1382 = ORIENTED_EDGE('',*,*,#1383,.F.);
#1383 = EDGE_CURVE('',#1384,#1376,#1386,.T.);
#1384 = VERTEX_POINT('',#1385);
#1385 = CARTESIAN_POINT('',(168.19409,-140.984106,0.));
#1386 = LINE('',#1387,#1388);
#1387 = CARTESIAN_POINT('',(168.19409,-140.984106,0.));
#1388 = VECTOR('',#1389,1.);
#1389 = DIRECTION('',(-0.999823444746,-1.879040541532E-02,0.));
#1390 = ORIENTED_EDGE('',*,*,#1391,.F.);
#1391 = EDGE_CURVE('',#1392,#1384,#1394,.T.);
#1392 = VERTEX_POINT('',#1393);
#1393 = CARTESIAN_POINT('',(170.713125,-140.916693,0.));
#1394 = LINE('',#1395,#1396);
#1395 = CARTESIAN_POINT('',(170.713125,-140.916693,0.));
#1396 = VECTOR('',#1397,1.);
#1397 = DIRECTION('',(-0.999642104932,-2.675186062114E-02,0.));
#1398 = ORIENTED_EDGE('',*,*,#1399,.F.);
#1399 = EDGE_CURVE('',#1400,#1392,#1402,.T.);
#1400 = VERTEX_POINT('',#1401);
#1401 = CARTESIAN_POINT('',(173.095033,-140.833115,0.));
#1402 = LINE('',#1403,#1404);
#1403 = CARTESIAN_POINT('',(173.095033,-140.833115,0.));
#1404 = VECTOR('',#1405,1.);
#1405 = DIRECTION('',(-0.999384960256,-3.50670958779E-02,0.));
#1406 = ORIENTED_EDGE('',*,*,#1407,.F.);
#1407 = EDGE_CURVE('',#1408,#1400,#1410,.T.);
#1408 = VERTEX_POINT('',#1409);
#1409 = CARTESIAN_POINT('',(175.343687,-140.734626,0.));
#1410 = LINE('',#1411,#1412);
#1411 = CARTESIAN_POINT('',(175.343687,-140.734626,0.));
#1412 = VECTOR('',#1413,1.);
#1413 = DIRECTION('',(-0.999042197674,-4.375713960739E-02,0.));
#1414 = ORIENTED_EDGE('',*,*,#1415,.F.);
#1415 = EDGE_CURVE('',#1416,#1408,#1418,.T.);
#1416 = VERTEX_POINT('',#1417);
#1417 = CARTESIAN_POINT('',(177.462963,-140.622481,0.));
#1418 = LINE('',#1419,#1420);
#1419 = CARTESIAN_POINT('',(177.462963,-140.622481,0.));
#1420 = VECTOR('',#1421,1.);
#1421 = DIRECTION('',(-0.998602847253,-5.284272379115E-02,0.));
#1422 = ORIENTED_EDGE('',*,*,#1423,.F.);
#1423 = EDGE_CURVE('',#1424,#1416,#1426,.T.);
#1424 = VERTEX_POINT('',#1425);
#1425 = CARTESIAN_POINT('',(179.456735,-140.497935,0.));
#1426 = LINE('',#1427,#1428);
#1427 = CARTESIAN_POINT('',(179.456735,-140.497935,0.));
#1428 = VECTOR('',#1429,1.);
#1429 = DIRECTION('',(-0.998054595888,-6.234599929149E-02,0.));
#1430 = ORIENTED_EDGE('',*,*,#1431,.F.);
#1431 = EDGE_CURVE('',#1432,#1424,#1434,.T.);
#1432 = VERTEX_POINT('',#1433);
#1433 = CARTESIAN_POINT('',(181.328877,-140.362242,0.));
#1434 = LINE('',#1435,#1436);
#1435 = CARTESIAN_POINT('',(181.328877,-140.362242,0.));
#1436 = VECTOR('',#1437,1.);
#1437 = DIRECTION('',(-0.997383623156,-7.229044376811E-02,0.));
#1438 = ORIENTED_EDGE('',*,*,#1439,.F.);
#1439 = EDGE_CURVE('',#1440,#1432,#1442,.T.);
#1440 = VERTEX_POINT('',#1441);
#1441 = CARTESIAN_POINT('',(183.083263,-140.216658,0.));
#1442 = LINE('',#1443,#1444);
#1443 = CARTESIAN_POINT('',(183.083263,-140.216658,0.));
#1444 = VECTOR('',#1445,1.);
#1445 = DIRECTION('',(-0.99657460171,-8.269862893077E-02,0.));
#1446 = ORIENTED_EDGE('',*,*,#1447,.F.);
#1447 = EDGE_CURVE('',#1448,#1440,#1450,.T.);
#1448 = VERTEX_POINT('',#1449);
#1449 = CARTESIAN_POINT('',(184.723767,-140.062436,0.));
#1450 = LINE('',#1451,#1452);
#1451 = CARTESIAN_POINT('',(184.723767,-140.062436,0.));
#1452 = VECTOR('',#1453,1.);
#1453 = DIRECTION('',(-0.995610237155,-9.359623749436E-02,0.));
#1454 = ORIENTED_EDGE('',*,*,#1455,.F.);
#1455 = EDGE_CURVE('',#1456,#1448,#1458,.T.);
#1456 = VERTEX_POINT('',#1457);
#1457 = CARTESIAN_POINT('',(186.254265,-139.900832,0.));
#1458 = LINE('',#1459,#1460);
#1459 = CARTESIAN_POINT('',(186.254265,-139.900832,0.));
#1460 = VECTOR('',#1461,1.);
#1461 = DIRECTION('',(-0.994471648795,-0.105005427209,0.));
#1462 = ORIENTED_EDGE('',*,*,#1463,.F.);
#1463 = EDGE_CURVE('',#1464,#1456,#1466,.T.);
#1464 = VERTEX_POINT('',#1465);
#1465 = CARTESIAN_POINT('',(187.678629,-139.733101,0.));
#1466 = LINE('',#1467,#1468);
#1467 = CARTESIAN_POINT('',(187.678629,-139.733101,0.));
#1468 = VECTOR('',#1469,1.);
#1469 = DIRECTION('',(-0.99313775274,-0.116950434302,0.));
#1470 = ORIENTED_EDGE('',*,*,#1471,.F.);
#1471 = EDGE_CURVE('',#1472,#1464,#1474,.T.);
#1472 = VERTEX_POINT('',#1473);
#1473 = CARTESIAN_POINT('',(189.000736,-139.560497,0.));
#1474 = LINE('',#1475,#1476);
#1475 = CARTESIAN_POINT('',(189.000736,-139.560497,0.));
#1476 = VECTOR('',#1477,1.);
#1477 = DIRECTION('',(-0.991585470018,-0.129453681485,0.));
#1478 = ORIENTED_EDGE('',*,*,#1479,.F.);
#1479 = EDGE_CURVE('',#1480,#1472,#1482,.T.);
#1480 = VERTEX_POINT('',#1481);
#1481 = CARTESIAN_POINT('',(190.224458,-139.384275,0.));
#1482 = LINE('',#1483,#1484);
#1483 = CARTESIAN_POINT('',(190.224458,-139.384275,0.));
#1484 = VECTOR('',#1485,1.);
#1485 = DIRECTION('',(-0.989789818183,-0.142534612714,0.));
#1486 = ORIENTED_EDGE('',*,*,#1487,.F.);
#1487 = EDGE_CURVE('',#1488,#1480,#1490,.T.);
#1488 = VERTEX_POINT('',#1489);
#1489 = CARTESIAN_POINT('',(191.353671,-139.20569,0.));
#1490 = LINE('',#1491,#1492);
#1491 = CARTESIAN_POINT('',(191.353671,-139.20569,0.));
#1492 = VECTOR('',#1493,1.);
#1493 = DIRECTION('',(-0.987724097966,-0.156208534648,0.));
#1494 = ORIENTED_EDGE('',*,*,#1495,.F.);
#1495 = EDGE_CURVE('',#1496,#1488,#1498,.T.);
#1496 = VERTEX_POINT('',#1497);
#1497 = CARTESIAN_POINT('',(192.392248,-139.025997,0.));
#1498 = LINE('',#1499,#1500);
#1499 = CARTESIAN_POINT('',(192.392248,-139.025997,0.));
#1500 = VECTOR('',#1501,1.);
#1501 = DIRECTION('',(-0.985360183663,-0.170485508039,0.));
#1502 = ORIENTED_EDGE('',*,*,#1503,.F.);
#1503 = EDGE_CURVE('',#1504,#1496,#1506,.T.);
#1504 = VERTEX_POINT('',#1505);
#1505 = CARTESIAN_POINT('',(193.344064,-138.84645,0.));
#1506 = LINE('',#1507,#1508);
#1507 = CARTESIAN_POINT('',(193.344064,-138.84645,0.));
#1508 = VECTOR('',#1509,1.);
#1509 = DIRECTION('',(-0.982669350766,-0.185367060358,0.));
#1510 = ORIENTED_EDGE('',*,*,#1511,.F.);
#1511 = EDGE_CURVE('',#1512,#1504,#1514,.T.);
#1512 = VERTEX_POINT('',#1513);
#1513 = CARTESIAN_POINT('',(194.212993,-138.668303,0.));
#1514 = LINE('',#1515,#1516);
#1515 = CARTESIAN_POINT('',(194.212993,-138.668303,0.));
#1516 = VECTOR('',#1517,1.);
#1517 = DIRECTION('',(-0.979623743715,-0.200841531439,0.));
#1518 = ORIENTED_EDGE('',*,*,#1519,.F.);
#1519 = EDGE_CURVE('',#1520,#1512,#1522,.T.);
#1520 = VERTEX_POINT('',#1521);
#1521 = CARTESIAN_POINT('',(195.00291,-138.492813,0.));
#1522 = LINE('',#1523,#1524);
#1523 = CARTESIAN_POINT('',(195.00291,-138.492813,0.));
#1524 = VECTOR('',#1525,1.);
#1525 = DIRECTION('',(-0.976199387782,-0.216874976183,0.));
#1526 = ORIENTED_EDGE('',*,*,#1527,.F.);
#1527 = EDGE_CURVE('',#1528,#1520,#1530,.T.);
#1528 = VERTEX_POINT('',#1529);
#1529 = CARTESIAN_POINT('',(195.717689,-138.321234,0.));
#1530 = LINE('',#1531,#1532);
#1531 = CARTESIAN_POINT('',(195.717689,-138.321234,0.));
#1532 = VECTOR('',#1533,1.);
#1533 = DIRECTION('',(-0.972377409989,-0.233414165257,0.));
#1534 = ORIENTED_EDGE('',*,*,#1535,.F.);
#1535 = EDGE_CURVE('',#1536,#1528,#1538,.T.);
#1536 = VERTEX_POINT('',#1537);
#1537 = CARTESIAN_POINT('',(196.361204,-138.15482,0.));
#1538 = LINE('',#1539,#1540);
#1539 = CARTESIAN_POINT('',(196.361204,-138.15482,0.));
#1540 = VECTOR('',#1541,1.);
#1541 = DIRECTION('',(-0.968151394696,-0.250365486736,0.));
#1542 = ORIENTED_EDGE('',*,*,#1543,.F.);
#1543 = EDGE_CURVE('',#1544,#1536,#1546,.T.);
#1544 = VERTEX_POINT('',#1545);
#1545 = CARTESIAN_POINT('',(196.93733,-137.994826,0.));
#1546 = LINE('',#1547,#1548);
#1547 = CARTESIAN_POINT('',(196.93733,-137.994826,0.));
#1548 = VECTOR('',#1549,1.);
#1549 = DIRECTION('',(-0.963535590335,-0.267580205094,0.));
#1550 = ORIENTED_EDGE('',*,*,#1551,.F.);
#1551 = EDGE_CURVE('',#1552,#1544,#1554,.T.);
#1552 = VERTEX_POINT('',#1553);
#1553 = CARTESIAN_POINT('',(197.90291,-137.699117,0.));
#1554 = LINE('',#1555,#1556);
#1555 = CARTESIAN_POINT('',(197.90291,-137.699117,0.));
#1556 = VECTOR('',#1557,1.);
#1557 = DIRECTION('',(-0.956165778573,-0.292825893469,0.));
#1558 = ORIENTED_EDGE('',*,*,#1559,.F.);
#1559 = EDGE_CURVE('',#1560,#1552,#1562,.T.);
#1560 = VERTEX_POINT('',#1561);
#1561 = CARTESIAN_POINT('',(198.645424,-137.444147,0.));
#1562 = LINE('',#1563,#1564);
#1563 = CARTESIAN_POINT('',(198.645424,-137.444147,0.));
#1564 = VECTOR('',#1565,1.);
#1565 = DIRECTION('',(-0.945791959885,-0.324773103284,0.));
#1566 = ORIENTED_EDGE('',*,*,#1567,.F.);
#1567 = EDGE_CURVE('',#1568,#1560,#1570,.T.);
#1568 = VERTEX_POINT('',#1569);
#1569 = CARTESIAN_POINT('',(199.195867,-137.239952,0.));
#1570 = LINE('',#1571,#1572);
#1571 = CARTESIAN_POINT('',(199.195867,-137.239952,0.));
#1572 = VECTOR('',#1573,1.);
#1573 = DIRECTION('',(-0.937567105305,-0.347804432189,0.));
#1574 = ORIENTED_EDGE('',*,*,#1575,.F.);
#1575 = EDGE_CURVE('',#1576,#1568,#1578,.T.);
#1576 = VERTEX_POINT('',#1577);
#1577 = CARTESIAN_POINT('',(199.548808,-137.109241,0.));
#1578 = LINE('',#1579,#1580);
#1579 = CARTESIAN_POINT('',(199.548808,-137.109241,0.));
#1580 = VECTOR('',#1581,1.);
#1581 = DIRECTION('',(-0.937755587271,-0.34729592359,0.));
#1582 = ORIENTED_EDGE('',*,*,#1583,.F.);
#1583 = EDGE_CURVE('',#1584,#1576,#1586,.T.);
#1584 = VERTEX_POINT('',#1585);
#1585 = CARTESIAN_POINT('',(199.792672,-137.03441,0.));
#1586 = LINE('',#1587,#1588);
#1587 = CARTESIAN_POINT('',(199.792672,-137.03441,0.));
#1588 = VECTOR('',#1589,1.);
#1589 = DIRECTION('',(-0.956003602322,-0.293354925554,0.));
#1590 = ORIENTED_EDGE('',*,*,#1591,.F.);
#1591 = EDGE_CURVE('',#1592,#1584,#1594,.T.);
#1592 = VERTEX_POINT('',#1593);
#1593 = CARTESIAN_POINT('',(199.92535,-137.017162,0.));
#1594 = LINE('',#1595,#1596);
#1595 = CARTESIAN_POINT('',(199.92535,-137.017162,0.));
#1596 = VECTOR('',#1597,1.);
#1597 = DIRECTION('',(-0.991655751112,-0.128914201263,0.));
#1598 = ORIENTED_EDGE('',*,*,#1599,.F.);
#1599 = EDGE_CURVE('',#1600,#1592,#1602,.T.);
#1600 = VERTEX_POINT('',#1601);
#1601 = CARTESIAN_POINT('',(200.716133,-136.737732,0.));
#1602 = LINE('',#1603,#1604);
#1603 = CARTESIAN_POINT('',(200.716133,-136.737732,0.));
#1604 = VECTOR('',#1605,1.);
#1605 = DIRECTION('',(-0.942866736892,-0.333170101393,0.));
#1606 = ORIENTED_EDGE('',*,*,#1607,.F.);
#1607 = EDGE_CURVE('',#1608,#1600,#1610,.T.);
#1608 = VERTEX_POINT('',#1609);
#1609 = CARTESIAN_POINT('',(201.488273,-136.448764,0.));
#1610 = LINE('',#1611,#1612);
#1611 = CARTESIAN_POINT('',(201.488273,-136.448764,0.));
#1612 = VECTOR('',#1613,1.);
#1613 = DIRECTION('',(-0.936562055771,-0.350501805543,0.));
#1614 = ORIENTED_EDGE('',*,*,#1615,.F.);
#1615 = EDGE_CURVE('',#1616,#1608,#1618,.T.);
#1616 = VERTEX_POINT('',#1617);
#1617 = CARTESIAN_POINT('',(202.241968,-136.150445,0.));
#1618 = LINE('',#1619,#1620);
#1619 = CARTESIAN_POINT('',(202.241968,-136.150445,0.));
#1620 = VECTOR('',#1621,1.);
#1621 = DIRECTION('',(-0.929814467178,-0.368028608435,0.));
#1622 = ORIENTED_EDGE('',*,*,#1623,.F.);
#1623 = EDGE_CURVE('',#1624,#1616,#1626,.T.);
#1624 = VERTEX_POINT('',#1625);
#1625 = CARTESIAN_POINT('',(202.977415,-135.84296,0.));
#1626 = LINE('',#1627,#1628);
#1627 = CARTESIAN_POINT('',(202.977415,-135.84296,0.));
#1628 = VECTOR('',#1629,1.);
#1629 = DIRECTION('',(-0.922609149867,-0.385736122993,0.));
#1630 = ORIENTED_EDGE('',*,*,#1631,.F.);
#1631 = EDGE_CURVE('',#1632,#1624,#1634,.T.);
#1632 = VERTEX_POINT('',#1633);
#1633 = CARTESIAN_POINT('',(203.694808,-135.526494,0.));
#1634 = LINE('',#1635,#1636);
#1635 = CARTESIAN_POINT('',(203.694808,-135.526494,0.));
#1636 = VECTOR('',#1637,1.);
#1637 = DIRECTION('',(-0.914932359998,-0.403607205868,0.));
#1638 = ORIENTED_EDGE('',*,*,#1639,.F.);
#1639 = EDGE_CURVE('',#1640,#1632,#1642,.T.);
#1640 = VERTEX_POINT('',#1641);
#1641 = CARTESIAN_POINT('',(204.394347,-135.201233,0.));
#1642 = LINE('',#1643,#1644);
#1643 = CARTESIAN_POINT('',(204.394347,-135.201233,0.));
#1644 = VECTOR('',#1645,1.);
#1645 = DIRECTION('',(-0.906773634748,-0.421617807173,0.));
#1646 = ORIENTED_EDGE('',*,*,#1647,.F.);
#1647 = EDGE_CURVE('',#1648,#1640,#1650,.T.);
#1648 = VERTEX_POINT('',#1649);
#1649 = CARTESIAN_POINT('',(205.076226,-134.867362,0.));
#1650 = LINE('',#1651,#1652);
#1651 = CARTESIAN_POINT('',(205.076226,-134.867362,0.));
#1652 = VECTOR('',#1653,1.);
#1653 = DIRECTION('',(-0.898120220246,-0.439750008511,0.));
#1654 = ORIENTED_EDGE('',*,*,#1655,.F.);
#1655 = EDGE_CURVE('',#1656,#1648,#1658,.T.);
#1656 = VERTEX_POINT('',#1657);
#1657 = CARTESIAN_POINT('',(205.740643,-134.525066,0.));
#1658 = LINE('',#1659,#1660);
#1659 = CARTESIAN_POINT('',(205.740643,-134.525066,0.));
#1660 = VECTOR('',#1661,1.);
#1661 = DIRECTION('',(-0.888963348561,-0.457978345465,0.));
#1662 = ORIENTED_EDGE('',*,*,#1663,.F.);
#1663 = EDGE_CURVE('',#1664,#1656,#1666,.T.);
#1664 = VERTEX_POINT('',#1665);
#1665 = CARTESIAN_POINT('',(206.387795,-134.174531,0.));
#1666 = LINE('',#1667,#1668);
#1667 = CARTESIAN_POINT('',(206.387795,-134.174531,0.));
#1668 = VECTOR('',#1669,1.);
#1669 = DIRECTION('',(-0.879295190957,-0.476277195716,0.));
#1670 = ORIENTED_EDGE('',*,*,#1671,.F.);
#1671 = EDGE_CURVE('',#1672,#1664,#1674,.T.);
#1672 = VERTEX_POINT('',#1673);
#1673 = CARTESIAN_POINT('',(207.017878,-133.815943,0.));
#1674 = LINE('',#1675,#1676);
#1675 = CARTESIAN_POINT('',(207.017878,-133.815943,0.));
#1676 = VECTOR('',#1677,1.);
#1677 = DIRECTION('',(-0.869108985416,-0.494620633889,0.));
#1678 = ORIENTED_EDGE('',*,*,#1679,.F.);
#1679 = EDGE_CURVE('',#1680,#1672,#1682,.T.);
#1680 = VERTEX_POINT('',#1681);
#1681 = CARTESIAN_POINT('',(207.631088,-133.449487,0.));
#1682 = LINE('',#1683,#1684);
#1683 = CARTESIAN_POINT('',(207.631088,-133.449487,0.));
#1684 = VECTOR('',#1685,1.);
#1685 = DIRECTION('',(-0.858399431949,-0.51298188587,0.));
#1686 = ORIENTED_EDGE('',*,*,#1687,.F.);
#1687 = EDGE_CURVE('',#1688,#1680,#1690,.T.);
#1688 = VERTEX_POINT('',#1689);
#1689 = CARTESIAN_POINT('',(208.227624,-133.075347,0.));
#1690 = LINE('',#1691,#1692);
#1691 = CARTESIAN_POINT('',(208.227624,-133.075347,0.));
#1692 = VECTOR('',#1693,1.);
#1693 = DIRECTION('',(-0.847164321048,-0.531330982668,0.));
#1694 = ORIENTED_EDGE('',*,*,#1695,.F.);
#1695 = EDGE_CURVE('',#1696,#1688,#1698,.T.);
#1696 = VERTEX_POINT('',#1697);
#1697 = CARTESIAN_POINT('',(208.80768,-132.693711,0.));
#1698 = LINE('',#1699,#1700);
#1699 = CARTESIAN_POINT('',(208.80768,-132.693711,0.));
#1700 = VECTOR('',#1701,1.);
#1701 = DIRECTION('',(-0.835403717051,-0.549636816032,0.));
#1702 = ORIENTED_EDGE('',*,*,#1703,.F.);
#1703 = EDGE_CURVE('',#1704,#1696,#1706,.T.);
#1704 = VERTEX_POINT('',#1705);
#1705 = CARTESIAN_POINT('',(209.371454,-132.304762,0.));
#1706 = LINE('',#1707,#1708);
#1707 = CARTESIAN_POINT('',(209.371454,-132.304762,0.));
#1708 = VECTOR('',#1709,1.);
#1709 = DIRECTION('',(-0.823117691133,-0.567870818535,0.));
#1710 = ORIENTED_EDGE('',*,*,#1711,.F.);
#1711 = EDGE_CURVE('',#1712,#1704,#1714,.T.);
#1712 = VERTEX_POINT('',#1713);
#1713 = CARTESIAN_POINT('',(209.919143,-131.908688,0.));
#1714 = LINE('',#1715,#1716);
#1715 = CARTESIAN_POINT('',(209.919143,-131.908688,0.));
#1716 = VECTOR('',#1717,1.);
#1717 = DIRECTION('',(-0.810313318255,-0.585996865401,0.));
#1718 = ORIENTED_EDGE('',*,*,#1719,.F.);
#1719 = EDGE_CURVE('',#1720,#1712,#1722,.T.);
#1720 = VERTEX_POINT('',#1721);
#1721 = CARTESIAN_POINT('',(210.450943,-131.505672,0.));
#1722 = LINE('',#1723,#1724);
#1723 = CARTESIAN_POINT('',(210.450943,-131.505672,0.));
#1724 = VECTOR('',#1725,1.);
#1725 = DIRECTION('',(-0.796993158718,-0.603988331805,0.));
#1726 = ORIENTED_EDGE('',*,*,#1727,.F.);
#1727 = EDGE_CURVE('',#1728,#1720,#1730,.T.);
#1728 = VERTEX_POINT('',#1729);
#1729 = CARTESIAN_POINT('',(210.967051,-131.0959,0.));
#1730 = LINE('',#1731,#1732);
#1731 = CARTESIAN_POINT('',(210.967051,-131.0959,0.));
#1732 = VECTOR('',#1733,1.);
#1733 = DIRECTION('',(-0.783168834084,-0.621809116465,0.));
#1734 = ORIENTED_EDGE('',*,*,#1735,.F.);
#1735 = EDGE_CURVE('',#1736,#1728,#1738,.T.);
#1736 = VERTEX_POINT('',#1737);
#1737 = CARTESIAN_POINT('',(211.467664,-130.679559,0.));
#1738 = LINE('',#1739,#1740);
#1739 = CARTESIAN_POINT('',(211.467664,-130.679559,0.));
#1740 = VECTOR('',#1741,1.);
#1741 = DIRECTION('',(-0.768852732775,-0.639425895085,0.));
#1742 = ORIENTED_EDGE('',*,*,#1743,.F.);
#1743 = EDGE_CURVE('',#1744,#1736,#1746,.T.);
#1744 = VERTEX_POINT('',#1745);
#1745 = CARTESIAN_POINT('',(211.952978,-130.256833,0.));
#1746 = LINE('',#1747,#1748);
#1747 = CARTESIAN_POINT('',(211.952978,-130.256833,0.));
#1748 = VECTOR('',#1749,1.);
#1749 = DIRECTION('',(-0.754056077061,-0.656810043047,0.));
#1750 = ORIENTED_EDGE('',*,*,#1751,.F.);
#1751 = EDGE_CURVE('',#1752,#1744,#1754,.T.);
#1752 = VERTEX_POINT('',#1753);
#1753 = CARTESIAN_POINT('',(212.42319,-129.827907,0.));
#1754 = LINE('',#1755,#1756);
#1755 = CARTESIAN_POINT('',(212.42319,-129.827907,0.));
#1756 = VECTOR('',#1757,1.);
#1757 = DIRECTION('',(-0.738796794501,-0.673928257633,0.));
#1758 = ORIENTED_EDGE('',*,*,#1759,.F.);
#1759 = EDGE_CURVE('',#1760,#1752,#1762,.T.);
#1760 = VERTEX_POINT('',#1761);
#1761 = CARTESIAN_POINT('',(212.878497,-129.392968,0.));
#1762 = LINE('',#1763,#1764);
#1763 = CARTESIAN_POINT('',(212.878497,-129.392968,0.));
#1764 = VECTOR('',#1765,1.);
#1765 = DIRECTION('',(-0.723095498227,-0.690748073066,0.));
#1766 = ORIENTED_EDGE('',*,*,#1767,.F.);
#1767 = EDGE_CURVE('',#1768,#1760,#1770,.T.);
#1768 = VERTEX_POINT('',#1769);
#1769 = CARTESIAN_POINT('',(213.319095,-128.9522,0.));
#1770 = LINE('',#1771,#1772);
#1771 = CARTESIAN_POINT('',(213.319095,-128.9522,0.));
#1772 = VECTOR('',#1773,1.);
#1773 = DIRECTION('',(-0.706970379574,-0.707243156492,0.));
#1774 = ORIENTED_EDGE('',*,*,#1775,.F.);
#1775 = EDGE_CURVE('',#1776,#1768,#1778,.T.);
#1776 = VERTEX_POINT('',#1777);
#1777 = CARTESIAN_POINT('',(213.745181,-128.50579,0.));
#1778 = LINE('',#1779,#1780);
#1779 = CARTESIAN_POINT('',(213.745181,-128.50579,0.));
#1780 = VECTOR('',#1781,1.);
#1781 = DIRECTION('',(-0.690448074266,-0.723381957711,0.));
#1782 = ORIENTED_EDGE('',*,*,#1783,.F.);
#1783 = EDGE_CURVE('',#1784,#1776,#1786,.T.);
#1784 = VERTEX_POINT('',#1785);
#1785 = CARTESIAN_POINT('',(214.156952,-128.053922,0.));
#1786 = LINE('',#1787,#1788);
#1787 = CARTESIAN_POINT('',(214.156952,-128.053922,0.));
#1788 = VECTOR('',#1789,1.);
#1789 = DIRECTION('',(-0.673551704972,-0.739140108998,0.));
#1790 = ORIENTED_EDGE('',*,*,#1791,.F.);
#1791 = EDGE_CURVE('',#1792,#1784,#1794,.T.);
#1792 = VERTEX_POINT('',#1793);
#1793 = CARTESIAN_POINT('',(214.554604,-127.596782,0.));
#1794 = LINE('',#1795,#1796);
#1795 = CARTESIAN_POINT('',(214.554604,-127.596782,0.));
#1796 = VECTOR('',#1797,1.);
#1797 = DIRECTION('',(-0.656309299416,-0.754491950587,0.));
#1798 = ORIENTED_EDGE('',*,*,#1799,.F.);
#1799 = EDGE_CURVE('',#1800,#1792,#1802,.T.);
#1800 = VERTEX_POINT('',#1801);
#1801 = CARTESIAN_POINT('',(214.938334,-127.134555,0.));
#1802 = LINE('',#1803,#1804);
#1803 = CARTESIAN_POINT('',(214.938334,-127.134555,0.));
#1804 = VECTOR('',#1805,1.);
#1805 = DIRECTION('',(-0.638749834984,-0.769414484077,0.));
#1806 = ORIENTED_EDGE('',*,*,#1807,.F.);
#1807 = EDGE_CURVE('',#1808,#1800,#1810,.T.);
#1808 = VERTEX_POINT('',#1809);
#1809 = CARTESIAN_POINT('',(215.308339,-126.667427,0.));
#1810 = LINE('',#1811,#1812);
#1811 = CARTESIAN_POINT('',(215.308339,-126.667427,0.));
#1812 = VECTOR('',#1813,1.);
#1813 = DIRECTION('',(-0.6209044245,-0.783886277234,0.));
#1814 = ORIENTED_EDGE('',*,*,#1815,.F.);
#1815 = EDGE_CURVE('',#1816,#1808,#1818,.T.);
#1816 = VERTEX_POINT('',#1817);
#1817 = CARTESIAN_POINT('',(215.664816,-126.195583,0.));
#1818 = LINE('',#1819,#1820);
#1819 = CARTESIAN_POINT('',(215.664816,-126.195583,0.));
#1820 = VECTOR('',#1821,1.);
#1821 = DIRECTION('',(-0.602803641084,-0.797889572745,0.));
#1822 = ORIENTED_EDGE('',*,*,#1823,.F.);
#1823 = EDGE_CURVE('',#1824,#1816,#1826,.T.);
#1824 = VERTEX_POINT('',#1825);
#1825 = CARTESIAN_POINT('',(216.00796,-125.719209,0.));
#1826 = LINE('',#1827,#1828);
#1827 = CARTESIAN_POINT('',(216.00796,-125.719209,0.));
#1828 = VECTOR('',#1829,1.);
#1829 = DIRECTION('',(-0.584478273514,-0.811409358949,0.));
#1830 = ORIENTED_EDGE('',*,*,#1831,.F.);
#1831 = EDGE_CURVE('',#1832,#1824,#1834,.T.);
#1832 = VERTEX_POINT('',#1833);
#1833 = CARTESIAN_POINT('',(216.33797,-125.23849,0.));
#1834 = LINE('',#1835,#1836);
#1835 = CARTESIAN_POINT('',(216.33797,-125.23849,0.));
#1836 = VECTOR('',#1837,1.);
#1837 = DIRECTION('',(-0.565964680554,-0.824429487807,0.));
#1838 = ORIENTED_EDGE('',*,*,#1839,.F.);
#1839 = EDGE_CURVE('',#1840,#1832,#1842,.T.);
#1840 = VERTEX_POINT('',#1841);
#1841 = CARTESIAN_POINT('',(216.655041,-124.753611,0.));
#1842 = LINE('',#1843,#1844);
#1843 = CARTESIAN_POINT('',(216.655041,-124.753611,0.));
#1844 = VECTOR('',#1845,1.);
#1845 = DIRECTION('',(-0.547291357126,-0.83694215476,0.));
#1846 = ORIENTED_EDGE('',*,*,#1847,.F.);
#1847 = EDGE_CURVE('',#1848,#1840,#1850,.T.);
#1848 = VERTEX_POINT('',#1849);
#1849 = CARTESIAN_POINT('',(216.95937,-124.264759,0.));
#1850 = LINE('',#1851,#1852);
#1851 = CARTESIAN_POINT('',(216.95937,-124.264759,0.));
#1852 = VECTOR('',#1853,1.);
#1853 = DIRECTION('',(-0.52849519488,-0.848936292656,0.));
#1854 = ORIENTED_EDGE('',*,*,#1855,.F.);
#1855 = EDGE_CURVE('',#1856,#1848,#1858,.T.);
#1856 = VERTEX_POINT('',#1857);
#1857 = CARTESIAN_POINT('',(217.251153,-123.772117,0.));
#1858 = LINE('',#1859,#1860);
#1859 = CARTESIAN_POINT('',(217.251153,-123.772117,0.));
#1860 = VECTOR('',#1861,1.);
#1861 = DIRECTION('',(-0.5096046088,-0.860408706773,0.));
#1862 = ORIENTED_EDGE('',*,*,#1863,.F.);
#1863 = EDGE_CURVE('',#1864,#1856,#1866,.T.);
#1864 = VERTEX_POINT('',#1865);
#1865 = CARTESIAN_POINT('',(217.530589,-123.275873,0.));
#1866 = LINE('',#1867,#1868);
#1867 = CARTESIAN_POINT('',(217.530589,-123.275873,0.));
#1868 = VECTOR('',#1869,1.);
#1869 = DIRECTION('',(-0.490659677074,-0.871351296145,0.));
#1870 = ORIENTED_EDGE('',*,*,#1871,.F.);
#1871 = EDGE_CURVE('',#1872,#1864,#1874,.T.);
#1872 = VERTEX_POINT('',#1873);
#1873 = CARTESIAN_POINT('',(217.797873,-122.776211,0.));
#1874 = LINE('',#1875,#1876);
#1875 = CARTESIAN_POINT('',(217.797873,-122.776211,0.));
#1876 = VECTOR('',#1877,1.);
#1877 = DIRECTION('',(-0.471683713856,-0.881767811889,0.));
#1878 = ORIENTED_EDGE('',*,*,#1879,.F.);
#1879 = EDGE_CURVE('',#1880,#1872,#1882,.T.);
#1880 = VERTEX_POINT('',#1881);
#1881 = CARTESIAN_POINT('',(218.053201,-122.273317,0.));
#1882 = LINE('',#1883,#1884);
#1883 = CARTESIAN_POINT('',(218.053201,-122.273317,0.));
#1884 = VECTOR('',#1885,1.);
#1885 = DIRECTION('',(-0.452710100228,-0.891657762346,0.));
#1886 = ORIENTED_EDGE('',*,*,#1887,.F.);
#1887 = EDGE_CURVE('',#1888,#1880,#1890,.T.);
#1888 = VERTEX_POINT('',#1889);
#1889 = CARTESIAN_POINT('',(218.296771,-121.767375,0.));
#1890 = LINE('',#1891,#1892);
#1891 = CARTESIAN_POINT('',(218.296771,-121.767375,0.));
#1892 = VECTOR('',#1893,1.);
#1893 = DIRECTION('',(-0.433769783269,-0.901023737269,0.));
#1894 = ORIENTED_EDGE('',*,*,#1895,.F.);
#1895 = EDGE_CURVE('',#1896,#1888,#1898,.T.);
#1896 = VERTEX_POINT('',#1897);
#1897 = CARTESIAN_POINT('',(218.52878,-121.258573,0.));
#1898 = LINE('',#1899,#1900);
#1899 = CARTESIAN_POINT('',(218.52878,-121.258573,0.));
#1900 = VECTOR('',#1901,1.);
#1901 = DIRECTION('',(-0.414892494469,-0.909870440246,0.));
#1902 = ORIENTED_EDGE('',*,*,#1903,.F.);
#1903 = EDGE_CURVE('',#1904,#1896,#1906,.T.);
#1904 = VERTEX_POINT('',#1905);
#1905 = CARTESIAN_POINT('',(218.749423,-120.747094,0.));
#1906 = LINE('',#1907,#1908);
#1907 = CARTESIAN_POINT('',(218.749423,-120.747094,0.));
#1908 = VECTOR('',#1909,1.);
#1909 = DIRECTION('',(-0.3960986792,-0.918207948308,0.));
#1910 = ORIENTED_EDGE('',*,*,#1911,.F.);
#1911 = EDGE_CURVE('',#1912,#1904,#1914,.T.);
#1912 = VERTEX_POINT('',#1913);
#1913 = CARTESIAN_POINT('',(218.958898,-120.233125,0.));
#1914 = LINE('',#1915,#1916);
#1915 = CARTESIAN_POINT('',(218.958898,-120.233125,0.));
#1916 = VECTOR('',#1917,1.);
#1917 = DIRECTION('',(-0.377420848332,-0.926041847458,0.));
#1918 = ORIENTED_EDGE('',*,*,#1919,.F.);
#1919 = EDGE_CURVE('',#1920,#1912,#1922,.T.);
#1920 = VERTEX_POINT('',#1921);
#1921 = CARTESIAN_POINT('',(219.157401,-119.71685,0.));
#1922 = LINE('',#1923,#1924);
#1923 = CARTESIAN_POINT('',(219.157401,-119.71685,0.));
#1924 = VECTOR('',#1925,1.);
#1925 = DIRECTION('',(-0.358877796327,-0.933384554888,0.));
#1926 = ORIENTED_EDGE('',*,*,#1927,.F.);
#1927 = EDGE_CURVE('',#1928,#1920,#1930,.T.);
#1928 = VERTEX_POINT('',#1929);
#1929 = CARTESIAN_POINT('',(219.345129,-119.198456,0.));
#1930 = LINE('',#1931,#1932);
#1931 = CARTESIAN_POINT('',(219.345129,-119.198456,0.));
#1932 = VECTOR('',#1933,1.);
#1933 = DIRECTION('',(-0.340494995564,-0.940246328361,0.));
#1934 = ORIENTED_EDGE('',*,*,#1935,.F.);
#1935 = EDGE_CURVE('',#1936,#1928,#1938,.T.);
#1936 = VERTEX_POINT('',#1937);
#1937 = CARTESIAN_POINT('',(219.522279,-118.678128,0.));
#1938 = LINE('',#1939,#1940);
#1939 = CARTESIAN_POINT('',(219.522279,-118.678128,0.));
#1940 = VECTOR('',#1941,1.);
#1941 = DIRECTION('',(-0.322291618052,-0.946640434872,0.));
#1942 = ORIENTED_EDGE('',*,*,#1943,.F.);
#1943 = EDGE_CURVE('',#1944,#1936,#1946,.T.);
#1944 = VERTEX_POINT('',#1945);
#1945 = CARTESIAN_POINT('',(219.689048,-118.156051,0.));
#1946 = LINE('',#1947,#1948);
#1947 = CARTESIAN_POINT('',(219.689048,-118.156051,0.));
#1948 = VECTOR('',#1949,1.);
#1949 = DIRECTION('',(-0.304286368915,-0.952580603252,0.));
#1950 = ORIENTED_EDGE('',*,*,#1951,.F.);
#1951 = EDGE_CURVE('',#1952,#1944,#1954,.T.);
#1952 = VERTEX_POINT('',#1953);
#1953 = CARTESIAN_POINT('',(219.845631,-117.63241,0.));
#1954 = LINE('',#1955,#1956);
#1955 = CARTESIAN_POINT('',(219.845631,-117.63241,0.));
#1956 = VECTOR('',#1957,1.);
#1957 = DIRECTION('',(-0.286492869008,-0.958082374333,0.));
#1958 = ORIENTED_EDGE('',*,*,#1959,.F.);
#1959 = EDGE_CURVE('',#1960,#1952,#1962,.T.);
#1960 = VERTEX_POINT('',#1961);
#1961 = CARTESIAN_POINT('',(219.992226,-117.107392,0.));
#1962 = LINE('',#1963,#1964);
#1963 = CARTESIAN_POINT('',(219.992226,-117.107392,0.));
#1964 = VECTOR('',#1965,1.);
#1965 = DIRECTION('',(-0.268932313082,-0.963159078751,0.));
#1966 = ORIENTED_EDGE('',*,*,#1967,.F.);
#1967 = EDGE_CURVE('',#1968,#1960,#1970,.T.);
#1968 = VERTEX_POINT('',#1969);
#1969 = CARTESIAN_POINT('',(220.256238,-116.053963,0.));
#1970 = LINE('',#1971,#1972);
#1971 = CARTESIAN_POINT('',(220.256238,-116.053963,0.));
#1972 = VECTOR('',#1973,1.);
#1973 = DIRECTION('',(-0.243103014795,-0.97000047639,0.));
#1974 = ORIENTED_EDGE('',*,*,#1975,.F.);
#1975 = EDGE_CURVE('',#1976,#1968,#1978,.T.);
#1976 = VERTEX_POINT('',#1977);
#1977 = CARTESIAN_POINT('',(220.482657,-114.997247,0.));
#1978 = LINE('',#1979,#1980);
#1979 = CARTESIAN_POINT('',(220.482657,-114.997247,0.));
#1980 = VECTOR('',#1981,1.);
#1981 = DIRECTION('',(-0.209511268282,-0.977806232575,0.));
#1982 = ORIENTED_EDGE('',*,*,#1983,.F.);
#1983 = EDGE_CURVE('',#1984,#1976,#1986,.T.);
#1984 = VERTEX_POINT('',#1985);
#1985 = CARTESIAN_POINT('',(220.673057,-113.938729,0.));
#1986 = LINE('',#1987,#1988);
#1987 = CARTESIAN_POINT('',(220.673057,-113.938729,0.));
#1988 = VECTOR('',#1989,1.);
#1989 = DIRECTION('',(-0.177032999025,-0.984204916293,0.));
#1990 = ORIENTED_EDGE('',*,*,#1991,.F.);
#1991 = EDGE_CURVE('',#1992,#1984,#1994,.T.);
#1992 = VERTEX_POINT('',#1993);
#1993 = CARTESIAN_POINT('',(220.82901,-112.87989,0.));
#1994 = LINE('',#1995,#1996);
#1995 = CARTESIAN_POINT('',(220.82901,-112.87989,0.));
#1996 = VECTOR('',#1997,1.);
#1997 = DIRECTION('',(-0.145714748319,-0.989326645816,0.));
#1998 = ORIENTED_EDGE('',*,*,#1999,.F.);
#1999 = EDGE_CURVE('',#2000,#1992,#2002,.T.);
#2000 = VERTEX_POINT('',#2001);
#2001 = CARTESIAN_POINT('',(220.952091,-111.822216,0.));
#2002 = LINE('',#2003,#2004);
#2003 = CARTESIAN_POINT('',(220.952091,-111.822216,0.));
#2004 = VECTOR('',#2005,1.);
#2005 = DIRECTION('',(-0.115589488563,-0.993297070435,0.));
#2006 = ORIENTED_EDGE('',*,*,#2007,.F.);
#2007 = EDGE_CURVE('',#2008,#2000,#2010,.T.);
#2008 = VERTEX_POINT('',#2009);
#2009 = CARTESIAN_POINT('',(221.043873,-110.767189,0.));
#2010 = LINE('',#2011,#2012);
#2011 = CARTESIAN_POINT('',(221.043873,-110.767189,0.));
#2012 = VECTOR('',#2013,1.);
#2013 = DIRECTION('',(-8.666759287361E-02,-0.996237285161,0.));
#2014 = ORIENTED_EDGE('',*,*,#2015,.F.);
#2015 = EDGE_CURVE('',#2016,#2008,#2018,.T.);
#2016 = VERTEX_POINT('',#2017);
#2017 = CARTESIAN_POINT('',(221.105929,-109.716293,0.));
#2018 = LINE('',#2019,#2020);
#2019 = CARTESIAN_POINT('',(221.105929,-109.716293,0.));
#2020 = VECTOR('',#2021,1.);
#2021 = DIRECTION('',(-5.894787729617E-02,-0.998261061928,0.));
#2022 = ORIENTED_EDGE('',*,*,#2023,.F.);
#2023 = EDGE_CURVE('',#2024,#2016,#2026,.T.);
#2024 = VERTEX_POINT('',#2025);
#2025 = CARTESIAN_POINT('',(221.139833,-108.671011,0.));
#2026 = LINE('',#2027,#2028);
#2027 = CARTESIAN_POINT('',(221.139833,-108.671011,0.));
#2028 = VECTOR('',#2029,1.);
#2029 = DIRECTION('',(-3.241821801899E-02,-0.999474391438,0.));
#2030 = ORIENTED_EDGE('',*,*,#2031,.F.);
#2031 = EDGE_CURVE('',#2032,#2024,#2034,.T.);
#2032 = VERTEX_POINT('',#2033);
#2033 = CARTESIAN_POINT('',(221.147158,-107.632826,0.));
#2034 = LINE('',#2035,#2036);
#2035 = CARTESIAN_POINT('',(221.147158,-107.632826,0.));
#2036 = VECTOR('',#2037,1.);
#2037 = DIRECTION('',(-7.055406967906E-03,-0.999975110307,0.));
#2038 = ORIENTED_EDGE('',*,*,#2039,.F.);
#2039 = EDGE_CURVE('',#2040,#2032,#2042,.T.);
#2040 = VERTEX_POINT('',#2041);
#2041 = CARTESIAN_POINT('',(221.129478,-106.603223,0.));
#2042 = LINE('',#2043,#2044);
#2043 = CARTESIAN_POINT('',(221.129478,-106.603223,0.));
#2044 = VECTOR('',#2045,1.);
#2045 = DIRECTION('',(1.716913602574E-02,-0.999852599521,0.));
#2046 = ORIENTED_EDGE('',*,*,#2047,.F.);
#2047 = EDGE_CURVE('',#2048,#2040,#2050,.T.);
#2048 = VERTEX_POINT('',#2049);
#2049 = CARTESIAN_POINT('',(221.088366,-105.583685,0.));
#2050 = LINE('',#2051,#2052);
#2051 = CARTESIAN_POINT('',(221.088366,-105.583685,0.));
#2052 = VECTOR('',#2053,1.);
#2053 = DIRECTION('',(4.0291402473E-02,-0.999187971748,0.));
#2054 = ORIENTED_EDGE('',*,*,#2055,.F.);
#2055 = EDGE_CURVE('',#2056,#2048,#2058,.T.);
#2056 = VERTEX_POINT('',#2057);
#2057 = CARTESIAN_POINT('',(221.025395,-104.575695,0.));
#2058 = LINE('',#2059,#2060);
#2059 = CARTESIAN_POINT('',(221.025395,-104.575695,0.));
#2060 = VECTOR('',#2061,1.);
#2061 = DIRECTION('',(6.235030014093E-02,-0.998054327215,0.));
#2062 = ORIENTED_EDGE('',*,*,#2063,.F.);
#2063 = EDGE_CURVE('',#2064,#2056,#2066,.T.);
#2064 = VERTEX_POINT('',#2065);
#2065 = CARTESIAN_POINT('',(220.94214,-103.580736,0.));
#2066 = LINE('',#2067,#2068);
#2067 = CARTESIAN_POINT('',(220.94214,-103.580736,0.));
#2068 = VECTOR('',#2069,1.);
#2069 = DIRECTION('',(8.33853997068E-02,-0.996517373213,0.));
#2070 = ORIENTED_EDGE('',*,*,#2071,.F.);
#2071 = EDGE_CURVE('',#2072,#2064,#2074,.T.);
#2072 = VERTEX_POINT('',#2073);
#2073 = CARTESIAN_POINT('',(220.840173,-102.600293,0.));
#2074 = LINE('',#2075,#2076);
#2075 = CARTESIAN_POINT('',(220.840173,-102.600293,0.));
#2076 = VECTOR('',#2077,1.);
#2077 = DIRECTION('',(0.103443021071,-0.994635381128,0.));
#2078 = ORIENTED_EDGE('',*,*,#2079,.F.);
#2079 = EDGE_CURVE('',#2080,#2072,#2082,.T.);
#2080 = VERTEX_POINT('',#2081);
#2081 = CARTESIAN_POINT('',(220.721068,-101.635849,0.));
#2082 = LINE('',#2083,#2084);
#2083 = CARTESIAN_POINT('',(220.721068,-101.635849,0.));
#2084 = VECTOR('',#2085,1.);
#2085 = DIRECTION('',(0.122564926054,-0.992460497401,0.));
#2086 = ORIENTED_EDGE('',*,*,#2087,.F.);
#2087 = EDGE_CURVE('',#2088,#2080,#2090,.T.);
#2088 = VERTEX_POINT('',#2089);
#2089 = CARTESIAN_POINT('',(220.586399,-100.688886,0.));
#2090 = LINE('',#2091,#2092);
#2091 = CARTESIAN_POINT('',(220.586399,-100.688886,0.));
#2092 = VECTOR('',#2093,1.);
#2093 = DIRECTION('',(0.140794871298,-0.990038789248,0.));
#2094 = ORIENTED_EDGE('',*,*,#2095,.F.);
#2095 = EDGE_CURVE('',#2096,#2088,#2098,.T.);
#2096 = VERTEX_POINT('',#2097);
#2097 = CARTESIAN_POINT('',(220.437739,-99.760889,0.));
#2098 = LINE('',#2099,#2100);
#2099 = CARTESIAN_POINT('',(220.437739,-99.760889,0.));
#2100 = VECTOR('',#2101,1.);
#2101 = DIRECTION('',(0.158177739851,-0.987410655511,0.));
#2102 = ORIENTED_EDGE('',*,*,#2103,.F.);
#2103 = EDGE_CURVE('',#2104,#2096,#2106,.T.);
#2104 = VERTEX_POINT('',#2105);
#2105 = CARTESIAN_POINT('',(220.27666,-98.853341,0.));
#2106 = LINE('',#2107,#2108);
#2107 = CARTESIAN_POINT('',(220.27666,-98.853341,0.));
#2108 = VECTOR('',#2109,1.);
#2109 = DIRECTION('',(0.174756877269,-0.984611615739,0.));
#2110 = ORIENTED_EDGE('',*,*,#2111,.F.);
#2111 = EDGE_CURVE('',#2112,#2104,#2114,.T.);
#2112 = VERTEX_POINT('',#2113);
#2113 = CARTESIAN_POINT('',(220.104738,-97.967726,0.));
#2114 = LINE('',#2115,#2116);
#2115 = CARTESIAN_POINT('',(220.104738,-97.967726,0.));
#2116 = VECTOR('',#2117,1.);
#2117 = DIRECTION('',(0.190569607939,-0.981673685361,0.));
#2118 = ORIENTED_EDGE('',*,*,#2119,.F.);
#2119 = EDGE_CURVE('',#2120,#2112,#2122,.T.);
#2120 = VERTEX_POINT('',#2121);
#2121 = CARTESIAN_POINT('',(219.923545,-97.105527,0.));
#2122 = LINE('',#2123,#2124);
#2123 = CARTESIAN_POINT('',(219.923545,-97.105527,0.));
#2124 = VECTOR('',#2125,1.);
#2125 = DIRECTION('',(0.205659869361,-0.978623532383,0.));
#2126 = ORIENTED_EDGE('',*,*,#2127,.F.);
#2127 = EDGE_CURVE('',#2128,#2120,#2130,.T.);
#2128 = VERTEX_POINT('',#2129);
#2129 = CARTESIAN_POINT('',(219.734655,-96.268227,0.));
#2130 = LINE('',#2131,#2132);
#2131 = CARTESIAN_POINT('',(219.734655,-96.268227,0.));
#2132 = VECTOR('',#2133,1.);
#2133 = DIRECTION('',(0.22006383727,-0.97548547274,0.));
#2134 = ORIENTED_EDGE('',*,*,#2135,.F.);
#2135 = EDGE_CURVE('',#2136,#2128,#2138,.T.);
#2136 = VERTEX_POINT('',#2137);
#2137 = CARTESIAN_POINT('',(219.53964,-95.457311,0.));
#2138 = LINE('',#2139,#2140);
#2139 = CARTESIAN_POINT('',(219.53964,-95.457311,0.));
#2140 = VECTOR('',#2141,1.);
#2141 = DIRECTION('',(0.233820916218,-0.972279681542,0.));
#2142 = ORIENTED_EDGE('',*,*,#2143,.F.);
#2143 = EDGE_CURVE('',#2144,#2136,#2146,.T.);
#2144 = VERTEX_POINT('',#2145);
#2145 = CARTESIAN_POINT('',(219.340076,-94.67426,0.));
#2146 = LINE('',#2147,#2148);
#2147 = CARTESIAN_POINT('',(219.340076,-94.67426,0.));
#2148 = VECTOR('',#2149,1.);
#2149 = DIRECTION('',(0.246960437461,-0.9690255633,0.));
#2150 = ORIENTED_EDGE('',*,*,#2151,.F.);
#2151 = EDGE_CURVE('',#2152,#2144,#2154,.T.);
#2152 = VERTEX_POINT('',#2153);
#2153 = CARTESIAN_POINT('',(218.933589,-93.197693,0.));
#2154 = LINE('',#2155,#2156);
#2155 = CARTESIAN_POINT('',(218.933589,-93.197693,0.));
#2156 = VECTOR('',#2157,1.);
#2157 = DIRECTION('',(0.265418156501,-0.964133394401,0.));
#2158 = ORIENTED_EDGE('',*,*,#2159,.F.);
#2159 = EDGE_CURVE('',#2160,#2152,#2162,.T.);
#2160 = VERTEX_POINT('',#2161);
#2161 = CARTESIAN_POINT('',(218.527783,-91.850394,0.));
#2162 = LINE('',#2163,#2164);
#2163 = CARTESIAN_POINT('',(218.527783,-91.850394,0.));
#2164 = VECTOR('',#2165,1.);
#2165 = DIRECTION('',(0.288401551462,-0.957509553537,0.));
#2166 = ORIENTED_EDGE('',*,*,#2167,.F.);
#2167 = EDGE_CURVE('',#2168,#2160,#2170,.T.);
#2168 = VERTEX_POINT('',#2169);
#2169 = CARTESIAN_POINT('',(218.135244,-90.644229,0.));
#2170 = LINE('',#2171,#2172);
#2171 = CARTESIAN_POINT('',(218.135244,-90.644229,0.));
#2172 = VECTOR('',#2173,1.);
#2173 = DIRECTION('',(0.309467800819,-0.950909922262,0.));
#2174 = ORIENTED_EDGE('',*,*,#2175,.F.);
#2175 = EDGE_CURVE('',#2176,#2168,#2178,.T.);
#2176 = VERTEX_POINT('',#2177);
#2177 = CARTESIAN_POINT('',(217.768561,-89.591068,0.));
#2178 = LINE('',#2179,#2180);
#2179 = CARTESIAN_POINT('',(217.768561,-89.591068,0.));
#2180 = VECTOR('',#2181,1.);
#2181 = DIRECTION('',(0.328813493158,-0.944394878595,0.));
#2182 = ORIENTED_EDGE('',*,*,#2183,.F.);
#2183 = EDGE_CURVE('',#2184,#2176,#2186,.T.);
#2184 = VERTEX_POINT('',#2185);
#2185 = CARTESIAN_POINT('',(217.44032,-88.702779,0.));
#2186 = LINE('',#2187,#2188);
#2187 = CARTESIAN_POINT('',(217.44032,-88.702779,0.));
#2188 = VECTOR('',#2189,1.);
#2189 = DIRECTION('',(0.346613239987,-0.938008135288,0.));
#2190 = ORIENTED_EDGE('',*,*,#2191,.F.);
#2191 = EDGE_CURVE('',#2192,#2184,#2194,.T.);
#2192 = VERTEX_POINT('',#2193);
#2193 = CARTESIAN_POINT('',(217.16311,-87.991228,0.));
#2194 = LINE('',#2195,#2196);
#2195 = CARTESIAN_POINT('',(217.16311,-87.991228,0.));
#2196 = VECTOR('',#2197,1.);
#2197 = DIRECTION('',(0.363010071778,-0.931785215481,0.));
#2198 = ORIENTED_EDGE('',*,*,#2199,.F.);
#2199 = EDGE_CURVE('',#2200,#2192,#2202,.T.);
#2200 = VERTEX_POINT('',#2201);
#2201 = CARTESIAN_POINT('',(216.949518,-87.468284,0.));
#2202 = LINE('',#2203,#2204);
#2203 = CARTESIAN_POINT('',(216.949518,-87.468284,0.));
#2204 = VECTOR('',#2205,1.);
#2205 = DIRECTION('',(0.378117732626,-0.925757516996,0.));
#2206 = ORIENTED_EDGE('',*,*,#2207,.F.);
#2207 = EDGE_CURVE('',#2208,#2200,#2210,.T.);
#2208 = VERTEX_POINT('',#2209);
#2209 = CARTESIAN_POINT('',(216.763539,-87.035687,0.));
#2210 = LINE('',#2211,#2212);
#2211 = CARTESIAN_POINT('',(216.763539,-87.035687,0.));
#2212 = VECTOR('',#2213,1.);
#2213 = DIRECTION('',(0.394960162427,-0.918698247574,0.));
#2214 = ORIENTED_EDGE('',*,*,#2215,.F.);
#2215 = EDGE_CURVE('',#2216,#2208,#2218,.T.);
#2216 = VERTEX_POINT('',#2217);
#2217 = CARTESIAN_POINT('',(216.40334,-85.952475,0.));
#2218 = LINE('',#2219,#2220);
#2219 = CARTESIAN_POINT('',(216.40334,-85.952475,0.));
#2220 = VECTOR('',#2221,1.);
#2221 = DIRECTION('',(0.315540447706,-0.948912127576,0.));
#2222 = ORIENTED_EDGE('',*,*,#2223,.F.);
#2223 = EDGE_CURVE('',#2224,#2216,#2226,.T.);
#2224 = VERTEX_POINT('',#2225);
#2225 = CARTESIAN_POINT('',(216.038606,-84.896675,0.));
#2226 = LINE('',#2227,#2228);
#2227 = CARTESIAN_POINT('',(216.038606,-84.896675,0.));
#2228 = VECTOR('',#2229,1.);
#2229 = DIRECTION('',(0.326522724873,-0.945189351475,0.));
#2230 = ORIENTED_EDGE('',*,*,#2231,.F.);
#2231 = EDGE_CURVE('',#2232,#2224,#2234,.T.);
#2232 = VERTEX_POINT('',#2233);
#2233 = CARTESIAN_POINT('',(215.669664,-83.867953,0.));
#2234 = LINE('',#2235,#2236);
#2235 = CARTESIAN_POINT('',(215.669664,-83.867953,0.));
#2236 = VECTOR('',#2237,1.);
#2237 = DIRECTION('',(0.337586861526,-0.941294380587,0.));
#2238 = ORIENTED_EDGE('',*,*,#2239,.F.);
#2239 = EDGE_CURVE('',#2240,#2232,#2242,.T.);
#2240 = VERTEX_POINT('',#2241);
#2241 = CARTESIAN_POINT('',(215.296841,-82.865979,0.));
#2242 = LINE('',#2243,#2244);
#2243 = CARTESIAN_POINT('',(215.296841,-82.865979,0.));
#2244 = VECTOR('',#2245,1.);
#2245 = DIRECTION('',(0.348729986064,-0.937223237452,0.));
#2246 = ORIENTED_EDGE('',*,*,#2247,.F.);
#2247 = EDGE_CURVE('',#2248,#2240,#2250,.T.);
#2248 = VERTEX_POINT('',#2249);
#2249 = CARTESIAN_POINT('',(214.920463,-81.890423,0.));
#2250 = LINE('',#2251,#2252);
#2251 = CARTESIAN_POINT('',(214.920463,-81.890423,0.));
#2252 = VECTOR('',#2253,1.);
#2253 = DIRECTION('',(0.359948751629,-0.93297207686,0.));
#2254 = ORIENTED_EDGE('',*,*,#2255,.F.);
#2255 = EDGE_CURVE('',#2256,#2248,#2258,.T.);
#2256 = VERTEX_POINT('',#2257);
#2257 = CARTESIAN_POINT('',(214.540857,-80.940951,0.));
#2258 = LINE('',#2259,#2260);
#2259 = CARTESIAN_POINT('',(214.540857,-80.940951,0.));
#2260 = VECTOR('',#2261,1.);
#2261 = DIRECTION('',(0.371236559445,-0.928538322812,0.));
#2262 = ORIENTED_EDGE('',*,*,#2263,.F.);
#2263 = EDGE_CURVE('',#2264,#2256,#2266,.T.);
#2264 = VERTEX_POINT('',#2265);
#2265 = CARTESIAN_POINT('',(214.15835,-80.017234,0.));
#2266 = LINE('',#2267,#2268);
#2267 = CARTESIAN_POINT('',(214.15835,-80.017234,0.));
#2268 = VECTOR('',#2269,1.);
#2269 = DIRECTION('',(0.382590279621,-0.92391811214,0.));
#2270 = ORIENTED_EDGE('',*,*,#2271,.F.);
#2271 = EDGE_CURVE('',#2272,#2264,#2274,.T.);
#2272 = VERTEX_POINT('',#2273);
#2273 = CARTESIAN_POINT('',(213.773268,-79.11894,0.));
#2274 = LINE('',#2275,#2276);
#2275 = CARTESIAN_POINT('',(213.773268,-79.11894,0.));
#2276 = VECTOR('',#2277,1.);
#2277 = DIRECTION('',(0.394004749299,-0.919108403579,0.));
#2278 = ORIENTED_EDGE('',*,*,#2279,.F.);
#2279 = EDGE_CURVE('',#2280,#2272,#2282,.T.);
#2280 = VERTEX_POINT('',#2281);
#2281 = CARTESIAN_POINT('',(213.385938,-78.245738,0.));
#2282 = LINE('',#2283,#2284);
#2283 = CARTESIAN_POINT('',(213.385938,-78.245738,0.));
#2284 = VECTOR('',#2285,1.);
#2285 = DIRECTION('',(0.405474184666,-0.914106495749,0.));
#2286 = ORIENTED_EDGE('',*,*,#2287,.F.);
#2287 = EDGE_CURVE('',#2288,#2280,#2290,.T.);
#2288 = VERTEX_POINT('',#2289);
#2289 = CARTESIAN_POINT('',(212.996686,-77.397295,0.));
#2290 = LINE('',#2291,#2292);
#2291 = CARTESIAN_POINT('',(212.996686,-77.397295,0.));
#2292 = VECTOR('',#2293,1.);
#2293 = DIRECTION('',(0.416993122311,-0.908909641243,0.));
#2294 = ORIENTED_EDGE('',*,*,#2295,.F.);
#2295 = EDGE_CURVE('',#2296,#2288,#2298,.T.);
#2296 = VERTEX_POINT('',#2297);
#2297 = CARTESIAN_POINT('',(212.60584,-76.573282,0.));
#2298 = LINE('',#2299,#2300);
#2299 = CARTESIAN_POINT('',(212.60584,-76.573282,0.));
#2300 = VECTOR('',#2301,1.);
#2301 = DIRECTION('',(0.428555598673,-0.903515411516,0.));
#2302 = ORIENTED_EDGE('',*,*,#2303,.F.);
#2303 = EDGE_CURVE('',#2304,#2296,#2306,.T.);
#2304 = VERTEX_POINT('',#2305);
#2305 = CARTESIAN_POINT('',(212.213725,-75.773367,0.));
#2306 = LINE('',#2307,#2308);
#2307 = CARTESIAN_POINT('',(212.213725,-75.773367,0.));
#2308 = VECTOR('',#2309,1.);
#2309 = DIRECTION('',(0.440157039563,-0.897920809717,0.));
#2310 = ORIENTED_EDGE('',*,*,#2311,.F.);
#2311 = EDGE_CURVE('',#2312,#2304,#2314,.T.);
#2312 = VERTEX_POINT('',#2313);
#2313 = CARTESIAN_POINT('',(211.820668,-74.997219,0.));
#2314 = LINE('',#2315,#2316);
#2315 = CARTESIAN_POINT('',(211.820668,-74.997219,0.));
#2316 = VECTOR('',#2317,1.);
#2317 = DIRECTION('',(0.451789797486,-0.89212441895,0.));
#2318 = ORIENTED_EDGE('',*,*,#2319,.F.);
#2319 = EDGE_CURVE('',#2320,#2312,#2322,.T.);
#2320 = VERTEX_POINT('',#2321);
#2321 = CARTESIAN_POINT('',(211.426997,-74.244506,0.));
#2322 = LINE('',#2323,#2324);
#2323 = CARTESIAN_POINT('',(211.426997,-74.244506,0.));
#2324 = VECTOR('',#2325,1.);
#2325 = DIRECTION('',(0.463445948023,-0.886125190513,0.));
#2326 = ORIENTED_EDGE('',*,*,#2327,.F.);
#2327 = EDGE_CURVE('',#2328,#2320,#2330,.T.);
#2328 = VERTEX_POINT('',#2329);
#2329 = CARTESIAN_POINT('',(211.033037,-73.514896,0.));
#2330 = LINE('',#2331,#2332);
#2331 = CARTESIAN_POINT('',(211.033037,-73.514896,0.));
#2332 = VECTOR('',#2333,1.);
#2333 = DIRECTION('',(0.475121462641,-0.879920221235,0.));
#2334 = ORIENTED_EDGE('',*,*,#2335,.F.);
#2335 = EDGE_CURVE('',#2336,#2328,#2338,.T.);
#2336 = VERTEX_POINT('',#2337);
#2337 = CARTESIAN_POINT('',(210.639115,-72.80806,0.));
#2338 = LINE('',#2339,#2340);
#2339 = CARTESIAN_POINT('',(210.639115,-72.80806,0.));
#2340 = VECTOR('',#2341,1.);
#2341 = DIRECTION('',(0.486809071248,-0.873508401878,0.));
#2342 = ORIENTED_EDGE('',*,*,#2343,.F.);
#2343 = EDGE_CURVE('',#2344,#2336,#2346,.T.);
#2344 = VERTEX_POINT('',#2345);
#2345 = CARTESIAN_POINT('',(210.245559,-72.123665,0.));
#2346 = LINE('',#2347,#2348);
#2347 = CARTESIAN_POINT('',(210.245559,-72.123665,0.));
#2348 = VECTOR('',#2349,1.);
#2349 = DIRECTION('',(0.498498610779,-0.866890497728,0.));
#2350 = ORIENTED_EDGE('',*,*,#2351,.F.);
#2351 = EDGE_CURVE('',#2352,#2344,#2354,.T.);
#2352 = VERTEX_POINT('',#2353);
#2353 = CARTESIAN_POINT('',(209.852694,-71.46138,0.));
#2354 = LINE('',#2355,#2356);
#2355 = CARTESIAN_POINT('',(209.852694,-71.46138,0.));
#2356 = VECTOR('',#2357,1.);
#2357 = DIRECTION('',(0.510186608927,-0.860063732564,0.));
#2358 = ORIENTED_EDGE('',*,*,#2359,.F.);
#2359 = EDGE_CURVE('',#2360,#2352,#2362,.T.);
#2360 = VERTEX_POINT('',#2361);
#2361 = CARTESIAN_POINT('',(209.460847,-70.820874,0.));
#2362 = LINE('',#2363,#2364);
#2363 = CARTESIAN_POINT('',(209.460847,-70.820874,0.));
#2364 = VECTOR('',#2365,1.);
#2365 = DIRECTION('',(0.521863675533,-0.853028899956,0.));
#2366 = ORIENTED_EDGE('',*,*,#2367,.F.);
#2367 = EDGE_CURVE('',#2368,#2360,#2370,.T.);
#2368 = VERTEX_POINT('',#2369);
#2369 = CARTESIAN_POINT('',(209.070344,-70.201815,0.));
#2370 = LINE('',#2371,#2372);
#2371 = CARTESIAN_POINT('',(209.070344,-70.201815,0.));
#2372 = VECTOR('',#2373,1.);
#2373 = DIRECTION('',(0.533522517578,-0.845785861337,0.));
#2374 = ORIENTED_EDGE('',*,*,#2375,.F.);
#2375 = EDGE_CURVE('',#2376,#2368,#2378,.T.);
#2376 = VERTEX_POINT('',#2377);
#2377 = CARTESIAN_POINT('',(208.294681,-69.026717,0.));
#2378 = LINE('',#2379,#2380);
#2379 = CARTESIAN_POINT('',(208.294681,-69.026717,0.));
#2380 = VECTOR('',#2381,1.);
#2381 = DIRECTION('',(0.550890848217,-0.834577302202,0.));
#2382 = ORIENTED_EDGE('',*,*,#2383,.F.);
#2383 = EDGE_CURVE('',#2384,#2376,#2386,.T.);
#2384 = VERTEX_POINT('',#2385);
#2385 = CARTESIAN_POINT('',(207.528316,-67.933433,0.));
#2386 = LINE('',#2387,#2388);
#2387 = CARTESIAN_POINT('',(207.528316,-67.933433,0.));
#2388 = VECTOR('',#2389,1.);
#2389 = DIRECTION('',(0.573998175326,-0.818856577627,0.));
#2390 = ORIENTED_EDGE('',*,*,#2391,.F.);
#2391 = EDGE_CURVE('',#2392,#2384,#2394,.T.);
#2392 = VERTEX_POINT('',#2393);
#2393 = CARTESIAN_POINT('',(206.773863,-66.919314,0.));
#2394 = LINE('',#2395,#2396);
#2395 = CARTESIAN_POINT('',(206.773863,-66.919314,0.));
#2396 = VECTOR('',#2397,1.);
#2397 = DIRECTION('',(0.596888455162,-0.802324231277,0.));
#2398 = ORIENTED_EDGE('',*,*,#2399,.F.);
#2399 = EDGE_CURVE('',#2400,#2392,#2402,.T.);
#2400 = VERTEX_POINT('',#2401);
#2401 = CARTESIAN_POINT('',(206.033934,-65.98171,0.));
#2402 = LINE('',#2403,#2404);
#2403 = CARTESIAN_POINT('',(206.033934,-65.98171,0.));
#2404 = VECTOR('',#2405,1.);
#2405 = DIRECTION('',(0.619497445154,-0.784998672259,0.));
#2406 = ORIENTED_EDGE('',*,*,#2407,.F.);
#2407 = EDGE_CURVE('',#2408,#2400,#2410,.T.);
#2408 = VERTEX_POINT('',#2409);
#2409 = CARTESIAN_POINT('',(205.311144,-65.117971,0.));
#2410 = LINE('',#2411,#2412);
#2411 = CARTESIAN_POINT('',(205.311144,-65.117971,0.));
#2412 = VECTOR('',#2413,1.);
#2413 = DIRECTION('',(0.641758986992,-0.766906384518,0.));
#2414 = ORIENTED_EDGE('',*,*,#2415,.F.);
#2415 = EDGE_CURVE('',#2416,#2408,#2418,.T.);
#2416 = VERTEX_POINT('',#2417);
#2417 = CARTESIAN_POINT('',(204.608105,-64.325447,0.));
#2418 = LINE('',#2419,#2420);
#2419 = CARTESIAN_POINT('',(204.608105,-64.325447,0.));
#2420 = VECTOR('',#2421,1.);
#2421 = DIRECTION('',(0.663611173568,-0.748077676659,0.));
#2422 = ORIENTED_EDGE('',*,*,#2423,.F.);
#2423 = EDGE_CURVE('',#2424,#2416,#2426,.T.);
#2424 = VERTEX_POINT('',#2425);
#2425 = CARTESIAN_POINT('',(203.927429,-63.601486,0.));
#2426 = LINE('',#2427,#2428);
#2427 = CARTESIAN_POINT('',(203.927429,-63.601486,0.));
#2428 = VECTOR('',#2429,1.);
#2429 = DIRECTION('',(0.684991565255,-0.728550997205,0.));
#2430 = ORIENTED_EDGE('',*,*,#2431,.F.);
#2431 = EDGE_CURVE('',#2432,#2424,#2434,.T.);
#2432 = VERTEX_POINT('',#2433);
#2433 = CARTESIAN_POINT('',(203.27173,-62.943439,0.));
#2434 = LINE('',#2435,#2436);
#2435 = CARTESIAN_POINT('',(203.27173,-62.943439,0.));
#2436 = VECTOR('',#2437,1.);
#2437 = DIRECTION('',(0.705841873247,-0.708369430432,0.));
#2438 = ORIENTED_EDGE('',*,*,#2439,.F.);
#2439 = EDGE_CURVE('',#2440,#2432,#2442,.T.);
#2440 = VERTEX_POINT('',#2441);
#2441 = CARTESIAN_POINT('',(202.643622,-62.348657,0.));
#2442 = LINE('',#2443,#2444);
#2443 = CARTESIAN_POINT('',(202.643622,-62.348657,0.));
#2444 = VECTOR('',#2445,1.);
#2445 = DIRECTION('',(0.726107164237,-0.68758154865,0.));
#2446 = ORIENTED_EDGE('',*,*,#2447,.F.);
#2447 = EDGE_CURVE('',#2448,#2440,#2450,.T.);
#2448 = VERTEX_POINT('',#2449);
#2449 = CARTESIAN_POINT('',(202.045716,-61.814487,0.));
#2450 = LINE('',#2451,#2452);
#2451 = CARTESIAN_POINT('',(202.045716,-61.814487,0.));
#2452 = VECTOR('',#2453,1.);
#2453 = DIRECTION('',(0.745736023238,-0.666241535514,0.));
#2454 = ORIENTED_EDGE('',*,*,#2455,.F.);
#2455 = EDGE_CURVE('',#2456,#2448,#2458,.T.);
#2456 = VERTEX_POINT('',#2457);
#2457 = CARTESIAN_POINT('',(201.480627,-61.338282,0.));
#2458 = LINE('',#2459,#2460);
#2459 = CARTESIAN_POINT('',(201.480627,-61.338282,0.));
#2460 = VECTOR('',#2461,1.);
#2461 = DIRECTION('',(0.764684074495,-0.644405358616,0.));
#2462 = ORIENTED_EDGE('',*,*,#2463,.F.);
#2463 = EDGE_CURVE('',#2464,#2456,#2466,.T.);
#2464 = VERTEX_POINT('',#2465);
#2465 = CARTESIAN_POINT('',(200.950967,-60.917389,0.));
#2466 = LINE('',#2467,#2468);
#2467 = CARTESIAN_POINT('',(200.950967,-60.917389,0.));
#2468 = VECTOR('',#2469,1.);
#2469 = DIRECTION('',(0.782908780853,-0.622136513045,0.));
#2470 = ORIENTED_EDGE('',*,*,#2471,.F.);
#2471 = EDGE_CURVE('',#2472,#2464,#2474,.T.);
#2472 = VERTEX_POINT('',#2473);
#2473 = CARTESIAN_POINT('',(200.459349,-60.549159,0.));
#2474 = LINE('',#2475,#2476);
#2475 = CARTESIAN_POINT('',(200.459349,-60.549159,0.));
#2476 = VECTOR('',#2477,1.);
#2477 = DIRECTION('',(0.800377678746,-0.599496097874,0.));
#2478 = ORIENTED_EDGE('',*,*,#2479,.F.);
#2479 = EDGE_CURVE('',#2480,#2472,#2482,.T.);
#2480 = VERTEX_POINT('',#2481);
#2481 = CARTESIAN_POINT('',(200.008386,-60.230942,0.));
#2482 = LINE('',#2483,#2484);
#2483 = CARTESIAN_POINT('',(200.008386,-60.230942,0.));
#2484 = VECTOR('',#2485,1.);
#2485 = DIRECTION('',(0.817061598213,-0.57655038351,0.));
#2486 = ORIENTED_EDGE('',*,*,#2487,.F.);
#2487 = EDGE_CURVE('',#2488,#2480,#2490,.T.);
#2488 = VERTEX_POINT('',#2489);
#2489 = CARTESIAN_POINT('',(199.600692,-59.960088,0.));
#2490 = LINE('',#2491,#2492);
#2491 = CARTESIAN_POINT('',(199.600692,-59.960088,0.));
#2492 = VECTOR('',#2493,1.);
#2493 = DIRECTION('',(0.832937480968,-0.553367104912,0.));
#2494 = ORIENTED_EDGE('',*,*,#2495,.F.);
#2495 = EDGE_CURVE('',#2496,#2488,#2498,.T.);
#2496 = VERTEX_POINT('',#2497);
#2497 = CARTESIAN_POINT('',(199.238879,-59.733946,0.));
#2498 = LINE('',#2499,#2500);
#2499 = CARTESIAN_POINT('',(199.238879,-59.733946,0.));
#2500 = VECTOR('',#2501,1.);
#2501 = DIRECTION('',(0.847988955321,-0.530013897605,0.));
#2502 = ORIENTED_EDGE('',*,*,#2503,.F.);
#2503 = EDGE_CURVE('',#2504,#2496,#2506,.T.);
#2504 = VERTEX_POINT('',#2505);
#2505 = CARTESIAN_POINT('',(198.92556,-59.549866,0.));
#2506 = LINE('',#2507,#2508);
#2507 = CARTESIAN_POINT('',(198.92556,-59.549866,0.));
#2508 = VECTOR('',#2509,1.);
#2509 = DIRECTION('',(0.862205032009,-0.506559456312,0.));
#2510 = ORIENTED_EDGE('',*,*,#2511,.F.);
#2511 = EDGE_CURVE('',#2512,#2504,#2514,.T.);
#2512 = VERTEX_POINT('',#2513);
#2513 = CARTESIAN_POINT('',(198.663349,-59.405198,0.));
#2514 = LINE('',#2515,#2516);
#2515 = CARTESIAN_POINT('',(198.663349,-59.405198,0.));
#2516 = VECTOR('',#2517,1.);
#2517 = DIRECTION('',(0.875577878839,-0.483076989813,0.));
#2518 = ORIENTED_EDGE('',*,*,#2519,.F.);
#2519 = EDGE_CURVE('',#2520,#2512,#2522,.T.);
#2520 = VERTEX_POINT('',#2521);
#2521 = CARTESIAN_POINT('',(198.302701,-59.223497,0.));
#2522 = LINE('',#2523,#2524);
#2523 = CARTESIAN_POINT('',(198.302701,-59.223497,0.));
#2524 = VECTOR('',#2525,1.);
#2525 = DIRECTION('',(0.893059105884,-0.449939366358,0.));
#2526 = ORIENTED_EDGE('',*,*,#2527,.F.);
#2527 = EDGE_CURVE('',#2528,#2520,#2530,.T.);
#2528 = VERTEX_POINT('',#2529);
#2529 = CARTESIAN_POINT('',(198.17784,-59.167642,0.));
#2530 = LINE('',#2531,#2532);
#2531 = CARTESIAN_POINT('',(198.17784,-59.167642,0.));
#2532 = VECTOR('',#2533,1.);
#2533 = DIRECTION('',(0.912828793766,-0.408342495061,0.));
#2534 = ORIENTED_EDGE('',*,*,#2535,.F.);
#2535 = EDGE_CURVE('',#2536,#2528,#2538,.T.);
#2536 = VERTEX_POINT('',#2537);
#2537 = CARTESIAN_POINT('',(197.80754,-59.024688,0.));
#2538 = LINE('',#2539,#2540);
#2539 = CARTESIAN_POINT('',(197.80754,-59.024688,0.));
#2540 = VECTOR('',#2541,1.);
#2541 = DIRECTION('',(0.932896729214,-0.360143988734,0.));
#2542 = ORIENTED_EDGE('',*,*,#2543,.F.);
#2543 = EDGE_CURVE('',#2544,#2536,#2546,.T.);
#2544 = VERTEX_POINT('',#2545);
#2545 = CARTESIAN_POINT('',(197.63071,-59.102716,0.));
#2546 = LINE('',#2547,#2548);
#2547 = CARTESIAN_POINT('',(197.63071,-59.102716,0.));
#2548 = VECTOR('',#2549,1.);
#2549 = DIRECTION('',(0.914889588627,0.403704149869,0.));
#2550 = ORIENTED_EDGE('',*,*,#2551,.F.);
#2551 = EDGE_CURVE('',#2552,#2544,#2554,.T.);
#2552 = VERTEX_POINT('',#2553);
#2553 = CARTESIAN_POINT('',(197.299992,-59.222944,0.));
#2554 = LINE('',#2555,#2556);
#2555 = CARTESIAN_POINT('',(197.299992,-59.222944,0.));
#2556 = VECTOR('',#2557,1.);
#2557 = DIRECTION('',(0.939823621375,0.341660007471,0.));
#2558 = ORIENTED_EDGE('',*,*,#2559,.F.);
#2559 = EDGE_CURVE('',#2560,#2552,#2562,.T.);
#2560 = VERTEX_POINT('',#2561);
#2561 = CARTESIAN_POINT('',(197.048565,-59.313109,0.));
#2562 = LINE('',#2563,#2564);
#2563 = CARTESIAN_POINT('',(197.048565,-59.313109,0.));
#2564 = VECTOR('',#2565,1.);
#2565 = DIRECTION('',(0.941302777468,0.337563447563,0.));
#2566 = ORIENTED_EDGE('',*,*,#2567,.F.);
#2567 = EDGE_CURVE('',#2568,#2560,#2570,.T.);
#2568 = VERTEX_POINT('',#2569);
#2569 = CARTESIAN_POINT('',(196.195129,-59.634728,0.));
#2570 = LINE('',#2571,#2572);
#2571 = CARTESIAN_POINT('',(196.195129,-59.634728,0.));
#2572 = VECTOR('',#2573,1.);
#2573 = DIRECTION('',(0.935758206446,0.352642282021,0.));
#2574 = ORIENTED_EDGE('',*,*,#2575,.F.);
#2575 = EDGE_CURVE('',#2576,#2568,#2578,.T.);
#2576 = VERTEX_POINT('',#2577);
#2577 = CARTESIAN_POINT('',(195.280792,-60.013463,0.));
#2578 = LINE('',#2579,#2580);
#2579 = CARTESIAN_POINT('',(195.280792,-60.013463,0.));
#2580 = VECTOR('',#2581,1.);
#2581 = DIRECTION('',(0.923878027076,0.382687066787,0.));
#2582 = ORIENTED_EDGE('',*,*,#2583,.F.);
#2583 = EDGE_CURVE('',#2584,#2576,#2586,.T.);
#2584 = VERTEX_POINT('',#2585);
#2585 = CARTESIAN_POINT('',(194.317411,-60.451335,0.));
#2586 = LINE('',#2587,#2588);
#2587 = CARTESIAN_POINT('',(194.317411,-60.451335,0.));
#2588 = VECTOR('',#2589,1.);
#2589 = DIRECTION('',(0.910376606608,0.413780659457,0.));
#2590 = ORIENTED_EDGE('',*,*,#2591,.F.);
#2591 = EDGE_CURVE('',#2592,#2584,#2594,.T.);
#2592 = VERTEX_POINT('',#2593);
#2593 = CARTESIAN_POINT('',(193.31394,-60.94842,0.));
#2594 = LINE('',#2595,#2596);
#2595 = CARTESIAN_POINT('',(193.31394,-60.94842,0.));
#2596 = VECTOR('',#2597,1.);
#2597 = DIRECTION('',(0.896082147147,0.443888257971,0.));
#2598 = ORIENTED_EDGE('',*,*,#2599,.F.);
#2599 = EDGE_CURVE('',#2600,#2592,#2602,.T.);
#2600 = VERTEX_POINT('',#2601);
#2601 = CARTESIAN_POINT('',(192.277092,-61.504522,0.));
#2602 = LINE('',#2603,#2604);
#2603 = CARTESIAN_POINT('',(192.277092,-61.504522,0.));
#2604 = VECTOR('',#2605,1.);
#2605 = DIRECTION('',(0.88125071301,0.472649109615,0.));
#2606 = ORIENTED_EDGE('',*,*,#2607,.F.);
#2607 = EDGE_CURVE('',#2608,#2600,#2610,.T.);
#2608 = VERTEX_POINT('',#2609);
#2609 = CARTESIAN_POINT('',(191.212024,-62.119476,0.));
#2610 = LINE('',#2611,#2612);
#2611 = CARTESIAN_POINT('',(191.212024,-62.119476,0.));
#2612 = VECTOR('',#2613,1.);
#2613 = DIRECTION('',(0.866012480747,0.500022382689,0.));
#2614 = ORIENTED_EDGE('',*,*,#2615,.F.);
#2615 = EDGE_CURVE('',#2616,#2608,#2618,.T.);
#2616 = VERTEX_POINT('',#2617);
#2617 = CARTESIAN_POINT('',(190.12281,-62.79322,0.));
#2618 = LINE('',#2619,#2620);
#2619 = CARTESIAN_POINT('',(190.12281,-62.79322,0.));
#2620 = VECTOR('',#2621,1.);
#2621 = DIRECTION('',(0.850450761266,0.526054657485,0.));
#2622 = ORIENTED_EDGE('',*,*,#2623,.F.);
#2623 = EDGE_CURVE('',#2624,#2616,#2626,.T.);
#2624 = VERTEX_POINT('',#2625);
#2625 = CARTESIAN_POINT('',(189.01274,-63.525798,0.));
#2626 = LINE('',#2627,#2628);
#2627 = CARTESIAN_POINT('',(189.01274,-63.525798,0.));
#2628 = VECTOR('',#2629,1.);
#2629 = DIRECTION('',(0.834632980164,0.550806489089,0.));
#2630 = ORIENTED_EDGE('',*,*,#2631,.F.);
#2631 = EDGE_CURVE('',#2632,#2624,#2634,.T.);
#2632 = VERTEX_POINT('',#2633);
#2633 = CARTESIAN_POINT('',(187.884534,-64.317359,0.));
#2634 = LINE('',#2635,#2636);
#2635 = CARTESIAN_POINT('',(187.884534,-64.317359,0.));
#2636 = VECTOR('',#2637,1.);
#2637 = DIRECTION('',(0.818612131971,0.574346739687,0.));
#2638 = ORIENTED_EDGE('',*,*,#2639,.F.);
#2639 = EDGE_CURVE('',#2640,#2632,#2642,.T.);
#2640 = VERTEX_POINT('',#2641);
#2641 = CARTESIAN_POINT('',(186.74048,-65.168144,0.));
#2642 = LINE('',#2643,#2644);
#2643 = CARTESIAN_POINT('',(186.74048,-65.168144,0.));
#2644 = VECTOR('',#2645,1.);
#2645 = DIRECTION('',(0.802436083511,0.596738076445,0.));
#2646 = ORIENTED_EDGE('',*,*,#2647,.F.);
#2647 = EDGE_CURVE('',#2648,#2640,#2650,.T.);
#2648 = VERTEX_POINT('',#2649);
#2649 = CARTESIAN_POINT('',(185.582532,-66.078475,0.));
#2650 = LINE('',#2651,#2652);
#2651 = CARTESIAN_POINT('',(185.582532,-66.078475,0.));
#2652 = VECTOR('',#2653,1.);
#2653 = DIRECTION('',(0.786148546061,0.618037590707,0.));
#2654 = ORIENTED_EDGE('',*,*,#2655,.F.);
#2655 = EDGE_CURVE('',#2656,#2648,#2658,.T.);
#2656 = VERTEX_POINT('',#2657);
#2657 = CARTESIAN_POINT('',(184.412387,-67.048751,0.));
#2658 = LINE('',#2659,#2660);
#2659 = CARTESIAN_POINT('',(184.412387,-67.048751,0.));
#2660 = VECTOR('',#2661,1.);
#2661 = DIRECTION('',(0.769786452635,0.638301509742,0.));
#2662 = ORIENTED_EDGE('',*,*,#2663,.F.);
#2663 = EDGE_CURVE('',#2664,#2656,#2666,.T.);
#2664 = VERTEX_POINT('',#2665);
#2665 = CARTESIAN_POINT('',(183.231539,-68.079435,0.));
#2666 = LINE('',#2667,#2668);
#2667 = CARTESIAN_POINT('',(183.231539,-68.079435,0.));
#2668 = VECTOR('',#2669,1.);
#2669 = DIRECTION('',(0.753384911989,0.657579785568,0.));
#2670 = ORIENTED_EDGE('',*,*,#2671,.F.);
#2671 = EDGE_CURVE('',#2672,#2664,#2674,.T.);
#2672 = VERTEX_POINT('',#2673);
#2673 = CARTESIAN_POINT('',(182.041314,-69.17105,0.));
#2674 = LINE('',#2675,#2676);
#2675 = CARTESIAN_POINT('',(182.041314,-69.17105,0.));
#2676 = VECTOR('',#2677,1.);
#2677 = DIRECTION('',(0.736976640608,0.675918213394,0.));
#2678 = ORIENTED_EDGE('',*,*,#2679,.F.);
#2679 = EDGE_CURVE('',#2680,#2672,#2682,.T.);
#2680 = VERTEX_POINT('',#2681);
#2681 = CARTESIAN_POINT('',(180.842911,-70.324172,0.));
#2682 = LINE('',#2683,#2684);
#2683 = CARTESIAN_POINT('',(180.842911,-70.324172,0.));
#2684 = VECTOR('',#2685,1.);
#2685 = DIRECTION('',(0.720589257028,0.693362187213,0.));
#2686 = ORIENTED_EDGE('',*,*,#2687,.F.);
#2687 = EDGE_CURVE('',#2688,#2680,#2690,.T.);
#2688 = VERTEX_POINT('',#2689);
#2689 = CARTESIAN_POINT('',(179.637417,-71.539425,0.));
#2690 = LINE('',#2691,#2692);
#2691 = CARTESIAN_POINT('',(179.637417,-71.539425,0.));
#2692 = VECTOR('',#2693,1.);
#2693 = DIRECTION('',(0.704250427968,0.709951642513,0.));
#2694 = ORIENTED_EDGE('',*,*,#2695,.F.);
#2695 = EDGE_CURVE('',#2696,#2688,#2698,.T.);
#2696 = VERTEX_POINT('',#2697);
#2697 = CARTESIAN_POINT('',(178.425834,-72.817477,0.));
#2698 = LINE('',#2699,#2700);
#2699 = CARTESIAN_POINT('',(178.425834,-72.817477,0.));
#2700 = VECTOR('',#2701,1.);
#2701 = DIRECTION('',(0.68798308543,0.725726721405,0.));
#2702 = ORIENTED_EDGE('',*,*,#2703,.F.);
#2703 = EDGE_CURVE('',#2704,#2696,#2706,.T.);
#2704 = VERTEX_POINT('',#2705);
#2705 = CARTESIAN_POINT('',(177.20909,-74.159036,0.));
#2706 = LINE('',#2707,#2708);
#2707 = CARTESIAN_POINT('',(177.20909,-74.159036,0.));
#2708 = VECTOR('',#2709,1.);
#2709 = DIRECTION('',(0.671809239004,0.740724203998,0.));
#2710 = ORIENTED_EDGE('',*,*,#2711,.F.);
#2711 = EDGE_CURVE('',#2712,#2704,#2714,.T.);
#2712 = VERTEX_POINT('',#2713);
#2713 = CARTESIAN_POINT('',(175.988053,-75.564847,0.));
#2714 = LINE('',#2715,#2716);
#2715 = CARTESIAN_POINT('',(175.988053,-75.564847,0.));
#2716 = VECTOR('',#2717,1.);
#2717 = DIRECTION('',(0.655748230555,0.754979640867,0.));
#2718 = ORIENTED_EDGE('',*,*,#2719,.F.);
#2719 = EDGE_CURVE('',#2720,#2712,#2722,.T.);
#2720 = VERTEX_POINT('',#2721);
#2721 = CARTESIAN_POINT('',(174.763542,-77.035687,0.));
#2722 = LINE('',#2723,#2724);
#2723 = CARTESIAN_POINT('',(174.763542,-77.035687,0.));
#2724 = VECTOR('',#2725,1.);
#2725 = DIRECTION('',(0.639817679811,0.768526731221,0.));
#2726 = ORIENTED_EDGE('',*,*,#2727,.F.);
#2727 = EDGE_CURVE('',#2728,#2720,#2730,.T.);
#2728 = VERTEX_POINT('',#2729);
#2729 = CARTESIAN_POINT('',(174.338033,-76.810475,0.));
#2730 = LINE('',#2731,#2732);
#2731 = CARTESIAN_POINT('',(174.338033,-76.810475,0.));
#2732 = VECTOR('',#2733,1.);
#2733 = DIRECTION('',(0.883837274129,-0.467794477158,0.));
#2734 = ORIENTED_EDGE('',*,*,#2735,.F.);
#2735 = EDGE_CURVE('',#2736,#2728,#2738,.T.);
#2736 = VERTEX_POINT('',#2737);
#2737 = CARTESIAN_POINT('',(173.903023,-76.593503,0.));
#2738 = LINE('',#2739,#2740);
#2739 = CARTESIAN_POINT('',(173.903023,-76.593503,0.));
#2740 = VECTOR('',#2741,1.);
#2741 = DIRECTION('',(0.894865337684,-0.446336226864,0.));
#2742 = ORIENTED_EDGE('',*,*,#2743,.F.);
#2743 = EDGE_CURVE('',#2744,#2736,#2746,.T.);
#2744 = VERTEX_POINT('',#2745);
#2745 = CARTESIAN_POINT('',(173.459029,-76.384623,0.));
#2746 = LINE('',#2747,#2748);
#2747 = CARTESIAN_POINT('',(173.459029,-76.384623,0.));
#2748 = VECTOR('',#2749,1.);
#2749 = DIRECTION('',(0.904864514676,-0.425699671224,0.));
#2750 = ORIENTED_EDGE('',*,*,#2751,.F.);
#2751 = EDGE_CURVE('',#2752,#2744,#2754,.T.);
#2752 = VERTEX_POINT('',#2753);
#2753 = CARTESIAN_POINT('',(173.00657,-76.183683,0.));
#2754 = LINE('',#2755,#2756);
#2755 = CARTESIAN_POINT('',(173.00657,-76.183683,0.));
#2756 = VECTOR('',#2757,1.);
#2757 = DIRECTION('',(0.913926126465,-0.405880567857,0.));
#2758 = ORIENTED_EDGE('',*,*,#2759,.F.);
#2759 = EDGE_CURVE('',#2760,#2752,#2762,.T.);
#2760 = VERTEX_POINT('',#2761);
#2761 = CARTESIAN_POINT('',(172.078331,-75.805024,0.));
#2762 = LINE('',#2763,#2764);
#2763 = CARTESIAN_POINT('',(172.078331,-75.805024,0.));
#2764 = VECTOR('',#2765,1.);
#2765 = DIRECTION('',(0.925922333364,-0.377713956028,0.));
#2766 = ORIENTED_EDGE('',*,*,#2767,.F.);
#2767 = EDGE_CURVE('',#2768,#2760,#2770,.T.);
#2768 = VERTEX_POINT('',#2769);
#2769 = CARTESIAN_POINT('',(171.122455,-75.456325,0.));
#2770 = LINE('',#2771,#2772);
#2771 = CARTESIAN_POINT('',(171.122455,-75.456325,0.));
#2772 = VECTOR('',#2773,1.);
#2773 = DIRECTION('',(0.939443281247,-0.342704422674,0.));
#2774 = ORIENTED_EDGE('',*,*,#2775,.F.);
#2775 = EDGE_CURVE('',#2776,#2768,#2778,.T.);
#2776 = VERTEX_POINT('',#2777);
#2777 = CARTESIAN_POINT('',(170.143088,-75.136384,0.));
#2778 = LINE('',#2779,#2780);
#2779 = CARTESIAN_POINT('',(170.143088,-75.136384,0.));
#2780 = VECTOR('',#2781,1.);
#2781 = DIRECTION('',(0.950563149404,-0.310531317252,0.));
#2782 = ORIENTED_EDGE('',*,*,#2783,.F.);
#2783 = EDGE_CURVE('',#2784,#2776,#2786,.T.);
#2784 = VERTEX_POINT('',#2785);
#2785 = CARTESIAN_POINT('',(169.14438,-74.843999,0.));
#2786 = LINE('',#2787,#2788);
#2787 = CARTESIAN_POINT('',(169.14438,-74.843999,0.));
#2788 = VECTOR('',#2789,1.);
#2789 = DIRECTION('',(0.95971662241,-0.28096975757,0.));
#2790 = ORIENTED_EDGE('',*,*,#2791,.F.);
#2791 = EDGE_CURVE('',#2792,#2784,#2794,.T.);
#2792 = VERTEX_POINT('',#2793);
#2793 = CARTESIAN_POINT('',(168.130478,-74.577969,0.));
#2794 = LINE('',#2795,#2796);
#2795 = CARTESIAN_POINT('',(168.130478,-74.577969,0.));
#2796 = VECTOR('',#2797,1.);
#2797 = DIRECTION('',(0.967258903348,-0.253791674203,0.));
#2798 = ORIENTED_EDGE('',*,*,#2799,.F.);
#2799 = EDGE_CURVE('',#2800,#2792,#2802,.T.);
#2800 = VERTEX_POINT('',#2801);
#2801 = CARTESIAN_POINT('',(167.10553,-74.337091,0.));
#2802 = LINE('',#2803,#2804);
#2803 = CARTESIAN_POINT('',(167.10553,-74.337091,0.));
#2804 = VECTOR('',#2805,1.);
#2805 = DIRECTION('',(0.973477745947,-0.228781725988,0.));
#2806 = ORIENTED_EDGE('',*,*,#2807,.F.);
#2807 = EDGE_CURVE('',#2808,#2800,#2810,.T.);
#2808 = VERTEX_POINT('',#2809);
#2809 = CARTESIAN_POINT('',(166.073685,-74.120164,0.));
#2810 = LINE('',#2811,#2812);
#2811 = CARTESIAN_POINT('',(166.073685,-74.120164,0.));
#2812 = VECTOR('',#2813,1.);
#2813 = DIRECTION('',(0.978607777529,-0.205734823889,0.));
#2814 = ORIENTED_EDGE('',*,*,#2815,.F.);
#2815 = EDGE_CURVE('',#2816,#2808,#2818,.T.);
#2816 = VERTEX_POINT('',#2817);
#2817 = CARTESIAN_POINT('',(165.03909,-73.925986,0.));
#2818 = LINE('',#2819,#2820);
#2819 = CARTESIAN_POINT('',(165.03909,-73.925986,0.));
#2820 = VECTOR('',#2821,1.);
#2821 = DIRECTION('',(0.982839230407,-0.184464216512,0.));
#2822 = ORIENTED_EDGE('',*,*,#2823,.F.);
#2823 = EDGE_CURVE('',#2824,#2816,#2826,.T.);
#2824 = VERTEX_POINT('',#2825);
#2825 = CARTESIAN_POINT('',(164.005893,-73.753356,0.));
#2826 = LINE('',#2827,#2828);
#2827 = CARTESIAN_POINT('',(164.005893,-73.753356,0.));
#2828 = VECTOR('',#2829,1.);
#2829 = DIRECTION('',(0.986327198861,-0.164798837336,0.));
#2830 = ORIENTED_EDGE('',*,*,#2831,.F.);
#2831 = EDGE_CURVE('',#2832,#2824,#2834,.T.);
#2832 = VERTEX_POINT('',#2833);
#2833 = CARTESIAN_POINT('',(162.978243,-73.601071,0.));
#2834 = LINE('',#2835,#2836);
#2835 = CARTESIAN_POINT('',(162.978243,-73.601071,0.));
#2836 = VECTOR('',#2837,1.);
#2837 = DIRECTION('',(0.989197802407,-0.146586860643,0.));
#2838 = ORIENTED_EDGE('',*,*,#2839,.F.);
#2839 = EDGE_CURVE('',#2840,#2832,#2842,.T.);
#2840 = VERTEX_POINT('',#2841);
#2841 = CARTESIAN_POINT('',(161.960287,-73.467929,0.));
#2842 = LINE('',#2843,#2844);
#2843 = CARTESIAN_POINT('',(161.960287,-73.467929,0.));
#2844 = VECTOR('',#2845,1.);
#2845 = DIRECTION('',(0.99155473506,-0.129688886882,0.));
#2846 = ORIENTED_EDGE('',*,*,#2847,.F.);
#2847 = EDGE_CURVE('',#2848,#2840,#2850,.T.);
#2848 = VERTEX_POINT('',#2849);
#2849 = CARTESIAN_POINT('',(160.956174,-73.352729,0.));
#2850 = LINE('',#2851,#2852);
#2851 = CARTESIAN_POINT('',(160.956174,-73.352729,0.));
#2852 = VECTOR('',#2853,1.);
#2853 = DIRECTION('',(0.993482994038,-0.113980439366,0.));
#2854 = ORIENTED_EDGE('',*,*,#2855,.F.);
#2855 = EDGE_CURVE('',#2856,#2848,#2858,.T.);
#2856 = VERTEX_POINT('',#2857);
#2857 = CARTESIAN_POINT('',(159.970051,-73.25427,0.));
#2858 = LINE('',#2859,#2860);
#2859 = CARTESIAN_POINT('',(159.970051,-73.25427,0.));
#2860 = VECTOR('',#2861,1.);
#2861 = DIRECTION('',(0.995052494082,-9.935056125332E-02,0.));
#2862 = ORIENTED_EDGE('',*,*,#2863,.F.);
#2863 = EDGE_CURVE('',#2864,#2856,#2866,.T.);
#2864 = VERTEX_POINT('',#2865);
#2865 = CARTESIAN_POINT('',(159.006066,-73.171348,0.));
#2866 = LINE('',#2867,#2868);
#2867 = CARTESIAN_POINT('',(159.006066,-73.171348,0.));
#2868 = VECTOR('',#2869,1.);
#2869 = DIRECTION('',(0.996320684996,-8.570351596885E-02,0.));
#2870 = ORIENTED_EDGE('',*,*,#2871,.F.);
#2871 = EDGE_CURVE('',#2872,#2864,#2874,.T.);
#2872 = VERTEX_POINT('',#2873);
#2873 = CARTESIAN_POINT('',(158.068368,-73.102763,0.));
#2874 = LINE('',#2875,#2876);
#2875 = CARTESIAN_POINT('',(158.068368,-73.102763,0.));
#2876 = VECTOR('',#2877,1.);
#2877 = DIRECTION('',(0.997335817026,-7.294702240031E-02,0.));
#2878 = ORIENTED_EDGE('',*,*,#2879,.F.);
#2879 = EDGE_CURVE('',#2880,#2872,#2882,.T.);
#2880 = VERTEX_POINT('',#2881);
#2881 = CARTESIAN_POINT('',(157.161105,-73.047313,0.));
#2882 = LINE('',#2883,#2884);
#2883 = CARTESIAN_POINT('',(157.161105,-73.047313,0.));
#2884 = VECTOR('',#2885,1.);
#2885 = DIRECTION('',(0.998137517987,-6.100405877059E-02,0.));
#2886 = ORIENTED_EDGE('',*,*,#2887,.F.);
#2887 = EDGE_CURVE('',#2888,#2880,#2890,.T.);
#2888 = VERTEX_POINT('',#2889);
#2889 = CARTESIAN_POINT('',(155.454474,-72.971009,0.));
#2890 = LINE('',#2891,#2892);
#2891 = CARTESIAN_POINT('',(155.454474,-72.971009,0.));
#2892 = VECTOR('',#2893,1.);
#2893 = DIRECTION('',(0.999001990144,-4.466568804618E-02,0.));
#2894 = ORIENTED_EDGE('',*,*,#2895,.F.);
#2895 = EDGE_CURVE('',#2896,#2888,#2898,.T.);
#2896 = VERTEX_POINT('',#2897);
#2897 = CARTESIAN_POINT('',(153.919358,-72.932822,0.));
#2898 = LINE('',#2899,#2900);
#2899 = CARTESIAN_POINT('',(153.919358,-72.932822,0.));
#2900 = VECTOR('',#2901,1.);
#2901 = DIRECTION('',(0.999690744671,-2.486795165104E-02,0.));
#2902 = ORIENTED_EDGE('',*,*,#2903,.F.);
#2903 = EDGE_CURVE('',#2904,#2896,#2906,.T.);
#2904 = VERTEX_POINT('',#2905);
#2905 = CARTESIAN_POINT('',(152.588941,-72.923138,0.));
#2906 = LINE('',#2907,#2908);
#2907 = CARTESIAN_POINT('',(152.588941,-72.923138,0.));
#2908 = VECTOR('',#2909,1.);
#2909 = DIRECTION('',(0.999973509708,-7.278727998834E-03,0.));
#2910 = ORIENTED_EDGE('',*,*,#2911,.F.);
#2911 = EDGE_CURVE('',#2912,#2904,#2914,.T.);
#2912 = VERTEX_POINT('',#2913);
#2913 = CARTESIAN_POINT('',(151.496407,-72.932342,0.));
#2914 = LINE('',#2915,#2916);
#2915 = CARTESIAN_POINT('',(151.496407,-72.932342,0.));
#2916 = VECTOR('',#2917,1.);
#2917 = DIRECTION('',(0.999964516195,8.42415284748E-03,0.));
#2918 = ORIENTED_EDGE('',*,*,#2919,.F.);
#2919 = EDGE_CURVE('',#2920,#2912,#2922,.T.);
#2920 = VERTEX_POINT('',#2921);
#2921 = CARTESIAN_POINT('',(150.67494,-72.95082,0.));
#2922 = LINE('',#2923,#2924);
#2923 = CARTESIAN_POINT('',(150.67494,-72.95082,0.));
#2924 = VECTOR('',#2925,1.);
#2925 = DIRECTION('',(0.999747108101,2.248821567205E-02,0.));
#2926 = ORIENTED_EDGE('',*,*,#2927,.F.);
#2927 = EDGE_CURVE('',#2928,#2920,#2930,.T.);
#2928 = VERTEX_POINT('',#2929);
#2929 = CARTESIAN_POINT('',(149.977946,-72.977139,0.));
#2930 = LINE('',#2931,#2932);
#2931 = CARTESIAN_POINT('',(149.977946,-72.977139,0.));
#2932 = VECTOR('',#2933,1.);
#2933 = DIRECTION('',(0.999287825269,3.77338345427E-02,0.));
#2934 = ORIENTED_EDGE('',*,*,#2935,.F.);
#2935 = EDGE_CURVE('',#2936,#2928,#2938,.T.);
#2936 = VERTEX_POINT('',#2937);
#2937 = CARTESIAN_POINT('',(149.280952,-72.95082,0.));
#2938 = LINE('',#2939,#2940);
#2939 = CARTESIAN_POINT('',(149.280952,-72.95082,0.));
#2940 = VECTOR('',#2941,1.);
#2941 = DIRECTION('',(0.999287825269,-3.77338345427E-02,0.));
#2942 = ORIENTED_EDGE('',*,*,#2943,.F.);
#2943 = EDGE_CURVE('',#2944,#2936,#2946,.T.);
#2944 = VERTEX_POINT('',#2945);
#2945 = CARTESIAN_POINT('',(148.459485,-72.932342,0.));
#2946 = LINE('',#2947,#2948);
#2947 = CARTESIAN_POINT('',(148.459485,-72.932342,0.));
#2948 = VECTOR('',#2949,1.);
#2949 = DIRECTION('',(0.999747108101,-2.248821567205E-02,0.));
#2950 = ORIENTED_EDGE('',*,*,#2951,.F.);
#2951 = EDGE_CURVE('',#2952,#2944,#2954,.T.);
#2952 = VERTEX_POINT('',#2953);
#2953 = CARTESIAN_POINT('',(147.366951,-72.923138,0.));
#2954 = LINE('',#2955,#2956);
#2955 = CARTESIAN_POINT('',(147.366951,-72.923138,0.));
#2956 = VECTOR('',#2957,1.);
#2957 = DIRECTION('',(0.999964516195,-8.42415284748E-03,0.));
#2958 = ORIENTED_EDGE('',*,*,#2959,.F.);
#2959 = EDGE_CURVE('',#2960,#2952,#2962,.T.);
#2960 = VERTEX_POINT('',#2961);
#2961 = CARTESIAN_POINT('',(146.036534,-72.932822,0.));
#2962 = LINE('',#2963,#2964);
#2963 = CARTESIAN_POINT('',(146.036534,-72.932822,0.));
#2964 = VECTOR('',#2965,1.);
#2965 = DIRECTION('',(0.999973509708,7.278727998834E-03,0.));
#2966 = ORIENTED_EDGE('',*,*,#2967,.F.);
#2967 = EDGE_CURVE('',#2968,#2960,#2970,.T.);
#2968 = VERTEX_POINT('',#2969);
#2969 = CARTESIAN_POINT('',(144.501418,-72.971009,0.));
#2970 = LINE('',#2971,#2972);
#2971 = CARTESIAN_POINT('',(144.501418,-72.971009,0.));
#2972 = VECTOR('',#2973,1.);
#2973 = DIRECTION('',(0.999690744671,2.486795165104E-02,0.));
#2974 = ORIENTED_EDGE('',*,*,#2975,.F.);
#2975 = EDGE_CURVE('',#2976,#2968,#2978,.T.);
#2976 = VERTEX_POINT('',#2977);
#2977 = CARTESIAN_POINT('',(142.794787,-73.047313,0.));
#2978 = LINE('',#2979,#2980);
#2979 = CARTESIAN_POINT('',(142.794787,-73.047313,0.));
#2980 = VECTOR('',#2981,1.);
#2981 = DIRECTION('',(0.999001990144,4.466568804618E-02,0.));
#2982 = ORIENTED_EDGE('',*,*,#2983,.F.);
#2983 = EDGE_CURVE('',#2984,#2976,#2986,.T.);
#2984 = VERTEX_POINT('',#2985);
#2985 = CARTESIAN_POINT('',(141.887524,-73.102763,0.));
#2986 = LINE('',#2987,#2988);
#2987 = CARTESIAN_POINT('',(141.887524,-73.102763,0.));
#2988 = VECTOR('',#2989,1.);
#2989 = DIRECTION('',(0.998137517987,6.100405877059E-02,0.));
#2990 = ORIENTED_EDGE('',*,*,#2991,.F.);
#2991 = EDGE_CURVE('',#2992,#2984,#2994,.T.);
#2992 = VERTEX_POINT('',#2993);
#2993 = CARTESIAN_POINT('',(140.949826,-73.171348,0.));
#2994 = LINE('',#2995,#2996);
#2995 = CARTESIAN_POINT('',(140.949826,-73.171348,0.));
#2996 = VECTOR('',#2997,1.);
#2997 = DIRECTION('',(0.997335817026,7.294702240031E-02,0.));
#2998 = ORIENTED_EDGE('',*,*,#2999,.F.);
#2999 = EDGE_CURVE('',#3000,#2992,#3002,.T.);
#3000 = VERTEX_POINT('',#3001);
#3001 = CARTESIAN_POINT('',(139.985841,-73.25427,0.));
#3002 = LINE('',#3003,#3004);
#3003 = CARTESIAN_POINT('',(139.985841,-73.25427,0.));
#3004 = VECTOR('',#3005,1.);
#3005 = DIRECTION('',(0.996320684996,8.570351596885E-02,0.));
#3006 = ORIENTED_EDGE('',*,*,#3007,.F.);
#3007 = EDGE_CURVE('',#3008,#3000,#3010,.T.);
#3008 = VERTEX_POINT('',#3009);
#3009 = CARTESIAN_POINT('',(138.999718,-73.352729,0.));
#3010 = LINE('',#3011,#3012);
#3011 = CARTESIAN_POINT('',(138.999718,-73.352729,0.));
#3012 = VECTOR('',#3013,1.);
#3013 = DIRECTION('',(0.995052494082,9.935056125332E-02,0.));
#3014 = ORIENTED_EDGE('',*,*,#3015,.F.);
#3015 = EDGE_CURVE('',#3016,#3008,#3018,.T.);
#3016 = VERTEX_POINT('',#3017);
#3017 = CARTESIAN_POINT('',(137.995605,-73.467929,0.));
#3018 = LINE('',#3019,#3020);
#3019 = CARTESIAN_POINT('',(137.995605,-73.467929,0.));
#3020 = VECTOR('',#3021,1.);
#3021 = DIRECTION('',(0.993482994038,0.113980439366,0.));
#3022 = ORIENTED_EDGE('',*,*,#3023,.F.);
#3023 = EDGE_CURVE('',#3024,#3016,#3026,.T.);
#3024 = VERTEX_POINT('',#3025);
#3025 = CARTESIAN_POINT('',(136.977649,-73.601071,0.));
#3026 = LINE('',#3027,#3028);
#3027 = CARTESIAN_POINT('',(136.977649,-73.601071,0.));
#3028 = VECTOR('',#3029,1.);
#3029 = DIRECTION('',(0.99155473506,0.129688886882,0.));
#3030 = ORIENTED_EDGE('',*,*,#3031,.F.);
#3031 = EDGE_CURVE('',#3032,#3024,#3034,.T.);
#3032 = VERTEX_POINT('',#3033);
#3033 = CARTESIAN_POINT('',(135.949999,-73.753356,0.));
#3034 = LINE('',#3035,#3036);
#3035 = CARTESIAN_POINT('',(135.949999,-73.753356,0.));
#3036 = VECTOR('',#3037,1.);
#3037 = DIRECTION('',(0.989197802407,0.146586860643,0.));
#3038 = ORIENTED_EDGE('',*,*,#3039,.F.);
#3039 = EDGE_CURVE('',#3040,#3032,#3042,.T.);
#3040 = VERTEX_POINT('',#3041);
#3041 = CARTESIAN_POINT('',(134.916802,-73.925986,0.));
#3042 = LINE('',#3043,#3044);
#3043 = CARTESIAN_POINT('',(134.916802,-73.925986,0.));
#3044 = VECTOR('',#3045,1.);
#3045 = DIRECTION('',(0.986327198861,0.164798837336,0.));
#3046 = ORIENTED_EDGE('',*,*,#3047,.F.);
#3047 = EDGE_CURVE('',#3048,#3040,#3050,.T.);
#3048 = VERTEX_POINT('',#3049);
#3049 = CARTESIAN_POINT('',(133.882207,-74.120164,0.));
#3050 = LINE('',#3051,#3052);
#3051 = CARTESIAN_POINT('',(133.882207,-74.120164,0.));
#3052 = VECTOR('',#3053,1.);
#3053 = DIRECTION('',(0.982839230407,0.184464216512,0.));
#3054 = ORIENTED_EDGE('',*,*,#3055,.F.);
#3055 = EDGE_CURVE('',#3056,#3048,#3058,.T.);
#3056 = VERTEX_POINT('',#3057);
#3057 = CARTESIAN_POINT('',(132.850362,-74.337091,0.));
#3058 = LINE('',#3059,#3060);
#3059 = CARTESIAN_POINT('',(132.850362,-74.337091,0.));
#3060 = VECTOR('',#3061,1.);
#3061 = DIRECTION('',(0.978607777529,0.205734823889,0.));
#3062 = ORIENTED_EDGE('',*,*,#3063,.F.);
#3063 = EDGE_CURVE('',#3064,#3056,#3066,.T.);
#3064 = VERTEX_POINT('',#3065);
#3065 = CARTESIAN_POINT('',(131.825414,-74.577969,0.));
#3066 = LINE('',#3067,#3068);
#3067 = CARTESIAN_POINT('',(131.825414,-74.577969,0.));
#3068 = VECTOR('',#3069,1.);
#3069 = DIRECTION('',(0.973477745947,0.228781725988,0.));
#3070 = ORIENTED_EDGE('',*,*,#3071,.F.);
#3071 = EDGE_CURVE('',#3072,#3064,#3074,.T.);
#3072 = VERTEX_POINT('',#3073);
#3073 = CARTESIAN_POINT('',(130.811512,-74.843999,0.));
#3074 = LINE('',#3075,#3076);
#3075 = CARTESIAN_POINT('',(130.811512,-74.843999,0.));
#3076 = VECTOR('',#3077,1.);
#3077 = DIRECTION('',(0.967258903348,0.253791674203,0.));
#3078 = ORIENTED_EDGE('',*,*,#3079,.F.);
#3079 = EDGE_CURVE('',#3080,#3072,#3082,.T.);
#3080 = VERTEX_POINT('',#3081);
#3081 = CARTESIAN_POINT('',(129.812804,-75.136384,0.));
#3082 = LINE('',#3083,#3084);
#3083 = CARTESIAN_POINT('',(129.812804,-75.136384,0.));
#3084 = VECTOR('',#3085,1.);
#3085 = DIRECTION('',(0.95971662241,0.28096975757,0.));
#3086 = ORIENTED_EDGE('',*,*,#3087,.F.);
#3087 = EDGE_CURVE('',#3088,#3080,#3090,.T.);
#3088 = VERTEX_POINT('',#3089);
#3089 = CARTESIAN_POINT('',(128.833437,-75.456325,0.));
#3090 = LINE('',#3091,#3092);
#3091 = CARTESIAN_POINT('',(128.833437,-75.456325,0.));
#3092 = VECTOR('',#3093,1.);
#3093 = DIRECTION('',(0.950563149404,0.310531317252,0.));
#3094 = ORIENTED_EDGE('',*,*,#3095,.F.);
#3095 = EDGE_CURVE('',#3096,#3088,#3098,.T.);
#3096 = VERTEX_POINT('',#3097);
#3097 = CARTESIAN_POINT('',(127.877561,-75.805024,0.));
#3098 = LINE('',#3099,#3100);
#3099 = CARTESIAN_POINT('',(127.877561,-75.805024,0.));
#3100 = VECTOR('',#3101,1.);
#3101 = DIRECTION('',(0.939443281247,0.342704422674,0.));
#3102 = ORIENTED_EDGE('',*,*,#3103,.F.);
#3103 = EDGE_CURVE('',#3104,#3096,#3106,.T.);
#3104 = VERTEX_POINT('',#3105);
#3105 = CARTESIAN_POINT('',(126.949322,-76.183683,0.));
#3106 = LINE('',#3107,#3108);
#3107 = CARTESIAN_POINT('',(126.949322,-76.183683,0.));
#3108 = VECTOR('',#3109,1.);
#3109 = DIRECTION('',(0.925922333364,0.377713956028,0.));
#3110 = ORIENTED_EDGE('',*,*,#3111,.F.);
#3111 = EDGE_CURVE('',#3112,#3104,#3114,.T.);
#3112 = VERTEX_POINT('',#3113);
#3113 = CARTESIAN_POINT('',(126.496863,-76.384623,0.));
#3114 = LINE('',#3115,#3116);
#3115 = CARTESIAN_POINT('',(126.496863,-76.384623,0.));
#3116 = VECTOR('',#3117,1.);
#3117 = DIRECTION('',(0.913926126465,0.405880567857,0.));
#3118 = ORIENTED_EDGE('',*,*,#3119,.F.);
#3119 = EDGE_CURVE('',#3120,#3112,#3122,.T.);
#3120 = VERTEX_POINT('',#3121);
#3121 = CARTESIAN_POINT('',(126.052869,-76.593503,0.));
#3122 = LINE('',#3123,#3124);
#3123 = CARTESIAN_POINT('',(126.052869,-76.593503,0.));
#3124 = VECTOR('',#3125,1.);
#3125 = DIRECTION('',(0.904864514676,0.425699671224,0.));
#3126 = ORIENTED_EDGE('',*,*,#3127,.F.);
#3127 = EDGE_CURVE('',#3128,#3120,#3130,.T.);
#3128 = VERTEX_POINT('',#3129);
#3129 = CARTESIAN_POINT('',(125.617859,-76.810475,0.));
#3130 = LINE('',#3131,#3132);
#3131 = CARTESIAN_POINT('',(125.617859,-76.810475,0.));
#3132 = VECTOR('',#3133,1.);
#3133 = DIRECTION('',(0.894865337684,0.446336226864,0.));
#3134 = ORIENTED_EDGE('',*,*,#3135,.F.);
#3135 = EDGE_CURVE('',#3136,#3128,#3138,.T.);
#3136 = VERTEX_POINT('',#3137);
#3137 = CARTESIAN_POINT('',(125.19235,-77.035687,0.));
#3138 = LINE('',#3139,#3140);
#3139 = CARTESIAN_POINT('',(125.19235,-77.035687,0.));
#3140 = VECTOR('',#3141,1.);
#3141 = DIRECTION('',(0.883837274129,0.467794477158,0.));
#3142 = ORIENTED_EDGE('',*,*,#3143,.F.);
#3143 = EDGE_CURVE('',#3144,#3136,#3146,.T.);
#3144 = VERTEX_POINT('',#3145);
#3145 = CARTESIAN_POINT('',(123.956864,-75.552264,0.));
#3146 = LINE('',#3147,#3148);
#3147 = CARTESIAN_POINT('',(123.956864,-75.552264,0.));
#3148 = VECTOR('',#3149,1.);
#3149 = DIRECTION('',(0.63997043613,-0.768399532067,0.));
#3150 = ORIENTED_EDGE('',*,*,#3151,.F.);
#3151 = EDGE_CURVE('',#3152,#3144,#3154,.T.);
#3152 = VERTEX_POINT('',#3153);
#3153 = CARTESIAN_POINT('',(122.723598,-74.132356,0.));
#3154 = LINE('',#3155,#3156);
#3155 = CARTESIAN_POINT('',(122.723598,-74.132356,0.));
#3156 = VECTOR('',#3157,1.);
#3157 = DIRECTION('',(0.655743639448,-0.754983628513,0.));
#3158 = ORIENTED_EDGE('',*,*,#3159,.F.);
#3159 = EDGE_CURVE('',#3160,#3152,#3162,.T.);
#3160 = VERTEX_POINT('',#3161);
#3161 = CARTESIAN_POINT('',(121.493525,-72.775438,0.));
#3162 = LINE('',#3163,#3164);
#3163 = CARTESIAN_POINT('',(121.493525,-72.775438,0.));
#3164 = VECTOR('',#3165,1.);
#3165 = DIRECTION('',(0.671629159917,-0.74088748913,0.));
#3166 = ORIENTED_EDGE('',*,*,#3167,.F.);
#3167 = EDGE_CURVE('',#3168,#3160,#3170,.T.);
#3168 = VERTEX_POINT('',#3169);
#3169 = CARTESIAN_POINT('',(120.267691,-71.48103,0.));
#3170 = LINE('',#3171,#3172);
#3171 = CARTESIAN_POINT('',(120.267691,-71.48103,0.));
#3172 = VECTOR('',#3173,1.);
#3173 = DIRECTION('',(0.687612418132,-0.726077931375,0.));
#3174 = ORIENTED_EDGE('',*,*,#3175,.F.);
#3175 = EDGE_CURVE('',#3176,#3168,#3178,.T.);
#3176 = VERTEX_POINT('',#3177);
#3177 = CARTESIAN_POINT('',(119.047228,-70.248702,0.));
#3178 = LINE('',#3179,#3180);
#3179 = CARTESIAN_POINT('',(119.047228,-70.248702,0.));
#3180 = VECTOR('',#3181,1.);
#3181 = DIRECTION('',(0.703678027705,-0.710518988716,0.));
#3182 = ORIENTED_EDGE('',*,*,#3183,.F.);
#3183 = EDGE_CURVE('',#3184,#3176,#3186,.T.);
#3184 = VERTEX_POINT('',#3185);
#3185 = CARTESIAN_POINT('',(117.833375,-69.078078,0.));
#3186 = LINE('',#3187,#3188);
#3187 = CARTESIAN_POINT('',(117.833375,-69.078078,0.));
#3188 = VECTOR('',#3189,1.);
#3189 = DIRECTION('',(0.719807881133,-0.694173331567,0.));
#3190 = ORIENTED_EDGE('',*,*,#3191,.F.);
#3191 = EDGE_CURVE('',#3192,#3184,#3194,.T.);
#3192 = VERTEX_POINT('',#3193);
#3193 = CARTESIAN_POINT('',(116.627501,-67.968842,0.));
#3194 = LINE('',#3195,#3196);
#3195 = CARTESIAN_POINT('',(116.627501,-67.968842,0.));
#3196 = VECTOR('',#3197,1.);
#3197 = DIRECTION('',(0.735982124081,-0.677000969743,0.));
#3198 = ORIENTED_EDGE('',*,*,#3199,.F.);
#3199 = EDGE_CURVE('',#3200,#3192,#3202,.T.);
#3200 = VERTEX_POINT('',#3201);
#3201 = CARTESIAN_POINT('',(115.43113,-66.920749,0.));
#3202 = LINE('',#3203,#3204);
#3203 = CARTESIAN_POINT('',(115.43113,-66.920749,0.));
#3204 = VECTOR('',#3205,1.);
#3205 = DIRECTION('',(0.752181361897,-0.658956143316,0.));
#3206 = ORIENTED_EDGE('',*,*,#3207,.F.);
#3207 = EDGE_CURVE('',#3208,#3200,#3210,.T.);
#3208 = VERTEX_POINT('',#3209);
#3209 = CARTESIAN_POINT('',(114.245986,-65.933634,0.));
#3210 = LINE('',#3211,#3212);
#3211 = CARTESIAN_POINT('',(114.245986,-65.933634,0.));
#3212 = VECTOR('',#3213,1.);
#3213 = DIRECTION('',(0.768382278705,-0.639991151323,0.));
#3214 = ORIENTED_EDGE('',*,*,#3215,.F.);
#3215 = EDGE_CURVE('',#3216,#3208,#3218,.T.);
#3216 = VERTEX_POINT('',#3217);
#3217 = CARTESIAN_POINT('',(113.074033,-65.007426,0.));
#3218 = LINE('',#3219,#3220);
#3219 = CARTESIAN_POINT('',(113.074033,-65.007426,0.));
#3220 = VECTOR('',#3221,1.);
#3221 = DIRECTION('',(0.784562953391,-0.620049169152,0.));
#3222 = ORIENTED_EDGE('',*,*,#3223,.F.);
#3223 = EDGE_CURVE('',#3224,#3216,#3226,.T.);
#3224 = VERTEX_POINT('',#3225);
#3225 = CARTESIAN_POINT('',(111.917547,-64.142163,0.));
#3226 = LINE('',#3227,#3228);
#3227 = CARTESIAN_POINT('',(111.917547,-64.142163,0.));
#3228 = VECTOR('',#3229,1.);
#3229 = DIRECTION('',(0.800697849505,-0.599068404941,0.));
#3230 = ORIENTED_EDGE('',*,*,#3231,.F.);
#3231 = EDGE_CURVE('',#3232,#3224,#3234,.T.);
#3232 = VERTEX_POINT('',#3233);
#3233 = CARTESIAN_POINT('',(110.779201,-63.338013,0.));
#3234 = LINE('',#3235,#3236);
#3235 = CARTESIAN_POINT('',(110.779201,-63.338013,0.));
#3236 = VECTOR('',#3237,1.);
#3237 = DIRECTION('',(0.816761052007,-0.576976068762,0.));
#3238 = ORIENTED_EDGE('',*,*,#3239,.F.);
#3239 = EDGE_CURVE('',#3240,#3232,#3242,.T.);
#3240 = VERTEX_POINT('',#3241);
#3241 = CARTESIAN_POINT('',(109.66219,-62.595304,0.));
#3242 = LINE('',#3243,#3244);
#3243 = CARTESIAN_POINT('',(109.66219,-62.595304,0.));
#3244 = VECTOR('',#3245,1.);
#3245 = DIRECTION('',(0.832725782623,-0.553685624659,0.));
#3246 = ORIENTED_EDGE('',*,*,#3247,.F.);
#3247 = EDGE_CURVE('',#3248,#3240,#3250,.T.);
#3248 = VERTEX_POINT('',#3249);
#3249 = CARTESIAN_POINT('',(108.570409,-61.914565,0.));
#3250 = LINE('',#3251,#3252);
#3251 = CARTESIAN_POINT('',(108.570409,-61.914565,0.));
#3252 = VECTOR('',#3253,1.);
#3253 = DIRECTION('',(0.848565152538,-0.529090901356,0.));
#3254 = ORIENTED_EDGE('',*,*,#3255,.F.);
#3255 = EDGE_CURVE('',#3256,#3248,#3258,.T.);
#3256 = VERTEX_POINT('',#3257);
#3257 = CARTESIAN_POINT('',(107.50872,-61.296579,0.));
#3258 = LINE('',#3259,#3260);
#3259 = CARTESIAN_POINT('',(107.50872,-61.296579,0.));
#3260 = VECTOR('',#3261,1.);
#3261 = DIRECTION('',(0.864250648619,-0.503061443923,0.));
#3262 = ORIENTED_EDGE('',*,*,#3263,.F.);
#3263 = EDGE_CURVE('',#3264,#3256,#3266,.T.);
#3264 = VERTEX_POINT('',#3265);
#3265 = CARTESIAN_POINT('',(106.483367,-60.742475,0.));
#3266 = LINE('',#3267,#3268);
#3267 = CARTESIAN_POINT('',(106.483367,-60.742475,0.));
#3268 = VECTOR('',#3269,1.);
#3269 = DIRECTION('',(0.879757067307,-0.475423498076,0.));
#3270 = ORIENTED_EDGE('',*,*,#3271,.F.);
#3271 = EDGE_CURVE('',#3272,#3264,#3274,.T.);
#3272 = VERTEX_POINT('',#3273);
#3273 = CARTESIAN_POINT('',(105.502673,-60.253864,0.));
#3274 = LINE('',#3275,#3276);
#3275 = CARTESIAN_POINT('',(105.502673,-60.253864,0.));
#3276 = VECTOR('',#3277,1.);
#3277 = DIRECTION('',(0.895060058039,-0.445945616083,0.));
#3278 = ORIENTED_EDGE('',*,*,#3279,.F.);
#3279 = EDGE_CURVE('',#3280,#3272,#3282,.T.);
#3280 = VERTEX_POINT('',#3281);
#3281 = CARTESIAN_POINT('',(104.578288,-59.833085,0.));
#3282 = LINE('',#3283,#3284);
#3283 = CARTESIAN_POINT('',(104.578288,-59.833085,0.));
#3284 = VECTOR('',#3285,1.);
#3285 = DIRECTION('',(0.910142315589,-0.414295746265,0.));
#3286 = ORIENTED_EDGE('',*,*,#3287,.F.);
#3287 = EDGE_CURVE('',#3288,#3280,#3290,.T.);
#3288 = VERTEX_POINT('',#3289);
#3289 = CARTESIAN_POINT('',(103.727705,-59.483678,0.));
#3290 = LINE('',#3291,#3292);
#3291 = CARTESIAN_POINT('',(103.727705,-59.483678,0.));
#3292 = VECTOR('',#3293,1.);
#3293 = DIRECTION('',(0.92499672904,-0.379975066635,0.));
#3294 = ORIENTED_EDGE('',*,*,#3295,.F.);
#3295 = EDGE_CURVE('',#120,#3288,#3296,.T.);
#3296 = LINE('',#3297,#3298);
#3297 = CARTESIAN_POINT('',(102.980207,-59.211474,0.));
#3298 = VECTOR('',#3299,1.);
#3299 = DIRECTION('',(0.939637268636,-0.342172183834,0.));
#3300 = ORIENTED_EDGE('',*,*,#127,.F.);
#3301 = FACE_BOUND('',#3302,.F.);
#3302 = EDGE_LOOP('',(#3303));
#3303 = ORIENTED_EDGE('',*,*,#3304,.T.);
#3304 = EDGE_CURVE('',#3305,#3305,#3307,.T.);
#3305 = VERTEX_POINT('',#3306);
#3306 = CARTESIAN_POINT('',(97.532577,-133.978924,0.));
#3307 = CIRCLE('',#3308,0.5);
#3308 = AXIS2_PLACEMENT_3D('',#3309,#3310,#3311);
#3309 = CARTESIAN_POINT('',(97.532577,-133.478924,0.));
#3310 = DIRECTION('',(-0.,0.,-1.));
#3311 = DIRECTION('',(-0.,-1.,0.));
#3312 = FACE_BOUND('',#3313,.F.);
#3313 = EDGE_LOOP('',(#3314));
#3314 = ORIENTED_EDGE('',*,*,#3315,.T.);
#3315 = EDGE_CURVE('',#3316,#3316,#3318,.T.);
#3316 = VERTEX_POINT('',#3317);
#3317 = CARTESIAN_POINT('',(93.42277,-130.992975,0.));
#3318 = CIRCLE('',#3319,0.5);
#3319 = AXIS2_PLACEMENT_3D('',#3320,#3321,#3322);
#3320 = CARTESIAN_POINT('',(93.42277,-130.492975,0.));
#3321 = DIRECTION('',(-0.,0.,-1.));
#3322 = DIRECTION('',(-0.,-1.,0.));
#3323 = FACE_BOUND('',#3324,.F.);
#3324 = EDGE_LOOP('',(#3325));
#3325 = ORIENTED_EDGE('',*,*,#3326,.T.);
#3326 = EDGE_CURVE('',#3327,#3327,#3329,.T.);
#3327 = VERTEX_POINT('',#3328);
#3328 = CARTESIAN_POINT('',(91.367867,-129.5,0.));
#3329 = CIRCLE('',#3330,0.5);
#3330 = AXIS2_PLACEMENT_3D('',#3331,#3332,#3333);
#3331 = CARTESIAN_POINT('',(91.367867,-129.,0.));
#3332 = DIRECTION('',(-0.,0.,-1.));
#3333 = DIRECTION('',(-0.,-1.,0.));
#3334 = FACE_BOUND('',#3335,.F.);
#3335 = EDGE_LOOP('',(#3336));
#3336 = ORIENTED_EDGE('',*,*,#3337,.T.);
#3337 = EDGE_CURVE('',#3338,#3338,#3340,.T.);
#3338 = VERTEX_POINT('',#3339);
#3339 = CARTESIAN_POINT('',(95.477674,-132.485949,0.));
#3340 = CIRCLE('',#3341,0.5);
#3341 = AXIS2_PLACEMENT_3D('',#3342,#3343,#3344);
#3342 = CARTESIAN_POINT('',(95.477674,-131.985949,0.));
#3343 = DIRECTION('',(-0.,0.,-1.));
#3344 = DIRECTION('',(-0.,-1.,0.));
#3345 = FACE_BOUND('',#3346,.F.);
#3346 = EDGE_LOOP('',(#3347));
#3347 = ORIENTED_EDGE('',*,*,#3348,.T.);
#3348 = EDGE_CURVE('',#3349,#3349,#3351,.T.);
#3349 = VERTEX_POINT('',#3350);
#3350 = CARTESIAN_POINT('',(89.312964,-128.007026,0.));
#3351 = CIRCLE('',#3352,0.5);
#3352 = AXIS2_PLACEMENT_3D('',#3353,#3354,#3355);
#3353 = CARTESIAN_POINT('',(89.312964,-127.507026,0.));
#3354 = DIRECTION('',(-0.,0.,-1.));
#3355 = DIRECTION('',(-0.,-1.,0.));
#3356 = FACE_BOUND('',#3357,.F.);
#3357 = EDGE_LOOP('',(#3358));
#3358 = ORIENTED_EDGE('',*,*,#3359,.T.);
#3359 = EDGE_CURVE('',#3360,#3360,#3362,.T.);
#3360 = VERTEX_POINT('',#3361);
#3361 = CARTESIAN_POINT('',(87.258061,-126.514051,0.));
#3362 = CIRCLE('',#3363,0.5);
#3363 = AXIS2_PLACEMENT_3D('',#3364,#3365,#3366);
#3364 = CARTESIAN_POINT('',(87.258061,-126.014051,0.));
#3365 = DIRECTION('',(-0.,0.,-1.));
#3366 = DIRECTION('',(-0.,-1.,0.));
#3367 = FACE_BOUND('',#3368,.F.);
#3368 = EDGE_LOOP('',(#3369));
#3369 = ORIENTED_EDGE('',*,*,#3370,.T.);
#3370 = EDGE_CURVE('',#3371,#3371,#3373,.T.);
#3371 = VERTEX_POINT('',#3372);
#3372 = CARTESIAN_POINT('',(100.,-124.4,0.));
#3373 = CIRCLE('',#3374,0.4);
#3374 = AXIS2_PLACEMENT_3D('',#3375,#3376,#3377);
#3375 = CARTESIAN_POINT('',(100.,-124.,0.));
#3376 = DIRECTION('',(-0.,0.,-1.));
#3377 = DIRECTION('',(-0.,-1.,0.));
#3378 = FACE_BOUND('',#3379,.F.);
#3379 = EDGE_LOOP('',(#3380));
#3380 = ORIENTED_EDGE('',*,*,#3381,.T.);
#3381 = EDGE_CURVE('',#3382,#3382,#3384,.T.);
#3382 = VERTEX_POINT('',#3383);
#3383 = CARTESIAN_POINT('',(105.,-124.4,0.));
#3384 = CIRCLE('',#3385,0.4);
#3385 = AXIS2_PLACEMENT_3D('',#3386,#3387,#3388);
#3386 = CARTESIAN_POINT('',(105.,-124.,0.));
#3387 = DIRECTION('',(-0.,0.,-1.));
#3388 = DIRECTION('',(-0.,-1.,0.));
#3389 = FACE_BOUND('',#3390,.F.);
#3390 = EDGE_LOOP('',(#3391));
#3391 = ORIENTED_EDGE('',*,*,#3392,.T.);
#3392 = EDGE_CURVE('',#3393,#3393,#3395,.T.);
#3393 = VERTEX_POINT('',#3394);
#3394 = CARTESIAN_POINT('',(142.505,-137.675,0.));
#3395 = CIRCLE('',#3396,0.51);
#3396 = AXIS2_PLACEMENT_3D('',#3397,#3398,#3399);
#3397 = CARTESIAN_POINT('',(142.505,-137.165,0.));
#3398 = DIRECTION('',(-0.,0.,-1.));
#3399 = DIRECTION('',(-0.,-1.,0.));
#3400 = FACE_BOUND('',#3401,.F.);
#3401 = EDGE_LOOP('',(#3402));
#3402 = ORIENTED_EDGE('',*,*,#3403,.T.);
#3403 = EDGE_CURVE('',#3404,#3404,#3406,.T.);
#3404 = VERTEX_POINT('',#3405);
#3405 = CARTESIAN_POINT('',(146.6,-135.95,0.));
#3406 = CIRCLE('',#3407,0.45);
#3407 = AXIS2_PLACEMENT_3D('',#3408,#3409,#3410);
#3408 = CARTESIAN_POINT('',(146.6,-135.5,0.));
#3409 = DIRECTION('',(-0.,0.,-1.));
#3410 = DIRECTION('',(-6.315935428979E-14,-1.,0.));
#3411 = FACE_BOUND('',#3412,.F.);
#3412 = EDGE_LOOP('',(#3413,#3424,#3432,#3441));
#3413 = ORIENTED_EDGE('',*,*,#3414,.T.);
#3414 = EDGE_CURVE('',#3415,#3417,#3419,.T.);
#3415 = VERTEX_POINT('',#3416);
#3416 = CARTESIAN_POINT('',(118.92,-111.4,0.));
#3417 = VERTEX_POINT('',#3418);
#3418 = CARTESIAN_POINT('',(118.92,-112.2,0.));
#3419 = CIRCLE('',#3420,0.4);
#3420 = AXIS2_PLACEMENT_3D('',#3421,#3422,#3423);
#3421 = CARTESIAN_POINT('',(118.92,-111.8,0.));
#3422 = DIRECTION('',(-0.,0.,-1.));
#3423 = DIRECTION('',(-0.,-1.,0.));
#3424 = ORIENTED_EDGE('',*,*,#3425,.T.);
#3425 = EDGE_CURVE('',#3417,#3426,#3428,.T.);
#3426 = VERTEX_POINT('',#3427);
#3427 = CARTESIAN_POINT('',(117.52,-112.2,0.));
#3428 = LINE('',#3429,#3430);
#3429 = CARTESIAN_POINT('',(58.76,-112.2,0.));
#3430 = VECTOR('',#3431,1.);
#3431 = DIRECTION('',(-1.,0.,0.));
#3432 = ORIENTED_EDGE('',*,*,#3433,.T.);
#3433 = EDGE_CURVE('',#3426,#3434,#3436,.T.);
#3434 = VERTEX_POINT('',#3435);
#3435 = CARTESIAN_POINT('',(117.52,-111.4,0.));
#3436 = CIRCLE('',#3437,0.4);
#3437 = AXIS2_PLACEMENT_3D('',#3438,#3439,#3440);
#3438 = CARTESIAN_POINT('',(117.52,-111.8,0.));
#3439 = DIRECTION('',(-0.,0.,-1.));
#3440 = DIRECTION('',(0.,1.,0.));
#3441 = ORIENTED_EDGE('',*,*,#3442,.T.);
#3442 = EDGE_CURVE('',#3434,#3415,#3443,.T.);
#3443 = LINE('',#3444,#3445);
#3444 = CARTESIAN_POINT('',(59.46,-111.4,0.));
#3445 = VECTOR('',#3446,1.);
#3446 = DIRECTION('',(1.,0.,-0.));
#3447 = FACE_BOUND('',#3448,.F.);
#3448 = EDGE_LOOP('',(#3449,#3460,#3468,#3477));
#3449 = ORIENTED_EDGE('',*,*,#3450,.T.);
#3450 = EDGE_CURVE('',#3451,#3453,#3455,.T.);
#3451 = VERTEX_POINT('',#3452);
#3452 = CARTESIAN_POINT('',(118.92,-108.86,0.));
#3453 = VERTEX_POINT('',#3454);
#3454 = CARTESIAN_POINT('',(118.92,-109.66,0.));
#3455 = CIRCLE('',#3456,0.4);
#3456 = AXIS2_PLACEMENT_3D('',#3457,#3458,#3459);
#3457 = CARTESIAN_POINT('',(118.92,-109.26,0.));
#3458 = DIRECTION('',(-0.,0.,-1.));
#3459 = DIRECTION('',(-0.,-1.,0.));
#3460 = ORIENTED_EDGE('',*,*,#3461,.T.);
#3461 = EDGE_CURVE('',#3453,#3462,#3464,.T.);
#3462 = VERTEX_POINT('',#3463);
#3463 = CARTESIAN_POINT('',(117.52,-109.66,0.));
#3464 = LINE('',#3465,#3466);
#3465 = CARTESIAN_POINT('',(58.76,-109.66,0.));
#3466 = VECTOR('',#3467,1.);
#3467 = DIRECTION('',(-1.,0.,0.));
#3468 = ORIENTED_EDGE('',*,*,#3469,.T.);
#3469 = EDGE_CURVE('',#3462,#3470,#3472,.T.);
#3470 = VERTEX_POINT('',#3471);
#3471 = CARTESIAN_POINT('',(117.52,-108.86,0.));
#3472 = CIRCLE('',#3473,0.4);
#3473 = AXIS2_PLACEMENT_3D('',#3474,#3475,#3476);
#3474 = CARTESIAN_POINT('',(117.52,-109.26,0.));
#3475 = DIRECTION('',(-0.,0.,-1.));
#3476 = DIRECTION('',(0.,1.,0.));
#3477 = ORIENTED_EDGE('',*,*,#3478,.T.);
#3478 = EDGE_CURVE('',#3470,#3451,#3479,.T.);
#3479 = LINE('',#3480,#3481);
#3480 = CARTESIAN_POINT('',(59.46,-108.86,0.));
#3481 = VECTOR('',#3482,1.);
#3482 = DIRECTION('',(1.,0.,-0.));
#3483 = FACE_BOUND('',#3484,.F.);
#3484 = EDGE_LOOP('',(#3485,#3496,#3504,#3513));
#3485 = ORIENTED_EDGE('',*,*,#3486,.T.);
#3486 = EDGE_CURVE('',#3487,#3489,#3491,.T.);
#3487 = VERTEX_POINT('',#3488);
#3488 = CARTESIAN_POINT('',(118.92,-106.32,0.));
#3489 = VERTEX_POINT('',#3490);
#3490 = CARTESIAN_POINT('',(118.92,-107.12,0.));
#3491 = CIRCLE('',#3492,0.4);
#3492 = AXIS2_PLACEMENT_3D('',#3493,#3494,#3495);
#3493 = CARTESIAN_POINT('',(118.92,-106.72,0.));
#3494 = DIRECTION('',(-0.,0.,-1.));
#3495 = DIRECTION('',(3.5527136788E-14,-1.,-0.));
#3496 = ORIENTED_EDGE('',*,*,#3497,.T.);
#3497 = EDGE_CURVE('',#3489,#3498,#3500,.T.);
#3498 = VERTEX_POINT('',#3499);
#3499 = CARTESIAN_POINT('',(117.52,-107.12,0.));
#3500 = LINE('',#3501,#3502);
#3501 = CARTESIAN_POINT('',(58.76,-107.12,0.));
#3502 = VECTOR('',#3503,1.);
#3503 = DIRECTION('',(-1.,0.,0.));
#3504 = ORIENTED_EDGE('',*,*,#3505,.T.);
#3505 = EDGE_CURVE('',#3498,#3506,#3508,.T.);
#3506 = VERTEX_POINT('',#3507);
#3507 = CARTESIAN_POINT('',(117.52,-106.32,0.));
#3508 = CIRCLE('',#3509,0.4);
#3509 = AXIS2_PLACEMENT_3D('',#3510,#3511,#3512);
#3510 = CARTESIAN_POINT('',(117.52,-106.72,0.));
#3511 = DIRECTION('',(-0.,0.,-1.));
#3512 = DIRECTION('',(-3.5527136788E-14,1.,0.));
#3513 = ORIENTED_EDGE('',*,*,#3514,.T.);
#3514 = EDGE_CURVE('',#3506,#3487,#3515,.T.);
#3515 = LINE('',#3516,#3517);
#3516 = CARTESIAN_POINT('',(59.46,-106.32,0.));
#3517 = VECTOR('',#3518,1.);
#3518 = DIRECTION('',(1.,0.,-0.));
#3519 = FACE_BOUND('',#3520,.F.);
#3520 = EDGE_LOOP('',(#3521,#3532,#3540,#3549));
#3521 = ORIENTED_EDGE('',*,*,#3522,.T.);
#3522 = EDGE_CURVE('',#3523,#3525,#3527,.T.);
#3523 = VERTEX_POINT('',#3524);
#3524 = CARTESIAN_POINT('',(118.92,-103.78,0.));
#3525 = VERTEX_POINT('',#3526);
#3526 = CARTESIAN_POINT('',(118.92,-104.58,0.));
#3527 = CIRCLE('',#3528,0.4);
#3528 = AXIS2_PLACEMENT_3D('',#3529,#3530,#3531);
#3529 = CARTESIAN_POINT('',(118.92,-104.18,0.));
#3530 = DIRECTION('',(-0.,0.,-1.));
#3531 = DIRECTION('',(-0.,-1.,0.));
#3532 = ORIENTED_EDGE('',*,*,#3533,.T.);
#3533 = EDGE_CURVE('',#3525,#3534,#3536,.T.);
#3534 = VERTEX_POINT('',#3535);
#3535 = CARTESIAN_POINT('',(117.52,-104.58,0.));
#3536 = LINE('',#3537,#3538);
#3537 = CARTESIAN_POINT('',(58.76,-104.58,0.));
#3538 = VECTOR('',#3539,1.);
#3539 = DIRECTION('',(-1.,0.,0.));
#3540 = ORIENTED_EDGE('',*,*,#3541,.T.);
#3541 = EDGE_CURVE('',#3534,#3542,#3544,.T.);
#3542 = VERTEX_POINT('',#3543);
#3543 = CARTESIAN_POINT('',(117.52,-103.78,0.));
#3544 = CIRCLE('',#3545,0.4);
#3545 = AXIS2_PLACEMENT_3D('',#3546,#3547,#3548);
#3546 = CARTESIAN_POINT('',(117.52,-104.18,0.));
#3547 = DIRECTION('',(-0.,0.,-1.));
#3548 = DIRECTION('',(0.,1.,0.));
#3549 = ORIENTED_EDGE('',*,*,#3550,.T.);
#3550 = EDGE_CURVE('',#3542,#3523,#3551,.T.);
#3551 = LINE('',#3552,#3553);
#3552 = CARTESIAN_POINT('',(59.46,-103.78,0.));
#3553 = VECTOR('',#3554,1.);
#3554 = DIRECTION('',(1.,0.,-0.));
#3555 = FACE_BOUND('',#3556,.F.);
#3556 = EDGE_LOOP('',(#3557));
#3557 = ORIENTED_EDGE('',*,*,#3558,.T.);
#3558 = EDGE_CURVE('',#3559,#3559,#3561,.T.);
#3559 = VERTEX_POINT('',#3560);
#3560 = CARTESIAN_POINT('',(142.505,-111.65,0.));
#3561 = CIRCLE('',#3562,1.65);
#3562 = AXIS2_PLACEMENT_3D('',#3563,#3564,#3565);
#3563 = CARTESIAN_POINT('',(142.505,-110.,0.));
#3564 = DIRECTION('',(-0.,0.,-1.));
#3565 = DIRECTION('',(-0.,-1.,0.));
#3566 = FACE_BOUND('',#3567,.F.);
#3567 = EDGE_LOOP('',(#3568));
#3568 = ORIENTED_EDGE('',*,*,#3569,.T.);
#3569 = EDGE_CURVE('',#3570,#3570,#3572,.T.);
#3570 = VERTEX_POINT('',#3571);
#3571 = CARTESIAN_POINT('',(153.4,-135.95,0.));
#3572 = CIRCLE('',#3573,0.45);
#3573 = AXIS2_PLACEMENT_3D('',#3574,#3575,#3576);
#3574 = CARTESIAN_POINT('',(153.4,-135.5,0.));
#3575 = DIRECTION('',(-0.,0.,-1.));
#3576 = DIRECTION('',(6.315935428978E-14,-1.,-0.));
#3577 = FACE_BOUND('',#3578,.F.);
#3578 = EDGE_LOOP('',(#3579));
#3579 = ORIENTED_EDGE('',*,*,#3580,.T.);
#3580 = EDGE_CURVE('',#3581,#3581,#3583,.T.);
#3581 = VERTEX_POINT('',#3582);
#3582 = CARTESIAN_POINT('',(157.495,-137.675,0.));
#3583 = CIRCLE('',#3584,0.51);
#3584 = AXIS2_PLACEMENT_3D('',#3585,#3586,#3587);
#3585 = CARTESIAN_POINT('',(157.495,-137.165,0.));
#3586 = DIRECTION('',(-0.,0.,-1.));
#3587 = DIRECTION('',(-0.,-1.,0.));
#3588 = FACE_BOUND('',#3589,.F.);
#3589 = EDGE_LOOP('',(#3590));
#3590 = ORIENTED_EDGE('',*,*,#3591,.T.);
#3591 = EDGE_CURVE('',#3592,#3592,#3594,.T.);
#3592 = VERTEX_POINT('',#3593);
#3593 = CARTESIAN_POINT('',(191.4,-125.,0.));
#3594 = CIRCLE('',#3595,0.5);
#3595 = AXIS2_PLACEMENT_3D('',#3596,#3597,#3598);
#3596 = CARTESIAN_POINT('',(191.4,-124.5,0.));
#3597 = DIRECTION('',(-0.,0.,-1.));
#3598 = DIRECTION('',(-0.,-1.,0.));
#3599 = FACE_BOUND('',#3600,.F.);
#3600 = EDGE_LOOP('',(#3601));
#3601 = ORIENTED_EDGE('',*,*,#3602,.T.);
#3602 = EDGE_CURVE('',#3603,#3603,#3605,.T.);
#3603 = VERTEX_POINT('',#3604);
#3604 = CARTESIAN_POINT('',(191.4,-122.46,0.));
#3605 = CIRCLE('',#3606,0.5);
#3606 = AXIS2_PLACEMENT_3D('',#3607,#3608,#3609);
#3607 = CARTESIAN_POINT('',(191.4,-121.96,0.));
#3608 = DIRECTION('',(-0.,0.,-1.));
#3609 = DIRECTION('',(-0.,-1.,0.));
#3610 = FACE_BOUND('',#3611,.F.);
#3611 = EDGE_LOOP('',(#3612,#3623,#3631,#3640));
#3612 = ORIENTED_EDGE('',*,*,#3613,.T.);
#3613 = EDGE_CURVE('',#3614,#3616,#3618,.T.);
#3614 = VERTEX_POINT('',#3615);
#3615 = CARTESIAN_POINT('',(214.732853,-120.624646,0.));
#3616 = VERTEX_POINT('',#3617);
#3617 = CARTESIAN_POINT('',(214.903176,-120.028499,0.));
#3618 = CIRCLE('',#3619,0.310000471749);
#3619 = AXIS2_PLACEMENT_3D('',#3620,#3621,#3622);
#3620 = CARTESIAN_POINT('',(214.8180145,-120.3265725,0.));
#3621 = DIRECTION('',(0.,-0.,-1.));
#3622 = DIRECTION('',(0.274714098077,0.961525956133,-0.));
#3623 = ORIENTED_EDGE('',*,*,#3624,.T.);
#3624 = EDGE_CURVE('',#3616,#3625,#3627,.T.);
#3625 = VERTEX_POINT('',#3626);
#3626 = CARTESIAN_POINT('',(215.46086,-120.187833,0.));
#3627 = LINE('',#3628,#3629);
#3628 = CARTESIAN_POINT('',(99.987121905774,-87.19622379926,
    5.107025913276E-18));
#3629 = VECTOR('',#3630,1.);
#3630 = DIRECTION('',(0.961525899474,-0.274714296388,0.));
#3631 = ORIENTED_EDGE('',*,*,#3632,.T.);
#3632 = EDGE_CURVE('',#3625,#3633,#3635,.T.);
#3633 = VERTEX_POINT('',#3634);
#3634 = CARTESIAN_POINT('',(215.290537,-120.78398,0.));
#3635 = CIRCLE('',#3636,0.310000471749);
#3636 = AXIS2_PLACEMENT_3D('',#3637,#3638,#3639);
#3637 = CARTESIAN_POINT('',(215.3756985,-120.4859065,0.));
#3638 = DIRECTION('',(-0.,0.,-1.));
#3639 = DIRECTION('',(-0.274714098077,-0.961525956133,0.));
#3640 = ORIENTED_EDGE('',*,*,#3641,.T.);
#3641 = EDGE_CURVE('',#3633,#3614,#3642,.T.);
#3642 = LINE('',#3643,#3644);
#3643 = CARTESIAN_POINT('',(99.537956844298,-87.71270378169,
    5.107025913276E-18));
#3644 = VECTOR('',#3645,1.);
#3645 = DIRECTION('',(-0.961525899474,0.274714296388,0.));
#3646 = FACE_BOUND('',#3647,.F.);
#3647 = EDGE_LOOP('',(#3648));
#3648 = ORIENTED_EDGE('',*,*,#3649,.T.);
#3649 = EDGE_CURVE('',#3650,#3650,#3652,.T.);
#3650 = VERTEX_POINT('',#3651);
#3651 = CARTESIAN_POINT('',(157.495,-111.65,0.));
#3652 = CIRCLE('',#3653,1.65);
#3653 = AXIS2_PLACEMENT_3D('',#3654,#3655,#3656);
#3654 = CARTESIAN_POINT('',(157.495,-110.,0.));
#3655 = DIRECTION('',(-0.,0.,-1.));
#3656 = DIRECTION('',(-0.,-1.,0.));
#3657 = FACE_BOUND('',#3658,.F.);
#3658 = EDGE_LOOP('',(#3659));
#3659 = ORIENTED_EDGE('',*,*,#3660,.T.);
#3660 = EDGE_CURVE('',#3661,#3661,#3663,.T.);
#3661 = VERTEX_POINT('',#3662);
#3662 = CARTESIAN_POINT('',(179.395,-105.1,0.));
#3663 = CIRCLE('',#3664,0.15);
#3664 = AXIS2_PLACEMENT_3D('',#3665,#3666,#3667);
#3665 = CARTESIAN_POINT('',(179.395,-104.95,0.));
#3666 = DIRECTION('',(-0.,0.,-1.));
#3667 = DIRECTION('',(1.894780628694E-13,-1.,-0.));
#3668 = FACE_BOUND('',#3669,.F.);
#3669 = EDGE_LOOP('',(#3670));
#3670 = ORIENTED_EDGE('',*,*,#3671,.T.);
#3671 = EDGE_CURVE('',#3672,#3672,#3674,.T.);
#3672 = VERTEX_POINT('',#3673);
#3673 = CARTESIAN_POINT('',(180.795,-105.1,0.));
#3674 = CIRCLE('',#3675,0.15);
#3675 = AXIS2_PLACEMENT_3D('',#3676,#3677,#3678);
#3676 = CARTESIAN_POINT('',(180.795,-104.95,0.));
#3677 = DIRECTION('',(-0.,0.,-1.));
#3678 = DIRECTION('',(-1.894780628694E-13,-1.,0.));
#3679 = FACE_BOUND('',#3680,.F.);
#3680 = EDGE_LOOP('',(#3681));
#3681 = ORIENTED_EDGE('',*,*,#3682,.T.);
#3682 = EDGE_CURVE('',#3683,#3683,#3685,.T.);
#3683 = VERTEX_POINT('',#3684);
#3684 = CARTESIAN_POINT('',(177.795,-103.5,0.));
#3685 = CIRCLE('',#3686,0.15);
#3686 = AXIS2_PLACEMENT_3D('',#3687,#3688,#3689);
#3687 = CARTESIAN_POINT('',(177.795,-103.35,0.));
#3688 = DIRECTION('',(-0.,0.,-1.));
#3689 = DIRECTION('',(-1.894780628694E-13,-1.,0.));
#3690 = FACE_BOUND('',#3691,.F.);
#3691 = EDGE_LOOP('',(#3692));
#3692 = ORIENTED_EDGE('',*,*,#3693,.T.);
#3693 = EDGE_CURVE('',#3694,#3694,#3696,.T.);
#3694 = VERTEX_POINT('',#3695);
#3695 = CARTESIAN_POINT('',(177.795,-102.1,0.));
#3696 = CIRCLE('',#3697,0.15);
#3697 = AXIS2_PLACEMENT_3D('',#3698,#3699,#3700);
#3698 = CARTESIAN_POINT('',(177.795,-101.95,0.));
#3699 = DIRECTION('',(-0.,0.,-1.));
#3700 = DIRECTION('',(-1.894780628694E-13,-1.,0.));
#3701 = FACE_BOUND('',#3702,.F.);
#3702 = EDGE_LOOP('',(#3703));
#3703 = ORIENTED_EDGE('',*,*,#3704,.T.);
#3704 = EDGE_CURVE('',#3705,#3705,#3707,.T.);
#3705 = VERTEX_POINT('',#3706);
#3706 = CARTESIAN_POINT('',(182.395,-103.5,0.));
#3707 = CIRCLE('',#3708,0.15);
#3708 = AXIS2_PLACEMENT_3D('',#3709,#3710,#3711);
#3709 = CARTESIAN_POINT('',(182.395,-103.35,0.));
#3710 = DIRECTION('',(-0.,0.,-1.));
#3711 = DIRECTION('',(1.894780628694E-13,-1.,-0.));
#3712 = FACE_BOUND('',#3713,.F.);
#3713 = EDGE_LOOP('',(#3714));
#3714 = ORIENTED_EDGE('',*,*,#3715,.T.);
#3715 = EDGE_CURVE('',#3716,#3716,#3718,.T.);
#3716 = VERTEX_POINT('',#3717);
#3717 = CARTESIAN_POINT('',(182.395,-102.1,0.));
#3718 = CIRCLE('',#3719,0.15);
#3719 = AXIS2_PLACEMENT_3D('',#3720,#3721,#3722);
#3720 = CARTESIAN_POINT('',(182.395,-101.95,0.));
#3721 = DIRECTION('',(-0.,0.,-1.));
#3722 = DIRECTION('',(1.894780628694E-13,-1.,-0.));
#3723 = FACE_BOUND('',#3724,.F.);
#3724 = EDGE_LOOP('',(#3725));
#3725 = ORIENTED_EDGE('',*,*,#3726,.T.);
#3726 = EDGE_CURVE('',#3727,#3727,#3729,.T.);
#3727 = VERTEX_POINT('',#3728);
#3728 = CARTESIAN_POINT('',(191.4,-119.92,0.));
#3729 = CIRCLE('',#3730,0.5);
#3730 = AXIS2_PLACEMENT_3D('',#3731,#3732,#3733);
#3731 = CARTESIAN_POINT('',(191.4,-119.42,0.));
#3732 = DIRECTION('',(-0.,0.,-1.));
#3733 = DIRECTION('',(-0.,-1.,0.));
#3734 = FACE_BOUND('',#3735,.F.);
#3735 = EDGE_LOOP('',(#3736));
#3736 = ORIENTED_EDGE('',*,*,#3737,.T.);
#3737 = EDGE_CURVE('',#3738,#3738,#3740,.T.);
#3738 = VERTEX_POINT('',#3739);
#3739 = CARTESIAN_POINT('',(191.4,-117.38,0.));
#3740 = CIRCLE('',#3741,0.5);
#3741 = AXIS2_PLACEMENT_3D('',#3742,#3743,#3744);
#3742 = CARTESIAN_POINT('',(191.4,-116.88,0.));
#3743 = DIRECTION('',(-0.,0.,-1.));
#3744 = DIRECTION('',(-0.,-1.,0.));
#3745 = FACE_BOUND('',#3746,.F.);
#3746 = EDGE_LOOP('',(#3747));
#3747 = ORIENTED_EDGE('',*,*,#3748,.T.);
#3748 = EDGE_CURVE('',#3749,#3749,#3751,.T.);
#3749 = VERTEX_POINT('',#3750);
#3750 = CARTESIAN_POINT('',(191.4,-114.84,0.));
#3751 = CIRCLE('',#3752,0.5);
#3752 = AXIS2_PLACEMENT_3D('',#3753,#3754,#3755);
#3753 = CARTESIAN_POINT('',(191.4,-114.34,0.));
#3754 = DIRECTION('',(-0.,0.,-1.));
#3755 = DIRECTION('',(-0.,-1.,0.));
#3756 = FACE_BOUND('',#3757,.F.);
#3757 = EDGE_LOOP('',(#3758));
#3758 = ORIENTED_EDGE('',*,*,#3759,.T.);
#3759 = EDGE_CURVE('',#3760,#3760,#3762,.T.);
#3760 = VERTEX_POINT('',#3761);
#3761 = CARTESIAN_POINT('',(191.4,-112.3,0.));
#3762 = CIRCLE('',#3763,0.5);
#3763 = AXIS2_PLACEMENT_3D('',#3764,#3765,#3766);
#3764 = CARTESIAN_POINT('',(191.4,-111.8,0.));
#3765 = DIRECTION('',(-0.,0.,-1.));
#3766 = DIRECTION('',(-0.,-1.,0.));
#3767 = FACE_BOUND('',#3768,.F.);
#3768 = EDGE_LOOP('',(#3769,#3780,#3788,#3797));
#3769 = ORIENTED_EDGE('',*,*,#3770,.T.);
#3770 = EDGE_CURVE('',#3771,#3773,#3775,.T.);
#3771 = VERTEX_POINT('',#3772);
#3772 = CARTESIAN_POINT('',(210.473293,-119.407658,0.));
#3773 = VERTEX_POINT('',#3774);
#3774 = CARTESIAN_POINT('',(210.643616,-118.811513,0.));
#3775 = CIRCLE('',#3776,0.309999510223);
#3776 = AXIS2_PLACEMENT_3D('',#3777,#3778,#3779);
#3777 = CARTESIAN_POINT('',(210.5584545,-119.1095855,0.));
#3778 = DIRECTION('',(0.,-0.,-1.));
#3779 = DIRECTION('',(0.274714950158,0.961525712688,-0.));
#3780 = ORIENTED_EDGE('',*,*,#3781,.T.);
#3781 = EDGE_CURVE('',#3773,#3782,#3784,.T.);
#3782 = VERTEX_POINT('',#3783);
#3783 = CARTESIAN_POINT('',(211.682064,-119.108205,0.));
#3784 = LINE('',#3785,#3786);
#3785 = CARTESIAN_POINT('',(98.097726670831,-86.6563497209,0.));
#3786 = VECTOR('',#3787,1.);
#3787 = DIRECTION('',(0.961525764531,-0.274714768703,0.));
#3788 = ORIENTED_EDGE('',*,*,#3789,.T.);
#3789 = EDGE_CURVE('',#3782,#3790,#3792,.T.);
#3790 = VERTEX_POINT('',#3791);
#3791 = CARTESIAN_POINT('',(211.511741,-119.70435,0.));
#3792 = CIRCLE('',#3793,0.309999510223);
#3793 = AXIS2_PLACEMENT_3D('',#3794,#3795,#3796);
#3794 = CARTESIAN_POINT('',(211.5969025,-119.4062775,0.));
#3795 = DIRECTION('',(-0.,0.,-1.));
#3796 = DIRECTION('',(-0.274714950158,-0.961525712688,0.));
#3797 = ORIENTED_EDGE('',*,*,#3798,.T.);
#3798 = EDGE_CURVE('',#3790,#3771,#3799,.T.);
#3799 = LINE('',#3800,#3801);
#3800 = CARTESIAN_POINT('',(97.408179727082,-87.10414873697,
    5.107025913276E-18));
#3801 = VECTOR('',#3802,1.);
#3802 = DIRECTION('',(-0.961525764531,0.274714768703,0.));
#3803 = FACE_BOUND('',#3804,.F.);
#3804 = EDGE_LOOP('',(#3805));
#3805 = ORIENTED_EDGE('',*,*,#3806,.T.);
#3806 = EDGE_CURVE('',#3807,#3807,#3809,.T.);
#3807 = VERTEX_POINT('',#3808);
#3808 = CARTESIAN_POINT('',(211.951284,-118.345307,0.));
#3809 = CIRCLE('',#3810,0.325);
#3810 = AXIS2_PLACEMENT_3D('',#3811,#3812,#3813);
#3811 = CARTESIAN_POINT('',(211.951284,-118.020307,0.));
#3812 = DIRECTION('',(-0.,0.,-1.));
#3813 = DIRECTION('',(-0.,-1.,0.));
#3814 = FACE_BOUND('',#3815,.F.);
#3815 = EDGE_LOOP('',(#3816));
#3816 = ORIENTED_EDGE('',*,*,#3817,.T.);
#3817 = EDGE_CURVE('',#3818,#3818,#3820,.T.);
#3818 = VERTEX_POINT('',#3819);
#3819 = CARTESIAN_POINT('',(213.539134,-112.787688,0.));
#3820 = CIRCLE('',#3821,0.325);
#3821 = AXIS2_PLACEMENT_3D('',#3822,#3823,#3824);
#3822 = CARTESIAN_POINT('',(213.539134,-112.462688,0.));
#3823 = DIRECTION('',(-0.,0.,-1.));
#3824 = DIRECTION('',(-0.,-1.,0.));
#3825 = FACE_BOUND('',#3826,.F.);
#3826 = EDGE_LOOP('',(#3827,#3838,#3846,#3855));
#3827 = ORIENTED_EDGE('',*,*,#3828,.T.);
#3828 = EDGE_CURVE('',#3829,#3831,#3833,.T.);
#3829 = VERTEX_POINT('',#3830);
#3830 = CARTESIAN_POINT('',(212.846826,-111.100075,0.));
#3831 = VERTEX_POINT('',#3832);
#3832 = CARTESIAN_POINT('',(213.017149,-110.50393,0.));
#3833 = CIRCLE('',#3834,0.309999510223);
#3834 = AXIS2_PLACEMENT_3D('',#3835,#3836,#3837);
#3835 = CARTESIAN_POINT('',(212.9319875,-110.8020025,0.));
#3836 = DIRECTION('',(0.,-0.,-1.));
#3837 = DIRECTION('',(0.274714950158,0.961525712688,-0.));
#3838 = ORIENTED_EDGE('',*,*,#3839,.T.);
#3839 = EDGE_CURVE('',#3831,#3840,#3842,.T.);
#3840 = VERTEX_POINT('',#3841);
#3841 = CARTESIAN_POINT('',(214.055597,-110.800622,0.));
#3842 = LINE('',#3843,#3844);
#3843 = CARTESIAN_POINT('',(100.47126092555,-78.34876707938,
    5.107025913276E-18));
#3844 = VECTOR('',#3845,1.);
#3845 = DIRECTION('',(0.961525764531,-0.274714768703,0.));
#3846 = ORIENTED_EDGE('',*,*,#3847,.T.);
#3847 = EDGE_CURVE('',#3840,#3848,#3850,.T.);
#3848 = VERTEX_POINT('',#3849);
#3849 = CARTESIAN_POINT('',(213.885274,-111.396767,0.));
#3850 = CIRCLE('',#3851,0.309999510223);
#3851 = AXIS2_PLACEMENT_3D('',#3852,#3853,#3854);
#3852 = CARTESIAN_POINT('',(213.9704355,-111.0986945,0.));
#3853 = DIRECTION('',(-0.,0.,-1.));
#3854 = DIRECTION('',(-0.274714950158,-0.961525712688,0.));
#3855 = ORIENTED_EDGE('',*,*,#3856,.T.);
#3856 = EDGE_CURVE('',#3848,#3829,#3857,.T.);
#3857 = LINE('',#3858,#3859);
#3858 = CARTESIAN_POINT('',(99.781713981807,-78.79656609546,0.));
#3859 = VECTOR('',#3860,1.);
#3860 = DIRECTION('',(-0.961525764531,0.274714768703,0.));
#3861 = FACE_BOUND('',#3862,.F.);
#3862 = EDGE_LOOP('',(#3863,#3874,#3882,#3891));
#3863 = ORIENTED_EDGE('',*,*,#3864,.T.);
#3864 = EDGE_CURVE('',#3865,#3867,#3869,.T.);
#3865 = VERTEX_POINT('',#3866);
#3866 = CARTESIAN_POINT('',(217.106385,-112.317061,0.));
#3867 = VERTEX_POINT('',#3868);
#3868 = CARTESIAN_POINT('',(217.276708,-111.720914,0.));
#3869 = CIRCLE('',#3870,0.310000471749);
#3870 = AXIS2_PLACEMENT_3D('',#3871,#3872,#3873);
#3871 = CARTESIAN_POINT('',(217.1915465,-112.0189875,0.));
#3872 = DIRECTION('',(0.,-0.,-1.));
#3873 = DIRECTION('',(0.274714098077,0.961525956133,-0.));
#3874 = ORIENTED_EDGE('',*,*,#3875,.T.);
#3875 = EDGE_CURVE('',#3867,#3876,#3878,.T.);
#3876 = VERTEX_POINT('',#3877);
#3877 = CARTESIAN_POINT('',(217.834392,-111.880248,0.));
#3878 = LINE('',#3879,#3880);
#3879 = CARTESIAN_POINT('',(102.3606538465,-78.88863878232,
    5.107025913276E-18));
#3880 = VECTOR('',#3881,1.);
#3881 = DIRECTION('',(0.961525899474,-0.274714296388,0.));
#3882 = ORIENTED_EDGE('',*,*,#3883,.T.);
#3883 = EDGE_CURVE('',#3876,#3884,#3886,.T.);
#3884 = VERTEX_POINT('',#3885);
#3885 = CARTESIAN_POINT('',(217.664069,-112.476395,0.));
#3886 = CIRCLE('',#3887,0.310000471749);
#3887 = AXIS2_PLACEMENT_3D('',#3888,#3889,#3890);
#3888 = CARTESIAN_POINT('',(217.7492305,-112.1783215,0.));
#3889 = DIRECTION('',(-0.,0.,-1.));
#3890 = DIRECTION('',(-0.274714098077,-0.961525956133,0.));
#3891 = ORIENTED_EDGE('',*,*,#3892,.T.);
#3892 = EDGE_CURVE('',#3884,#3865,#3893,.T.);
#3893 = LINE('',#3894,#3895);
#3894 = CARTESIAN_POINT('',(101.91148878503,-79.40511876476,0.));
#3895 = VECTOR('',#3896,1.);
#3896 = DIRECTION('',(-0.961525899474,0.274714296388,0.));
#3897 = FACE_BOUND('',#3898,.F.);
#3898 = EDGE_LOOP('',(#3899));
#3899 = ORIENTED_EDGE('',*,*,#3900,.T.);
#3900 = EDGE_CURVE('',#3901,#3901,#3903,.T.);
#3901 = VERTEX_POINT('',#3902);
#3902 = CARTESIAN_POINT('',(191.4,-109.76,0.));
#3903 = CIRCLE('',#3904,0.5);
#3904 = AXIS2_PLACEMENT_3D('',#3905,#3906,#3907);
#3905 = CARTESIAN_POINT('',(191.4,-109.26,0.));
#3906 = DIRECTION('',(-0.,0.,-1.));
#3907 = DIRECTION('',(-0.,-1.,0.));
#3908 = FACE_BOUND('',#3909,.F.);
#3909 = EDGE_LOOP('',(#3910));
#3910 = ORIENTED_EDGE('',*,*,#3911,.T.);
#3911 = EDGE_CURVE('',#3912,#3912,#3914,.T.);
#3912 = VERTEX_POINT('',#3913);
#3913 = CARTESIAN_POINT('',(191.4,-107.22,0.));
#3914 = CIRCLE('',#3915,0.5);
#3915 = AXIS2_PLACEMENT_3D('',#3916,#3917,#3918);
#3916 = CARTESIAN_POINT('',(191.4,-106.72,0.));
#3917 = DIRECTION('',(-0.,0.,-1.));
#3918 = DIRECTION('',(-0.,-1.,0.));
#3919 = FACE_BOUND('',#3920,.F.);
#3920 = EDGE_LOOP('',(#3921));
#3921 = ORIENTED_EDGE('',*,*,#3922,.T.);
#3922 = EDGE_CURVE('',#3923,#3923,#3925,.T.);
#3923 = VERTEX_POINT('',#3924);
#3924 = CARTESIAN_POINT('',(191.4,-104.68,0.));
#3925 = CIRCLE('',#3926,0.5);
#3926 = AXIS2_PLACEMENT_3D('',#3927,#3928,#3929);
#3927 = CARTESIAN_POINT('',(191.4,-104.18,0.));
#3928 = DIRECTION('',(-0.,0.,-1.));
#3929 = DIRECTION('',(-0.,-1.,0.));
#3930 = FACE_BOUND('',#3931,.F.);
#3931 = EDGE_LOOP('',(#3932));
#3932 = ORIENTED_EDGE('',*,*,#3933,.T.);
#3933 = EDGE_CURVE('',#3934,#3934,#3936,.T.);
#3934 = VERTEX_POINT('',#3935);
#3935 = CARTESIAN_POINT('',(191.4,-102.14,0.));
#3936 = CIRCLE('',#3937,0.5);
#3937 = AXIS2_PLACEMENT_3D('',#3938,#3939,#3940);
#3938 = CARTESIAN_POINT('',(191.4,-101.64,0.));
#3939 = DIRECTION('',(-0.,0.,-1.));
#3940 = DIRECTION('',(-0.,-1.,0.));
#3941 = FACE_BOUND('',#3942,.F.);
#3942 = EDGE_LOOP('',(#3943));
#3943 = ORIENTED_EDGE('',*,*,#3944,.T.);
#3944 = EDGE_CURVE('',#3945,#3945,#3947,.T.);
#3945 = VERTEX_POINT('',#3946);
#3946 = CARTESIAN_POINT('',(110.9,-66.5,0.));
#3947 = CIRCLE('',#3948,0.5);
#3948 = AXIS2_PLACEMENT_3D('',#3949,#3950,#3951);
#3949 = CARTESIAN_POINT('',(110.9,-66.,0.));
#3950 = DIRECTION('',(-0.,0.,-1.));
#3951 = DIRECTION('',(-0.,-1.,0.));
#3952 = FACE_BOUND('',#3953,.F.);
#3953 = EDGE_LOOP('',(#3954,#3965,#3973,#3982));
#3954 = ORIENTED_EDGE('',*,*,#3955,.F.);
#3955 = EDGE_CURVE('',#3956,#3958,#3960,.T.);
#3956 = VERTEX_POINT('',#3957);
#3957 = CARTESIAN_POINT('',(146.,-75.,0.));
#3958 = VERTEX_POINT('',#3959);
#3959 = CARTESIAN_POINT('',(146.,-80.,0.));
#3960 = CIRCLE('',#3961,2.5);
#3961 = AXIS2_PLACEMENT_3D('',#3962,#3963,#3964);
#3962 = CARTESIAN_POINT('',(146.,-77.5,0.));
#3963 = DIRECTION('',(0.,-0.,1.));
#3964 = DIRECTION('',(0.,1.,0.));
#3965 = ORIENTED_EDGE('',*,*,#3966,.F.);
#3966 = EDGE_CURVE('',#3967,#3956,#3969,.T.);
#3967 = VERTEX_POINT('',#3968);
#3968 = CARTESIAN_POINT('',(154.,-75.,0.));
#3969 = LINE('',#3970,#3971);
#3970 = CARTESIAN_POINT('',(154.,-75.,0.));
#3971 = VECTOR('',#3972,1.);
#3972 = DIRECTION('',(-1.,0.,0.));
#3973 = ORIENTED_EDGE('',*,*,#3974,.F.);
#3974 = EDGE_CURVE('',#3975,#3967,#3977,.T.);
#3975 = VERTEX_POINT('',#3976);
#3976 = CARTESIAN_POINT('',(154.,-80.,0.));
#3977 = CIRCLE('',#3978,2.5);
#3978 = AXIS2_PLACEMENT_3D('',#3979,#3980,#3981);
#3979 = CARTESIAN_POINT('',(154.,-77.5,0.));
#3980 = DIRECTION('',(0.,0.,1.));
#3981 = DIRECTION('',(-0.,-1.,0.));
#3982 = ORIENTED_EDGE('',*,*,#3983,.F.);
#3983 = EDGE_CURVE('',#3958,#3975,#3984,.T.);
#3984 = LINE('',#3985,#3986);
#3985 = CARTESIAN_POINT('',(146.,-80.,0.));
#3986 = VECTOR('',#3987,1.);
#3987 = DIRECTION('',(1.,0.,0.));
#3988 = FACE_BOUND('',#3989,.F.);
#3989 = EDGE_LOOP('',(#3990));
#3990 = ORIENTED_EDGE('',*,*,#3991,.T.);
#3991 = EDGE_CURVE('',#3992,#3992,#3994,.T.);
#3992 = VERTEX_POINT('',#3993);
#3993 = CARTESIAN_POINT('',(179.395,-100.4,0.));
#3994 = CIRCLE('',#3995,0.15);
#3995 = AXIS2_PLACEMENT_3D('',#3996,#3997,#3998);
#3996 = CARTESIAN_POINT('',(179.395,-100.25,0.));
#3997 = DIRECTION('',(-0.,0.,-1.));
#3998 = DIRECTION('',(1.894780628694E-13,-1.,-0.));
#3999 = FACE_BOUND('',#4000,.F.);
#4000 = EDGE_LOOP('',(#4001));
#4001 = ORIENTED_EDGE('',*,*,#4002,.T.);
#4002 = EDGE_CURVE('',#4003,#4003,#4005,.T.);
#4003 = VERTEX_POINT('',#4004);
#4004 = CARTESIAN_POINT('',(180.795,-100.4,0.));
#4005 = CIRCLE('',#4006,0.15);
#4006 = AXIS2_PLACEMENT_3D('',#4007,#4008,#4009);
#4007 = CARTESIAN_POINT('',(180.795,-100.25,0.));
#4008 = DIRECTION('',(-0.,0.,-1.));
#4009 = DIRECTION('',(-1.894780628694E-13,-1.,0.));
#4010 = FACE_BOUND('',#4011,.F.);
#4011 = EDGE_LOOP('',(#4012));
#4012 = ORIENTED_EDGE('',*,*,#4013,.T.);
#4013 = EDGE_CURVE('',#4014,#4014,#4016,.T.);
#4014 = VERTEX_POINT('',#4015);
#4015 = CARTESIAN_POINT('',(191.4,-99.6,0.));
#4016 = CIRCLE('',#4017,0.5);
#4017 = AXIS2_PLACEMENT_3D('',#4018,#4019,#4020);
#4018 = CARTESIAN_POINT('',(191.4,-99.1,0.));
#4019 = DIRECTION('',(-0.,0.,-1.));
#4020 = DIRECTION('',(-0.,-1.,0.));
#4021 = FACE_BOUND('',#4022,.F.);
#4022 = EDGE_LOOP('',(#4023));
#4023 = ORIENTED_EDGE('',*,*,#4024,.T.);
#4024 = EDGE_CURVE('',#4025,#4025,#4027,.T.);
#4025 = VERTEX_POINT('',#4026);
#4026 = CARTESIAN_POINT('',(191.4,-97.06,0.));
#4027 = CIRCLE('',#4028,0.5);
#4028 = AXIS2_PLACEMENT_3D('',#4029,#4030,#4031);
#4029 = CARTESIAN_POINT('',(191.4,-96.56,0.));
#4030 = DIRECTION('',(-0.,0.,-1.));
#4031 = DIRECTION('',(-0.,-1.,0.));
#4032 = FACE_BOUND('',#4033,.F.);
#4033 = EDGE_LOOP('',(#4034));
#4034 = ORIENTED_EDGE('',*,*,#4035,.T.);
#4035 = EDGE_CURVE('',#4036,#4036,#4038,.T.);
#4036 = VERTEX_POINT('',#4037);
#4037 = CARTESIAN_POINT('',(191.4,-94.52,0.));
#4038 = CIRCLE('',#4039,0.5);
#4039 = AXIS2_PLACEMENT_3D('',#4040,#4041,#4042);
#4040 = CARTESIAN_POINT('',(191.4,-94.02,0.));
#4041 = DIRECTION('',(-0.,0.,-1.));
#4042 = DIRECTION('',(-0.,-1.,0.));
#4043 = FACE_BOUND('',#4044,.F.);
#4044 = EDGE_LOOP('',(#4045));
#4045 = ORIENTED_EDGE('',*,*,#4046,.T.);
#4046 = EDGE_CURVE('',#4047,#4047,#4049,.T.);
#4047 = VERTEX_POINT('',#4048);
#4048 = CARTESIAN_POINT('',(191.4,-91.98,0.));
#4049 = CIRCLE('',#4050,0.5);
#4050 = AXIS2_PLACEMENT_3D('',#4051,#4052,#4053);
#4051 = CARTESIAN_POINT('',(191.4,-91.48,0.));
#4052 = DIRECTION('',(-0.,0.,-1.));
#4053 = DIRECTION('',(-0.,-1.,0.));
#4054 = FACE_BOUND('',#4055,.F.);
#4055 = EDGE_LOOP('',(#4056));
#4056 = ORIENTED_EDGE('',*,*,#4057,.T.);
#4057 = EDGE_CURVE('',#4058,#4058,#4060,.T.);
#4058 = VERTEX_POINT('',#4059);
#4059 = CARTESIAN_POINT('',(188.998452,-73.563781,0.));
#4060 = CIRCLE('',#4061,0.5);
#4061 = AXIS2_PLACEMENT_3D('',#4062,#4063,#4064);
#4062 = CARTESIAN_POINT('',(188.998452,-73.063781,0.));
#4063 = DIRECTION('',(-0.,0.,-1.));
#4064 = DIRECTION('',(-0.,-1.,0.));
#4065 = FACE_BOUND('',#4066,.F.);
#4066 = EDGE_LOOP('',(#4067));
#4067 = ORIENTED_EDGE('',*,*,#4068,.T.);
#4068 = EDGE_CURVE('',#4069,#4069,#4071,.T.);
#4069 = VERTEX_POINT('',#4070);
#4070 = CARTESIAN_POINT('',(187.434672,-71.562233,0.));
#4071 = CIRCLE('',#4072,0.5);
#4072 = AXIS2_PLACEMENT_3D('',#4073,#4074,#4075);
#4073 = CARTESIAN_POINT('',(187.434672,-71.062233,0.));
#4074 = DIRECTION('',(-0.,0.,-1.));
#4075 = DIRECTION('',(-0.,-1.,0.));
#4076 = FACE_BOUND('',#4077,.F.);
#4077 = EDGE_LOOP('',(#4078));
#4078 = ORIENTED_EDGE('',*,*,#4079,.T.);
#4079 = EDGE_CURVE('',#4080,#4080,#4082,.T.);
#4080 = VERTEX_POINT('',#4081);
#4081 = CARTESIAN_POINT('',(190.999999,-72.000001,0.));
#4082 = CIRCLE('',#4083,0.5);
#4083 = AXIS2_PLACEMENT_3D('',#4084,#4085,#4086);
#4084 = CARTESIAN_POINT('',(190.999999,-71.500001,0.));
#4085 = DIRECTION('',(-0.,0.,-1.));
#4086 = DIRECTION('',(-0.,-1.,0.));
#4087 = FACE_BOUND('',#4088,.F.);
#4088 = EDGE_LOOP('',(#4089));
#4089 = ORIENTED_EDGE('',*,*,#4090,.T.);
#4090 = EDGE_CURVE('',#4091,#4091,#4093,.T.);
#4091 = VERTEX_POINT('',#4092);
#4092 = CARTESIAN_POINT('',(185.870892,-69.560686,0.));
#4093 = CIRCLE('',#4094,0.5);
#4094 = AXIS2_PLACEMENT_3D('',#4095,#4096,#4097);
#4095 = CARTESIAN_POINT('',(185.870892,-69.060686,0.));
#4096 = DIRECTION('',(-0.,0.,-1.));
#4097 = DIRECTION('',(-0.,-1.,0.));
#4098 = FACE_BOUND('',#4099,.F.);
#4099 = EDGE_LOOP('',(#4100));
#4100 = ORIENTED_EDGE('',*,*,#4101,.T.);
#4101 = EDGE_CURVE('',#4102,#4102,#4104,.T.);
#4102 = VERTEX_POINT('',#4103);
#4103 = CARTESIAN_POINT('',(189.436219,-69.998453,0.));
#4104 = CIRCLE('',#4105,0.5);
#4105 = AXIS2_PLACEMENT_3D('',#4106,#4107,#4108);
#4106 = CARTESIAN_POINT('',(189.436219,-69.498453,0.));
#4107 = DIRECTION('',(-0.,0.,-1.));
#4108 = DIRECTION('',(-0.,-1.,0.));
#4109 = FACE_BOUND('',#4110,.F.);
#4110 = EDGE_LOOP('',(#4111));
#4111 = ORIENTED_EDGE('',*,*,#4112,.T.);
#4112 = EDGE_CURVE('',#4113,#4113,#4115,.T.);
#4113 = VERTEX_POINT('',#4114);
#4114 = CARTESIAN_POINT('',(187.872439,-67.996906,0.));
#4115 = CIRCLE('',#4116,0.5);
#4116 = AXIS2_PLACEMENT_3D('',#4117,#4118,#4119);
#4117 = CARTESIAN_POINT('',(187.872439,-67.496906,0.));
#4118 = DIRECTION('',(-0.,0.,-1.));
#4119 = DIRECTION('',(-0.,-1.,0.));
#4120 = PLANE('',#4121);
#4121 = AXIS2_PLACEMENT_3D('',#4122,#4123,#4124);
#4122 = CARTESIAN_POINT('',(0.,0.,0.));
#4123 = DIRECTION('',(0.,0.,1.));
#4124 = DIRECTION('',(1.,0.,-0.));
#4125 = ADVANCED_FACE('',(#4126,#7289,#7300,#7311,#7322,#7333,#7344,
    #7355,#7366,#7377,#7388,#7399,#7435,#7471,#7507,#7543,#7554,#7565,
    #7576,#7587,#7598,#7634,#7645,#7656,#7667,#7678,#7689,#7700,#7711,
    #7722,#7733,#7744,#7755,#7791,#7802,#7813,#7849,#7885,#7896,#7907,
    #7918,#7929,#7940,#7976,#7987,#7998,#8009,#8020,#8031,#8042,#8053,
    #8064,#8075,#8086,#8097),#8108,.T.);
#4126 = FACE_BOUND('',#4127,.T.);
#4127 = EDGE_LOOP('',(#4128,#4129,#4130,#4138,#4146,#4154,#4162,#4170,
    #4178,#4186,#4194,#4202,#4210,#4218,#4226,#4234,#4242,#4250,#4258,
    #4266,#4274,#4282,#4290,#4298,#4306,#4314,#4322,#4330,#4338,#4346,
    #4354,#4362,#4370,#4378,#4386,#4394,#4402,#4410,#4418,#4426,#4434,
    #4442,#4450,#4458,#4466,#4474,#4482,#4490,#4498,#4506,#4514,#4522,
    #4530,#4538,#4546,#4554,#4562,#4570,#4578,#4586,#4594,#4602,#4610,
    #4618,#4626,#4634,#4642,#4650,#4658,#4666,#4674,#4682,#4690,#4698,
    #4706,#4714,#4722,#4730,#4738,#4746,#4754,#4762,#4770,#4778,#4786,
    #4794,#4802,#4810,#4818,#4826,#4834,#4842,#4850,#4858,#4866,#4874,
    #4882,#4890,#4898,#4906,#4914,#4922,#4930,#4938,#4946,#4954,#4962,
    #4970,#4978,#4986,#4994,#5002,#5010,#5018,#5026,#5034,#5042,#5050,
    #5058,#5066,#5074,#5082,#5090,#5098,#5106,#5114,#5122,#5130,#5138,
    #5146,#5154,#5162,#5170,#5178,#5186,#5194,#5202,#5210,#5218,#5226,
    #5234,#5242,#5250,#5258,#5266,#5274,#5282,#5290,#5298,#5306,#5314,
    #5322,#5330,#5338,#5346,#5354,#5362,#5370,#5378,#5386,#5394,#5402,
    #5410,#5418,#5426,#5434,#5442,#5450,#5458,#5466,#5474,#5482,#5490,
    #5498,#5506,#5514,#5522,#5530,#5538,#5546,#5554,#5562,#5570,#5578,
    #5586,#5594,#5602,#5610,#5618,#5626,#5634,#5642,#5650,#5658,#5666,
    #5674,#5682,#5690,#5698,#5706,#5714,#5722,#5730,#5738,#5746,#5754,
    #5762,#5770,#5778,#5786,#5794,#5802,#5810,#5818,#5826,#5834,#5842,
    #5850,#5858,#5866,#5874,#5882,#5890,#5898,#5906,#5914,#5922,#5930,
    #5938,#5946,#5954,#5962,#5970,#5978,#5986,#5994,#6002,#6010,#6018,
    #6026,#6034,#6042,#6050,#6058,#6066,#6074,#6082,#6090,#6098,#6106,
    #6114,#6122,#6130,#6138,#6146,#6154,#6162,#6170,#6178,#6186,#6194,
    #6202,#6210,#6218,#6226,#6234,#6242,#6250,#6258,#6266,#6274,#6282,
    #6290,#6298,#6306,#6314,#6322,#6330,#6338,#6346,#6354,#6362,#6370,
    #6378,#6386,#6394,#6402,#6410,#6418,#6426,#6434,#6442,#6450,#6458,
    #6466,#6474,#6482,#6490,#6498,#6506,#6514,#6522,#6530,#6538,#6546,
    #6554,#6562,#6570,#6578,#6586,#6594,#6602,#6610,#6618,#6626,#6634,
    #6642,#6650,#6658,#6666,#6674,#6682,#6690,#6698,#6706,#6714,#6722,
    #6730,#6738,#6746,#6754,#6762,#6770,#6778,#6786,#6794,#6802,#6810,
    #6818,#6826,#6834,#6842,#6850,#6858,#6866,#6874,#6882,#6890,#6898,
    #6906,#6914,#6922,#6930,#6938,#6946,#6954,#6962,#6970,#6978,#6986,
    #6994,#7002,#7010,#7018,#7026,#7034,#7042,#7050,#7058,#7066,#7074,
    #7082,#7090,#7098,#7106,#7114,#7122,#7130,#7138,#7146,#7154,#7162,
    #7170,#7178,#7186,#7194,#7202,#7210,#7218,#7226,#7234,#7242,#7250,
    #7258,#7266,#7274,#7282,#7288));
#4128 = ORIENTED_EDGE('',*,*,#49,.F.);
#4129 = ORIENTED_EDGE('',*,*,#89,.F.);
#4130 = ORIENTED_EDGE('',*,*,#4131,.F.);
#4131 = EDGE_CURVE('',#4132,#82,#4134,.T.);
#4132 = VERTEX_POINT('',#4133);
#4133 = CARTESIAN_POINT('',(102.018199,-59.049287,1.51));
#4134 = LINE('',#4135,#4136);
#4135 = CARTESIAN_POINT('',(102.018199,-59.049287,1.51));
#4136 = VECTOR('',#4137,1.);
#4137 = DIRECTION('',(0.851188438516,0.524860211997,0.));
#4138 = ORIENTED_EDGE('',*,*,#4139,.F.);
#4139 = EDGE_CURVE('',#4140,#4132,#4142,.T.);
#4140 = VERTEX_POINT('',#4141);
#4141 = CARTESIAN_POINT('',(101.855293,-59.139311,1.51));
#4142 = LINE('',#4143,#4144);
#4143 = CARTESIAN_POINT('',(101.855293,-59.139311,1.51));
#4144 = VECTOR('',#4145,1.);
#4145 = DIRECTION('',(0.875248358849,0.483673764361,0.));
#4146 = ORIENTED_EDGE('',*,*,#4147,.F.);
#4147 = EDGE_CURVE('',#4148,#4140,#4150,.T.);
#4148 = VERTEX_POINT('',#4149);
#4149 = CARTESIAN_POINT('',(101.417816,-59.383487,1.51));
#4150 = LINE('',#4151,#4152);
#4151 = CARTESIAN_POINT('',(101.417816,-59.383487,1.51));
#4152 = VECTOR('',#4153,1.);
#4153 = DIRECTION('',(0.873195331521,0.487370406375,0.));
#4154 = ORIENTED_EDGE('',*,*,#4155,.F.);
#4155 = EDGE_CURVE('',#4156,#4148,#4158,.T.);
#4156 = VERTEX_POINT('',#4157);
#4157 = CARTESIAN_POINT('',(100.815177,-59.743646,1.51));
#4158 = LINE('',#4159,#4160);
#4159 = CARTESIAN_POINT('',(100.815177,-59.743646,1.51));
#4160 = VECTOR('',#4161,1.);
#4161 = DIRECTION('',(0.85838672493,0.513003148591,0.));
#4162 = ORIENTED_EDGE('',*,*,#4163,.F.);
#4163 = EDGE_CURVE('',#4164,#4156,#4166,.T.);
#4164 = VERTEX_POINT('',#4165);
#4165 = CARTESIAN_POINT('',(100.456589,-59.972598,1.51));
#4166 = LINE('',#4167,#4168);
#4167 = CARTESIAN_POINT('',(100.456589,-59.972598,1.51));
#4168 = VECTOR('',#4169,1.);
#4169 = DIRECTION('',(0.842851801542,0.538145742933,0.));
#4170 = ORIENTED_EDGE('',*,*,#4171,.F.);
#4171 = EDGE_CURVE('',#4172,#4164,#4174,.T.);
#4172 = VERTEX_POINT('',#4173);
#4173 = CARTESIAN_POINT('',(100.062312,-60.236997,1.51));
#4174 = LINE('',#4175,#4176);
#4175 = CARTESIAN_POINT('',(100.062312,-60.236997,1.51));
#4176 = VECTOR('',#4177,1.);
#4177 = DIRECTION('',(0.830542547497,0.556955183832,0.));
#4178 = ORIENTED_EDGE('',*,*,#4179,.F.);
#4179 = EDGE_CURVE('',#4180,#4172,#4182,.T.);
#4180 = VERTEX_POINT('',#4181);
#4181 = CARTESIAN_POINT('',(99.634212,-60.538996,1.51));
#4182 = LINE('',#4183,#4184);
#4183 = CARTESIAN_POINT('',(99.634212,-60.538996,1.51));
#4184 = VECTOR('',#4185,1.);
#4185 = DIRECTION('',(0.817138002237,0.576442091888,0.));
#4186 = ORIENTED_EDGE('',*,*,#4187,.F.);
#4187 = EDGE_CURVE('',#4188,#4180,#4190,.T.);
#4188 = VERTEX_POINT('',#4189);
#4189 = CARTESIAN_POINT('',(99.174156,-60.880746,1.51));
#4190 = LINE('',#4191,#4192);
#4191 = CARTESIAN_POINT('',(99.174156,-60.880746,1.51));
#4192 = VECTOR('',#4193,1.);
#4193 = DIRECTION('',(0.802748764103,0.596317383388,0.));
#4194 = ORIENTED_EDGE('',*,*,#4195,.F.);
#4195 = EDGE_CURVE('',#4196,#4188,#4198,.T.);
#4196 = VERTEX_POINT('',#4197);
#4197 = CARTESIAN_POINT('',(98.684011,-61.264396,1.51));
#4198 = LINE('',#4199,#4200);
#4199 = CARTESIAN_POINT('',(98.684011,-61.264396,1.51));
#4200 = VECTOR('',#4201,1.);
#4201 = DIRECTION('',(0.787459569995,0.616366307988,0.));
#4202 = ORIENTED_EDGE('',*,*,#4203,.F.);
#4203 = EDGE_CURVE('',#4204,#4196,#4206,.T.);
#4204 = VERTEX_POINT('',#4205);
#4205 = CARTESIAN_POINT('',(98.165644,-61.692098,1.51));
#4206 = LINE('',#4207,#4208);
#4207 = CARTESIAN_POINT('',(98.165644,-61.692098,1.51));
#4208 = VECTOR('',#4209,1.);
#4209 = DIRECTION('',(0.771337320938,0.63642653726,0.));
#4210 = ORIENTED_EDGE('',*,*,#4211,.F.);
#4211 = EDGE_CURVE('',#4212,#4204,#4214,.T.);
#4212 = VERTEX_POINT('',#4213);
#4213 = CARTESIAN_POINT('',(97.620922,-62.166003,1.51));
#4214 = LINE('',#4215,#4216);
#4215 = CARTESIAN_POINT('',(97.620922,-62.166003,1.51));
#4216 = VECTOR('',#4217,1.);
#4217 = DIRECTION('',(0.754445232122,0.656363003016,0.));
#4218 = ORIENTED_EDGE('',*,*,#4219,.F.);
#4219 = EDGE_CURVE('',#4220,#4212,#4222,.T.);
#4220 = VERTEX_POINT('',#4221);
#4221 = CARTESIAN_POINT('',(97.051712,-62.688262,1.51));
#4222 = LINE('',#4223,#4224);
#4223 = CARTESIAN_POINT('',(97.051712,-62.688262,1.51));
#4224 = VECTOR('',#4225,1.);
#4225 = DIRECTION('',(0.736842512266,0.676064428969,0.));
#4226 = ORIENTED_EDGE('',*,*,#4227,.F.);
#4227 = EDGE_CURVE('',#4228,#4220,#4230,.T.);
#4228 = VERTEX_POINT('',#4229);
#4229 = CARTESIAN_POINT('',(96.459881,-63.261025,1.51));
#4230 = LINE('',#4231,#4232);
#4231 = CARTESIAN_POINT('',(96.459881,-63.261025,1.51));
#4232 = VECTOR('',#4233,1.);
#4233 = DIRECTION('',(0.718587990348,0.695436050351,0.));
#4234 = ORIENTED_EDGE('',*,*,#4235,.F.);
#4235 = EDGE_CURVE('',#4236,#4228,#4238,.T.);
#4236 = VERTEX_POINT('',#4237);
#4237 = CARTESIAN_POINT('',(95.847295,-63.886444,1.51));
#4238 = LINE('',#4239,#4240);
#4239 = CARTESIAN_POINT('',(95.847295,-63.886444,1.51));
#4240 = VECTOR('',#4241,1.);
#4241 = DIRECTION('',(0.699739410645,0.714398178323,0.));
#4242 = ORIENTED_EDGE('',*,*,#4243,.F.);
#4243 = EDGE_CURVE('',#4244,#4236,#4246,.T.);
#4244 = VERTEX_POINT('',#4245);
#4245 = CARTESIAN_POINT('',(95.215821,-64.566669,1.51));
#4246 = LINE('',#4247,#4248);
#4247 = CARTESIAN_POINT('',(95.215821,-64.566669,1.51));
#4248 = VECTOR('',#4249,1.);
#4249 = DIRECTION('',(0.680356500038,0.732881322491,0.));
#4250 = ORIENTED_EDGE('',*,*,#4251,.F.);
#4251 = EDGE_CURVE('',#4252,#4244,#4254,.T.);
#4252 = VERTEX_POINT('',#4253);
#4253 = CARTESIAN_POINT('',(94.567327,-65.30385,1.51));
#4254 = LINE('',#4255,#4256);
#4255 = CARTESIAN_POINT('',(94.567327,-65.30385,1.51));
#4256 = VECTOR('',#4257,1.);
#4257 = DIRECTION('',(0.660498573627,0.750827299875,0.));
#4258 = ORIENTED_EDGE('',*,*,#4259,.F.);
#4259 = EDGE_CURVE('',#4260,#4252,#4262,.T.);
#4260 = VERTEX_POINT('',#4261);
#4261 = CARTESIAN_POINT('',(93.903679,-66.10014,1.51));
#4262 = LINE('',#4263,#4264);
#4263 = CARTESIAN_POINT('',(93.903679,-66.10014,1.51));
#4264 = VECTOR('',#4265,1.);
#4265 = DIRECTION('',(0.640225960209,0.768186643906,0.));
#4266 = ORIENTED_EDGE('',*,*,#4267,.F.);
#4267 = EDGE_CURVE('',#4268,#4260,#4270,.T.);
#4268 = VERTEX_POINT('',#4269);
#4269 = CARTESIAN_POINT('',(93.226744,-66.957688,1.51));
#4270 = LINE('',#4271,#4272);
#4271 = CARTESIAN_POINT('',(93.226744,-66.957688,1.51));
#4272 = VECTOR('',#4273,1.);
#4273 = DIRECTION('',(0.619601107487,0.784916853942,0.));
#4274 = ORIENTED_EDGE('',*,*,#4275,.F.);
#4275 = EDGE_CURVE('',#4276,#4268,#4278,.T.);
#4276 = VERTEX_POINT('',#4277);
#4277 = CARTESIAN_POINT('',(92.538389,-67.878646,1.51));
#4278 = LINE('',#4279,#4280);
#4279 = CARTESIAN_POINT('',(92.538389,-67.878646,1.51));
#4280 = VECTOR('',#4281,1.);
#4281 = DIRECTION('',(0.598683598982,0.800985610551,0.));
#4282 = ORIENTED_EDGE('',*,*,#4283,.F.);
#4283 = EDGE_CURVE('',#4284,#4276,#4286,.T.);
#4284 = VERTEX_POINT('',#4285);
#4285 = CARTESIAN_POINT('',(91.840481,-68.865164,1.51));
#4286 = LINE('',#4287,#4288);
#4287 = CARTESIAN_POINT('',(91.840481,-68.865164,1.51));
#4288 = VECTOR('',#4289,1.);
#4289 = DIRECTION('',(0.577534754752,0.816366098667,0.));
#4290 = ORIENTED_EDGE('',*,*,#4291,.F.);
#4291 = EDGE_CURVE('',#4292,#4284,#4294,.T.);
#4292 = VERTEX_POINT('',#4293);
#4293 = CARTESIAN_POINT('',(91.134887,-69.919394,1.51));
#4294 = LINE('',#4295,#4296);
#4295 = CARTESIAN_POINT('',(91.134887,-69.919394,1.51));
#4296 = VECTOR('',#4297,1.);
#4297 = DIRECTION('',(0.556213159969,0.831039662517,0.));
#4298 = ORIENTED_EDGE('',*,*,#4299,.F.);
#4299 = EDGE_CURVE('',#4300,#4292,#4302,.T.);
#4300 = VERTEX_POINT('',#4301);
#4301 = CARTESIAN_POINT('',(90.423474,-71.043485,1.51));
#4302 = LINE('',#4303,#4304);
#4303 = CARTESIAN_POINT('',(90.423474,-71.043485,1.51));
#4304 = VECTOR('',#4305,1.);
#4305 = DIRECTION('',(0.534777734706,0.844992765923,0.));
#4306 = ORIENTED_EDGE('',*,*,#4307,.F.);
#4307 = EDGE_CURVE('',#4308,#4300,#4310,.T.);
#4308 = VERTEX_POINT('',#4309);
#4309 = CARTESIAN_POINT('',(89.708108,-72.23959,1.51));
#4310 = LINE('',#4311,#4312);
#4311 = CARTESIAN_POINT('',(89.708108,-72.23959,1.51));
#4312 = VECTOR('',#4313,1.);
#4313 = DIRECTION('',(0.513283385681,0.85821918295,0.));
#4314 = ORIENTED_EDGE('',*,*,#4315,.F.);
#4315 = EDGE_CURVE('',#4316,#4308,#4318,.T.);
#4316 = VERTEX_POINT('',#4317);
#4317 = CARTESIAN_POINT('',(88.990657,-73.509858,1.51));
#4318 = LINE('',#4319,#4320);
#4319 = CARTESIAN_POINT('',(88.990657,-73.509858,1.51));
#4320 = VECTOR('',#4321,1.);
#4321 = DIRECTION('',(0.491783683908,0.870717410095,0.));
#4322 = ORIENTED_EDGE('',*,*,#4323,.F.);
#4323 = EDGE_CURVE('',#4324,#4316,#4326,.T.);
#4324 = VERTEX_POINT('',#4325);
#4325 = CARTESIAN_POINT('',(88.272988,-74.85644,1.51));
#4326 = LINE('',#4327,#4328);
#4327 = CARTESIAN_POINT('',(88.272988,-74.85644,1.51));
#4328 = VECTOR('',#4329,1.);
#4329 = DIRECTION('',(0.470328986372,0.882491158357,0.));
#4330 = ORIENTED_EDGE('',*,*,#4331,.F.);
#4331 = EDGE_CURVE('',#4332,#4324,#4334,.T.);
#4332 = VERTEX_POINT('',#4333);
#4333 = CARTESIAN_POINT('',(87.556966,-76.281489,1.51));
#4334 = LINE('',#4335,#4336);
#4335 = CARTESIAN_POINT('',(87.556966,-76.281489,1.51));
#4336 = VECTOR('',#4337,1.);
#4337 = DIRECTION('',(0.448967164676,0.893548255576,0.));
#4338 = ORIENTED_EDGE('',*,*,#4339,.F.);
#4339 = EDGE_CURVE('',#4340,#4332,#4342,.T.);
#4340 = VERTEX_POINT('',#4341);
#4341 = CARTESIAN_POINT('',(86.84446,-77.787153,1.51));
#4342 = LINE('',#4343,#4344);
#4343 = CARTESIAN_POINT('',(86.84446,-77.787153,1.51));
#4344 = VECTOR('',#4345,1.);
#4345 = DIRECTION('',(0.427741491034,0.903901110104,0.));
#4346 = ORIENTED_EDGE('',*,*,#4347,.F.);
#4347 = EDGE_CURVE('',#4348,#4340,#4350,.T.);
#4348 = VERTEX_POINT('',#4349);
#4349 = CARTESIAN_POINT('',(86.490109,-78.570889,1.51));
#4350 = LINE('',#4351,#4352);
#4351 = CARTESIAN_POINT('',(86.490109,-78.570889,1.51));
#4352 = VECTOR('',#4353,1.);
#4353 = DIRECTION('',(0.411978467995,0.911193580919,0.));
#4354 = ORIENTED_EDGE('',*,*,#4355,.F.);
#4355 = EDGE_CURVE('',#4356,#4348,#4358,.T.);
#4356 = VERTEX_POINT('',#4357);
#4357 = CARTESIAN_POINT('',(86.137336,-79.375585,1.51));
#4358 = LINE('',#4359,#4360);
#4359 = CARTESIAN_POINT('',(86.137336,-79.375585,1.51));
#4360 = VECTOR('',#4361,1.);
#4361 = DIRECTION('',(0.401505098378,0.915856787919,0.));
#4362 = ORIENTED_EDGE('',*,*,#4363,.F.);
#4363 = EDGE_CURVE('',#4364,#4356,#4366,.T.);
#4364 = VERTEX_POINT('',#4365);
#4365 = CARTESIAN_POINT('',(85.786376,-80.201511,1.51));
#4366 = LINE('',#4367,#4368);
#4367 = CARTESIAN_POINT('',(85.786376,-80.201511,1.51));
#4368 = VECTOR('',#4369,1.);
#4369 = DIRECTION('',(0.391085377349,0.920354403273,0.));
#4370 = ORIENTED_EDGE('',*,*,#4371,.F.);
#4371 = EDGE_CURVE('',#4372,#4364,#4374,.T.);
#4372 = VERTEX_POINT('',#4373);
#4373 = CARTESIAN_POINT('',(85.437462,-81.048935,1.51));
#4374 = LINE('',#4375,#4376);
#4375 = CARTESIAN_POINT('',(85.437462,-81.048935,1.51));
#4376 = VECTOR('',#4377,1.);
#4377 = DIRECTION('',(0.380726206051,0.924687815441,0.));
#4378 = ORIENTED_EDGE('',*,*,#4379,.F.);
#4379 = EDGE_CURVE('',#4380,#4372,#4382,.T.);
#4380 = VERTEX_POINT('',#4381);
#4381 = CARTESIAN_POINT('',(85.090826,-81.918126,1.51));
#4382 = LINE('',#4383,#4384);
#4383 = CARTESIAN_POINT('',(85.090826,-81.918126,1.51));
#4384 = VECTOR('',#4385,1.);
#4385 = DIRECTION('',(0.370432011392,0.928859583003,0.));
#4386 = ORIENTED_EDGE('',*,*,#4387,.F.);
#4387 = EDGE_CURVE('',#4388,#4380,#4390,.T.);
#4388 = VERTEX_POINT('',#4389);
#4389 = CARTESIAN_POINT('',(84.746703,-82.809353,1.51));
#4390 = LINE('',#4391,#4392);
#4391 = CARTESIAN_POINT('',(84.746703,-82.809353,1.51));
#4392 = VECTOR('',#4393,1.);
#4393 = DIRECTION('',(0.36020372432,0.932873666145,0.));
#4394 = ORIENTED_EDGE('',*,*,#4395,.F.);
#4395 = EDGE_CURVE('',#4396,#4388,#4398,.T.);
#4396 = VERTEX_POINT('',#4397);
#4397 = CARTESIAN_POINT('',(84.405325,-83.722885,1.51));
#4398 = LINE('',#4399,#4400);
#4399 = CARTESIAN_POINT('',(84.405325,-83.722885,1.51));
#4400 = VECTOR('',#4401,1.);
#4401 = DIRECTION('',(0.350047583707,0.93673191957,0.));
#4402 = ORIENTED_EDGE('',*,*,#4403,.F.);
#4403 = EDGE_CURVE('',#4404,#4396,#4406,.T.);
#4404 = VERTEX_POINT('',#4405);
#4405 = CARTESIAN_POINT('',(84.066926,-84.658991,1.51));
#4406 = LINE('',#4407,#4408);
#4407 = CARTESIAN_POINT('',(84.066926,-84.658991,1.51));
#4408 = VECTOR('',#4409,1.);
#4409 = DIRECTION('',(0.339965030711,0.94043807765,0.));
#4410 = ORIENTED_EDGE('',*,*,#4411,.F.);
#4411 = EDGE_CURVE('',#4412,#4404,#4414,.T.);
#4412 = VERTEX_POINT('',#4413);
#4413 = CARTESIAN_POINT('',(83.73174,-85.61794,1.51));
#4414 = LINE('',#4415,#4416);
#4415 = CARTESIAN_POINT('',(83.73174,-85.61794,1.51));
#4416 = VECTOR('',#4417,1.);
#4417 = DIRECTION('',(0.329959133299,0.943995217336,0.));
#4418 = ORIENTED_EDGE('',*,*,#4419,.F.);
#4419 = EDGE_CURVE('',#4420,#4412,#4422,.T.);
#4420 = VERTEX_POINT('',#4421);
#4421 = CARTESIAN_POINT('',(83.4,-86.6,1.51));
#4422 = LINE('',#4423,#4424);
#4423 = CARTESIAN_POINT('',(83.4,-86.6,1.51));
#4424 = VECTOR('',#4425,1.);
#4425 = DIRECTION('',(0.320033904636,0.947406090272,0.));
#4426 = ORIENTED_EDGE('',*,*,#4427,.F.);
#4427 = EDGE_CURVE('',#4428,#4420,#4430,.T.);
#4428 = VERTEX_POINT('',#4429);
#4429 = CARTESIAN_POINT('',(83.,-87.4,1.51));
#4430 = LINE('',#4431,#4432);
#4431 = CARTESIAN_POINT('',(83.,-87.4,1.51));
#4432 = VECTOR('',#4433,1.);
#4433 = DIRECTION('',(0.4472135955,0.894427191,0.));
#4434 = ORIENTED_EDGE('',*,*,#4435,.F.);
#4435 = EDGE_CURVE('',#4436,#4428,#4438,.T.);
#4436 = VERTEX_POINT('',#4437);
#4437 = CARTESIAN_POINT('',(82.970007,-87.47435,1.51));
#4438 = LINE('',#4439,#4440);
#4439 = CARTESIAN_POINT('',(82.970007,-87.47435,1.51));
#4440 = VECTOR('',#4441,1.);
#4441 = DIRECTION('',(0.374109536257,0.927384523745,0.));
#4442 = ORIENTED_EDGE('',*,*,#4443,.F.);
#4443 = EDGE_CURVE('',#4444,#4436,#4446,.T.);
#4444 = VERTEX_POINT('',#4445);
#4445 = CARTESIAN_POINT('',(82.667135,-88.217946,1.51));
#4446 = LINE('',#4447,#4448);
#4447 = CARTESIAN_POINT('',(82.667135,-88.217946,1.51));
#4448 = VECTOR('',#4449,1.);
#4449 = DIRECTION('',(0.377217287348,0.926124785397,0.));
#4450 = ORIENTED_EDGE('',*,*,#4451,.F.);
#4451 = EDGE_CURVE('',#4452,#4444,#4454,.T.);
#4452 = VERTEX_POINT('',#4453);
#4453 = CARTESIAN_POINT('',(82.41752,-88.864936,1.51));
#4454 = LINE('',#4455,#4456);
#4455 = CARTESIAN_POINT('',(82.41752,-88.864936,1.51));
#4456 = VECTOR('',#4457,1.);
#4457 = DIRECTION('',(0.359949534831,0.932971774694,0.));
#4458 = ORIENTED_EDGE('',*,*,#4459,.F.);
#4459 = EDGE_CURVE('',#4460,#4452,#4462,.T.);
#4460 = VERTEX_POINT('',#4461);
#4461 = CARTESIAN_POINT('',(82.117775,-89.680899,1.51));
#4462 = LINE('',#4463,#4464);
#4463 = CARTESIAN_POINT('',(82.117775,-89.680899,1.51));
#4464 = VECTOR('',#4465,1.);
#4465 = DIRECTION('',(0.344820999941,0.938668460107,0.));
#4466 = ORIENTED_EDGE('',*,*,#4467,.F.);
#4467 = EDGE_CURVE('',#4468,#4460,#4470,.T.);
#4468 = VERTEX_POINT('',#4469);
#4469 = CARTESIAN_POINT('',(81.779392,-90.654971,1.51));
#4470 = LINE('',#4471,#4472);
#4471 = CARTESIAN_POINT('',(81.779392,-90.654971,1.51));
#4472 = VECTOR('',#4473,1.);
#4473 = DIRECTION('',(0.328153231114,0.944624505774,0.));
#4474 = ORIENTED_EDGE('',*,*,#4475,.F.);
#4475 = EDGE_CURVE('',#4476,#4468,#4478,.T.);
#4476 = VERTEX_POINT('',#4477);
#4477 = CARTESIAN_POINT('',(81.413864,-91.776285,1.51));
#4478 = LINE('',#4479,#4480);
#4479 = CARTESIAN_POINT('',(81.413864,-91.776285,1.51));
#4480 = VECTOR('',#4481,1.);
#4481 = DIRECTION('',(0.309930262762,0.950759292473,0.));
#4482 = ORIENTED_EDGE('',*,*,#4483,.F.);
#4483 = EDGE_CURVE('',#4484,#4476,#4486,.T.);
#4484 = VERTEX_POINT('',#4485);
#4485 = CARTESIAN_POINT('',(81.032683,-93.033976,1.51));
#4486 = LINE('',#4487,#4488);
#4487 = CARTESIAN_POINT('',(81.032683,-93.033976,1.51));
#4488 = VECTOR('',#4489,1.);
#4489 = DIRECTION('',(0.29005096366,0.957011200812,0.));
#4490 = ORIENTED_EDGE('',*,*,#4491,.F.);
#4491 = EDGE_CURVE('',#4492,#4484,#4494,.T.);
#4492 = VERTEX_POINT('',#4493);
#4493 = CARTESIAN_POINT('',(80.647342,-94.417179,1.51));
#4494 = LINE('',#4495,#4496);
#4495 = CARTESIAN_POINT('',(80.647342,-94.417179,1.51));
#4496 = VECTOR('',#4497,1.);
#4497 = DIRECTION('',(0.268366596631,0.96331685847,0.));
#4498 = ORIENTED_EDGE('',*,*,#4499,.F.);
#4499 = EDGE_CURVE('',#4500,#4492,#4502,.T.);
#4500 = VERTEX_POINT('',#4501);
#4501 = CARTESIAN_POINT('',(80.456701,-95.152451,1.51));
#4502 = LINE('',#4503,#4504);
#4503 = CARTESIAN_POINT('',(80.456701,-95.152451,1.51));
#4504 = VECTOR('',#4505,1.);
#4505 = DIRECTION('',(0.250980571249,0.967992124377,0.));
#4506 = ORIENTED_EDGE('',*,*,#4507,.F.);
#4507 = EDGE_CURVE('',#4508,#4500,#4510,.T.);
#4508 = VERTEX_POINT('',#4509);
#4509 = CARTESIAN_POINT('',(80.269331,-95.915027,1.51));
#4510 = LINE('',#4511,#4512);
#4511 = CARTESIAN_POINT('',(80.269331,-95.915027,1.51));
#4512 = VECTOR('',#4513,1.);
#4513 = DIRECTION('',(0.238609563939,0.971115583232,0.));
#4514 = ORIENTED_EDGE('',*,*,#4515,.F.);
#4515 = EDGE_CURVE('',#4516,#4508,#4518,.T.);
#4516 = VERTEX_POINT('',#4517);
#4517 = CARTESIAN_POINT('',(80.086666,-96.703548,1.51));
#4518 = LINE('',#4519,#4520);
#4519 = CARTESIAN_POINT('',(80.086666,-96.703548,1.51));
#4520 = VECTOR('',#4521,1.);
#4521 = DIRECTION('',(0.225678911186,0.974201739398,0.));
#4522 = ORIENTED_EDGE('',*,*,#4523,.F.);
#4523 = EDGE_CURVE('',#4524,#4516,#4526,.T.);
#4524 = VERTEX_POINT('',#4525);
#4525 = CARTESIAN_POINT('',(79.910143,-97.516656,1.51));
#4526 = LINE('',#4527,#4528);
#4527 = CARTESIAN_POINT('',(79.910143,-97.516656,1.51));
#4528 = VECTOR('',#4529,1.);
#4529 = DIRECTION('',(0.212154656779,0.977236103307,0.));
#4530 = ORIENTED_EDGE('',*,*,#4531,.F.);
#4531 = EDGE_CURVE('',#4532,#4524,#4534,.T.);
#4532 = VERTEX_POINT('',#4533);
#4533 = CARTESIAN_POINT('',(79.7412,-98.352993,1.51));
#4534 = LINE('',#4535,#4536);
#4535 = CARTESIAN_POINT('',(79.7412,-98.352993,1.51));
#4536 = VECTOR('',#4537,1.);
#4537 = DIRECTION('',(0.198004071237,0.980201197599,0.));
#4538 = ORIENTED_EDGE('',*,*,#4539,.F.);
#4539 = EDGE_CURVE('',#4540,#4532,#4542,.T.);
#4540 = VERTEX_POINT('',#4541);
#4541 = CARTESIAN_POINT('',(79.581272,-99.211201,1.51));
#4542 = LINE('',#4543,#4544);
#4543 = CARTESIAN_POINT('',(79.581272,-99.211201,1.51));
#4544 = VECTOR('',#4545,1.);
#4545 = DIRECTION('',(0.183197318838,0.983076163057,0.));
#4546 = ORIENTED_EDGE('',*,*,#4547,.F.);
#4547 = EDGE_CURVE('',#4548,#4540,#4550,.T.);
#4548 = VERTEX_POINT('',#4549);
#4549 = CARTESIAN_POINT('',(79.431796,-100.08992,1.51));
#4550 = LINE('',#4551,#4552);
#4551 = CARTESIAN_POINT('',(79.431796,-100.08992,1.51));
#4552 = VECTOR('',#4553,1.);
#4553 = DIRECTION('',(0.167697739071,0.985838459541,0.));
#4554 = ORIENTED_EDGE('',*,*,#4555,.F.);
#4555 = EDGE_CURVE('',#4556,#4548,#4558,.T.);
#4556 = VERTEX_POINT('',#4557);
#4557 = CARTESIAN_POINT('',(79.294208,-100.987794,1.51));
#4558 = LINE('',#4559,#4560);
#4559 = CARTESIAN_POINT('',(79.294208,-100.987794,1.51));
#4560 = VECTOR('',#4561,1.);
#4561 = DIRECTION('',(0.151469472171,0.98846193604,0.));
#4562 = ORIENTED_EDGE('',*,*,#4563,.F.);
#4563 = EDGE_CURVE('',#4564,#4556,#4566,.T.);
#4564 = VERTEX_POINT('',#4565);
#4565 = CARTESIAN_POINT('',(79.169945,-101.903464,1.51));
#4566 = LINE('',#4567,#4568);
#4567 = CARTESIAN_POINT('',(79.169945,-101.903464,1.51));
#4568 = VECTOR('',#4569,1.);
#4569 = DIRECTION('',(0.134474564904,0.990917045667,0.));
#4570 = ORIENTED_EDGE('',*,*,#4571,.F.);
#4571 = EDGE_CURVE('',#4572,#4564,#4574,.T.);
#4572 = VERTEX_POINT('',#4573);
#4573 = CARTESIAN_POINT('',(79.060444,-102.835572,1.51));
#4574 = LINE('',#4575,#4576);
#4575 = CARTESIAN_POINT('',(79.060444,-102.835572,1.51));
#4576 = VECTOR('',#4577,1.);
#4577 = DIRECTION('',(0.116674389991,0.993170220416,0.));
#4578 = ORIENTED_EDGE('',*,*,#4579,.F.);
#4579 = EDGE_CURVE('',#4580,#4572,#4582,.T.);
#4580 = VERTEX_POINT('',#4581);
#4581 = CARTESIAN_POINT('',(78.967141,-103.782759,1.51));
#4582 = LINE('',#4583,#4584);
#4583 = CARTESIAN_POINT('',(78.967141,-103.782759,1.51));
#4584 = VECTOR('',#4585,1.);
#4585 = DIRECTION('',(9.803090002128E-02,0.995183371365,0.));
#4586 = ORIENTED_EDGE('',*,*,#4587,.F.);
#4587 = EDGE_CURVE('',#4588,#4580,#4590,.T.);
#4588 = VERTEX_POINT('',#4589);
#4589 = CARTESIAN_POINT('',(78.891472,-104.743668,1.51));
#4590 = LINE('',#4591,#4592);
#4591 = CARTESIAN_POINT('',(78.891472,-104.743668,1.51));
#4592 = VECTOR('',#4593,1.);
#4593 = DIRECTION('',(7.850427935131E-02,0.996913776675,0.));
#4594 = ORIENTED_EDGE('',*,*,#4595,.F.);
#4595 = EDGE_CURVE('',#4596,#4588,#4598,.T.);
#4596 = VERTEX_POINT('',#4597);
#4597 = CARTESIAN_POINT('',(78.834875,-105.71694,1.51));
#4598 = LINE('',#4599,#4600);
#4599 = CARTESIAN_POINT('',(78.834875,-105.71694,1.51));
#4600 = VECTOR('',#4601,1.);
#4601 = DIRECTION('',(5.805319443969E-02,0.998313491152,0.));
#4602 = ORIENTED_EDGE('',*,*,#4603,.F.);
#4603 = EDGE_CURVE('',#4604,#4596,#4606,.T.);
#4604 = VERTEX_POINT('',#4605);
#4605 = CARTESIAN_POINT('',(78.798785,-106.701217,1.51));
#4606 = LINE('',#4607,#4608);
#4607 = CARTESIAN_POINT('',(78.798785,-106.701217,1.51));
#4608 = VECTOR('',#4609,1.);
#4609 = DIRECTION('',(3.664188449542E-02,0.999328460668,0.));
#4610 = ORIENTED_EDGE('',*,*,#4611,.F.);
#4611 = EDGE_CURVE('',#4612,#4604,#4614,.T.);
#4612 = VERTEX_POINT('',#4613);
#4613 = CARTESIAN_POINT('',(78.784639,-107.69514,1.51));
#4614 = LINE('',#4615,#4616);
#4615 = CARTESIAN_POINT('',(78.784639,-107.69514,1.51));
#4616 = VECTOR('',#4617,1.);
#4617 = DIRECTION('',(1.423104957215E-02,0.999898733487,0.));
#4618 = ORIENTED_EDGE('',*,*,#4619,.F.);
#4619 = EDGE_CURVE('',#4620,#4612,#4622,.T.);
#4620 = VERTEX_POINT('',#4621);
#4621 = CARTESIAN_POINT('',(78.793874,-108.697353,1.51));
#4622 = LINE('',#4623,#4624);
#4623 = CARTESIAN_POINT('',(78.793874,-108.697353,1.51));
#4624 = VECTOR('',#4625,1.);
#4625 = DIRECTION('',(-9.214216895663E-03,0.999957548202,0.));
#4626 = ORIENTED_EDGE('',*,*,#4627,.F.);
#4627 = EDGE_CURVE('',#4628,#4620,#4630,.T.);
#4628 = VERTEX_POINT('',#4629);
#4629 = CARTESIAN_POINT('',(78.827926,-109.706496,1.51));
#4630 = LINE('',#4631,#4632);
#4631 = CARTESIAN_POINT('',(78.827926,-109.706496,1.51));
#4632 = VECTOR('',#4633,1.);
#4633 = DIRECTION('',(-3.372428917402E-02,0.999431174379,0.));
#4634 = ORIENTED_EDGE('',*,*,#4635,.F.);
#4635 = EDGE_CURVE('',#4636,#4628,#4638,.T.);
#4636 = VERTEX_POINT('',#4637);
#4637 = CARTESIAN_POINT('',(78.888232,-110.721211,1.51));
#4638 = LINE('',#4639,#4640);
#4639 = CARTESIAN_POINT('',(78.888232,-110.721211,1.51));
#4640 = VECTOR('',#4641,1.);
#4641 = DIRECTION('',(-5.932678429104E-02,0.998238615094,0.));
#4642 = ORIENTED_EDGE('',*,*,#4643,.F.);
#4643 = EDGE_CURVE('',#4644,#4636,#4646,.T.);
#4644 = VERTEX_POINT('',#4645);
#4645 = CARTESIAN_POINT('',(78.976228,-111.740141,1.51));
#4646 = LINE('',#4647,#4648);
#4647 = CARTESIAN_POINT('',(78.976228,-111.740141,1.51));
#4648 = VECTOR('',#4649,1.);
#4649 = DIRECTION('',(-8.604092132962E-02,0.996291603827,0.));
#4650 = ORIENTED_EDGE('',*,*,#4651,.F.);
#4651 = EDGE_CURVE('',#4652,#4644,#4654,.T.);
#4652 = VERTEX_POINT('',#4653);
#4653 = CARTESIAN_POINT('',(79.093351,-112.761926,1.51));
#4654 = LINE('',#4655,#4656);
#4655 = CARTESIAN_POINT('',(79.093351,-112.761926,1.51));
#4656 = VECTOR('',#4657,1.);
#4657 = DIRECTION('',(-0.113880175754,0.993494491968,0.));
#4658 = ORIENTED_EDGE('',*,*,#4659,.F.);
#4659 = EDGE_CURVE('',#4660,#4652,#4662,.T.);
#4660 = VERTEX_POINT('',#4661);
#4661 = CARTESIAN_POINT('',(79.241037,-113.785209,1.51));
#4662 = LINE('',#4663,#4664);
#4663 = CARTESIAN_POINT('',(79.241037,-113.785209,1.51));
#4664 = VECTOR('',#4665,1.);
#4665 = DIRECTION('',(-0.142845603535,0.9897449841,0.));
#4666 = ORIENTED_EDGE('',*,*,#4667,.F.);
#4667 = EDGE_CURVE('',#4668,#4660,#4670,.T.);
#4668 = VERTEX_POINT('',#4669);
#4669 = CARTESIAN_POINT('',(79.420723,-114.808631,1.51));
#4670 = LINE('',#4671,#4672);
#4671 = CARTESIAN_POINT('',(79.420723,-114.808631,1.51));
#4672 = VECTOR('',#4673,1.);
#4673 = DIRECTION('',(-0.172928583194,0.984934365892,0.));
#4674 = ORIENTED_EDGE('',*,*,#4675,.F.);
#4675 = EDGE_CURVE('',#4676,#4668,#4678,.T.);
#4676 = VERTEX_POINT('',#4677);
#4677 = CARTESIAN_POINT('',(79.633845,-115.830835,1.51));
#4678 = LINE('',#4679,#4680);
#4679 = CARTESIAN_POINT('',(79.633845,-115.830835,1.51));
#4680 = VECTOR('',#4681,1.);
#4681 = DIRECTION('',(-0.204103707935,0.978949271621,0.));
#4682 = ORIENTED_EDGE('',*,*,#4683,.F.);
#4683 = EDGE_CURVE('',#4684,#4676,#4686,.T.);
#4684 = VERTEX_POINT('',#4685);
#4685 = CARTESIAN_POINT('',(79.88184,-116.850462,1.51));
#4686 = LINE('',#4687,#4688);
#4687 = CARTESIAN_POINT('',(79.88184,-116.850462,1.51));
#4688 = VECTOR('',#4689,1.);
#4689 = DIRECTION('',(-0.236331444514,0.971672500555,0.));
#4690 = ORIENTED_EDGE('',*,*,#4691,.F.);
#4691 = EDGE_CURVE('',#4692,#4684,#4694,.T.);
#4692 = VERTEX_POINT('',#4693);
#4693 = CARTESIAN_POINT('',(80.166144,-117.866154,1.51));
#4694 = LINE('',#4695,#4696);
#4695 = CARTESIAN_POINT('',(80.166144,-117.866154,1.51));
#4696 = VECTOR('',#4697,1.);
#4697 = DIRECTION('',(-0.269551009361,0.962986112752,0.));
#4698 = ORIENTED_EDGE('',*,*,#4699,.F.);
#4699 = EDGE_CURVE('',#4700,#4692,#4702,.T.);
#4700 = VERTEX_POINT('',#4701);
#4701 = CARTESIAN_POINT('',(80.488195,-118.876553,1.51));
#4702 = LINE('',#4703,#4704);
#4703 = CARTESIAN_POINT('',(80.488195,-118.876553,1.51));
#4704 = VECTOR('',#4705,1.);
#4705 = DIRECTION('',(-0.303683484686,0.9527729746,0.));
#4706 = ORIENTED_EDGE('',*,*,#4707,.F.);
#4707 = EDGE_CURVE('',#4708,#4700,#4710,.T.);
#4708 = VERTEX_POINT('',#4709);
#4709 = CARTESIAN_POINT('',(80.663823,-119.379343,1.51));
#4710 = LINE('',#4711,#4712);
#4711 = CARTESIAN_POINT('',(80.663823,-119.379343,1.51));
#4712 = VECTOR('',#4713,1.);
#4713 = DIRECTION('',(-0.329767412919,0.944062208425,0.));
#4714 = ORIENTED_EDGE('',*,*,#4715,.F.);
#4715 = EDGE_CURVE('',#4716,#4708,#4718,.T.);
#4716 = VERTEX_POINT('',#4717);
#4717 = CARTESIAN_POINT('',(80.849427,-119.8803,1.51));
#4718 = LINE('',#4719,#4720);
#4719 = CARTESIAN_POINT('',(80.849427,-119.8803,1.51));
#4720 = VECTOR('',#4721,1.);
#4721 = DIRECTION('',(-0.347420309929,0.937709511655,0.));
#4722 = ORIENTED_EDGE('',*,*,#4723,.F.);
#4723 = EDGE_CURVE('',#4724,#4716,#4726,.T.);
#4724 = VERTEX_POINT('',#4725);
#4725 = CARTESIAN_POINT('',(81.045186,-120.379255,1.51));
#4726 = LINE('',#4727,#4728);
#4727 = CARTESIAN_POINT('',(81.045186,-120.379255,1.51));
#4728 = VECTOR('',#4729,1.);
#4729 = DIRECTION('',(-0.36523366124,0.930915878422,0.));
#4730 = ORIENTED_EDGE('',*,*,#4731,.F.);
#4731 = EDGE_CURVE('',#4732,#4724,#4734,.T.);
#4732 = VERTEX_POINT('',#4733);
#4733 = CARTESIAN_POINT('',(81.251279,-120.876038,1.51));
#4734 = LINE('',#4735,#4736);
#4735 = CARTESIAN_POINT('',(81.251279,-120.876038,1.51));
#4736 = VECTOR('',#4737,1.);
#4737 = DIRECTION('',(-0.383189225925,0.923669863715,0.));
#4738 = ORIENTED_EDGE('',*,*,#4739,.F.);
#4739 = EDGE_CURVE('',#4740,#4732,#4742,.T.);
#4740 = VERTEX_POINT('',#4741);
#4741 = CARTESIAN_POINT('',(81.467886,-121.370479,1.51));
#4742 = LINE('',#4743,#4744);
#4743 = CARTESIAN_POINT('',(81.467886,-121.370479,1.51));
#4744 = VECTOR('',#4745,1.);
#4745 = DIRECTION('',(-0.401268249036,0.915960584477,0.));
#4746 = ORIENTED_EDGE('',*,*,#4747,.F.);
#4747 = EDGE_CURVE('',#4748,#4740,#4750,.T.);
#4748 = VERTEX_POINT('',#4749);
#4749 = CARTESIAN_POINT('',(81.695186,-121.862408,1.51));
#4750 = LINE('',#4751,#4752);
#4751 = CARTESIAN_POINT('',(81.695186,-121.862408,1.51));
#4752 = VECTOR('',#4753,1.);
#4753 = DIRECTION('',(-0.41944735413,0.907779663307,0.));
#4754 = ORIENTED_EDGE('',*,*,#4755,.F.);
#4755 = EDGE_CURVE('',#4756,#4748,#4758,.T.);
#4756 = VERTEX_POINT('',#4757);
#4757 = CARTESIAN_POINT('',(81.933359,-122.351655,1.51));
#4758 = LINE('',#4759,#4760);
#4759 = CARTESIAN_POINT('',(81.933359,-122.351655,1.51));
#4760 = VECTOR('',#4761,1.);
#4761 = DIRECTION('',(-0.43770487816,0.899118701638,0.));
#4762 = ORIENTED_EDGE('',*,*,#4763,.F.);
#4763 = EDGE_CURVE('',#4764,#4756,#4766,.T.);
#4764 = VERTEX_POINT('',#4765);
#4765 = CARTESIAN_POINT('',(82.182585,-122.838052,1.51));
#4766 = LINE('',#4767,#4768);
#4767 = CARTESIAN_POINT('',(82.182585,-122.838052,1.51));
#4768 = VECTOR('',#4769,1.);
#4769 = DIRECTION('',(-0.456014765475,0.889972209492,0.));
#4770 = ORIENTED_EDGE('',*,*,#4771,.F.);
#4771 = EDGE_CURVE('',#4772,#4764,#4774,.T.);
#4772 = VERTEX_POINT('',#4773);
#4773 = CARTESIAN_POINT('',(82.443043,-123.321427,1.51));
#4774 = LINE('',#4775,#4776);
#4775 = CARTESIAN_POINT('',(82.443043,-123.321427,1.51));
#4776 = VECTOR('',#4777,1.);
#4777 = DIRECTION('',(-0.474352744956,0.880334864329,0.));
#4778 = ORIENTED_EDGE('',*,*,#4779,.F.);
#4779 = EDGE_CURVE('',#4780,#4772,#4782,.T.);
#4780 = VERTEX_POINT('',#4781);
#4781 = CARTESIAN_POINT('',(82.714913,-123.801611,1.51));
#4782 = LINE('',#4783,#4784);
#4783 = CARTESIAN_POINT('',(82.714913,-123.801611,1.51));
#4784 = VECTOR('',#4785,1.);
#4785 = DIRECTION('',(-0.49269118365,0.870204227497,0.));
#4786 = ORIENTED_EDGE('',*,*,#4787,.F.);
#4787 = EDGE_CURVE('',#4788,#4780,#4790,.T.);
#4788 = VERTEX_POINT('',#4789);
#4789 = CARTESIAN_POINT('',(82.998374,-124.278435,1.51));
#4790 = LINE('',#4791,#4792);
#4791 = CARTESIAN_POINT('',(82.998374,-124.278435,1.51));
#4792 = VECTOR('',#4793,1.);
#4793 = DIRECTION('',(-0.511000843177,0.859580210494,0.));
#4794 = ORIENTED_EDGE('',*,*,#4795,.F.);
#4795 = EDGE_CURVE('',#4796,#4788,#4798,.T.);
#4796 = VERTEX_POINT('',#4797);
#4797 = CARTESIAN_POINT('',(83.293606,-124.751729,1.51));
#4798 = LINE('',#4799,#4800);
#4799 = CARTESIAN_POINT('',(83.293606,-124.751729,1.51));
#4800 = VECTOR('',#4801,1.);
#4801 = DIRECTION('',(-0.529255239143,0.848462663786,0.));
#4802 = ORIENTED_EDGE('',*,*,#4803,.F.);
#4803 = EDGE_CURVE('',#4804,#4796,#4806,.T.);
#4804 = VERTEX_POINT('',#4805);
#4805 = CARTESIAN_POINT('',(83.600788,-125.221322,1.51));
#4806 = LINE('',#4807,#4808);
#4807 = CARTESIAN_POINT('',(83.600788,-125.221322,1.51));
#4808 = VECTOR('',#4809,1.);
#4809 = DIRECTION('',(-0.547424652811,0.836854975186,0.));
#4810 = ORIENTED_EDGE('',*,*,#4811,.F.);
#4811 = EDGE_CURVE('',#4812,#4804,#4814,.T.);
#4812 = VERTEX_POINT('',#4813);
#4813 = CARTESIAN_POINT('',(83.9201,-125.687045,1.51));
#4814 = LINE('',#4815,#4816);
#4815 = CARTESIAN_POINT('',(83.9201,-125.687045,1.51));
#4816 = VECTOR('',#4817,1.);
#4817 = DIRECTION('',(-0.565479071371,0.824762644548,0.));
#4818 = ORIENTED_EDGE('',*,*,#4819,.F.);
#4819 = EDGE_CURVE('',#4820,#4812,#4822,.T.);
#4820 = VERTEX_POINT('',#4821);
#4821 = CARTESIAN_POINT('',(84.251722,-126.148729,1.51));
#4822 = LINE('',#4823,#4824);
#4823 = CARTESIAN_POINT('',(84.251722,-126.148729,1.51));
#4824 = VECTOR('',#4825,1.);
#4825 = DIRECTION('',(-0.58338851456,0.812193228905,0.));
#4826 = ORIENTED_EDGE('',*,*,#4827,.F.);
#4827 = EDGE_CURVE('',#4828,#4820,#4830,.T.);
#4828 = VERTEX_POINT('',#4829);
#4829 = CARTESIAN_POINT('',(84.595832,-126.606204,1.51));
#4830 = LINE('',#4831,#4832);
#4831 = CARTESIAN_POINT('',(84.595832,-126.606204,1.51));
#4832 = VECTOR('',#4833,1.);
#4833 = DIRECTION('',(-0.601121610502,0.799157562304,0.));
#4834 = ORIENTED_EDGE('',*,*,#4835,.F.);
#4835 = EDGE_CURVE('',#4836,#4828,#4838,.T.);
#4836 = VERTEX_POINT('',#4837);
#4837 = CARTESIAN_POINT('',(84.952612,-127.059299,1.51));
#4838 = LINE('',#4839,#4840);
#4839 = CARTESIAN_POINT('',(84.952612,-127.059299,1.51));
#4840 = VECTOR('',#4841,1.);
#4841 = DIRECTION('',(-0.618654014343,0.785663547925,0.));
#4842 = ORIENTED_EDGE('',*,*,#4843,.F.);
#4843 = EDGE_CURVE('',#4844,#4836,#4846,.T.);
#4844 = VERTEX_POINT('',#4845);
#4845 = CARTESIAN_POINT('',(85.322239,-127.507845,1.51));
#4846 = LINE('',#4847,#4848);
#4847 = CARTESIAN_POINT('',(85.322239,-127.507845,1.51));
#4848 = VECTOR('',#4849,1.);
#4849 = DIRECTION('',(-0.635949353245,0.771730795101,0.));
#4850 = ORIENTED_EDGE('',*,*,#4851,.F.);
#4851 = EDGE_CURVE('',#4852,#4844,#4854,.T.);
#4852 = VERTEX_POINT('',#4853);
#4853 = CARTESIAN_POINT('',(85.704895,-127.951672,1.51));
#4854 = LINE('',#4855,#4856);
#4855 = CARTESIAN_POINT('',(85.704895,-127.951672,1.51));
#4856 = VECTOR('',#4857,1.);
#4857 = DIRECTION('',(-0.652985158555,0.757370703624,0.));
#4858 = ORIENTED_EDGE('',*,*,#4859,.F.);
#4859 = EDGE_CURVE('',#4860,#4852,#4862,.T.);
#4860 = VERTEX_POINT('',#4861);
#4861 = CARTESIAN_POINT('',(86.100757,-128.390611,1.51));
#4862 = LINE('',#4863,#4864);
#4863 = CARTESIAN_POINT('',(86.100757,-128.390611,1.51));
#4864 = VECTOR('',#4865,1.);
#4865 = DIRECTION('',(-0.669727941736,0.742606547276,0.));
#4866 = ORIENTED_EDGE('',*,*,#4867,.F.);
#4867 = EDGE_CURVE('',#4868,#4860,#4870,.T.);
#4868 = VERTEX_POINT('',#4869);
#4869 = CARTESIAN_POINT('',(86.510007,-128.824491,1.51));
#4870 = LINE('',#4871,#4872);
#4871 = CARTESIAN_POINT('',(86.510007,-128.824491,1.51));
#4872 = VECTOR('',#4873,1.);
#4873 = DIRECTION('',(-0.686157657591,0.727452863716,0.));
#4874 = ORIENTED_EDGE('',*,*,#4875,.F.);
#4875 = EDGE_CURVE('',#4876,#4868,#4878,.T.);
#4876 = VERTEX_POINT('',#4877);
#4877 = CARTESIAN_POINT('',(86.932823,-129.253143,1.51));
#4878 = LINE('',#4879,#4880);
#4879 = CARTESIAN_POINT('',(86.932823,-129.253143,1.51));
#4880 = VECTOR('',#4881,1.);
#4881 = DIRECTION('',(-0.702243744692,0.711936600436,0.));
#4882 = ORIENTED_EDGE('',*,*,#4883,.F.);
#4883 = EDGE_CURVE('',#4884,#4876,#4886,.T.);
#4884 = VERTEX_POINT('',#4885);
#4885 = CARTESIAN_POINT('',(87.369385,-129.676398,1.51));
#4886 = LINE('',#4887,#4888);
#4887 = CARTESIAN_POINT('',(87.369385,-129.676398,1.51));
#4888 = VECTOR('',#4889,1.);
#4889 = DIRECTION('',(-0.717964374443,0.696079849609,0.));
#4890 = ORIENTED_EDGE('',*,*,#4891,.F.);
#4891 = EDGE_CURVE('',#4892,#4884,#4894,.T.);
#4892 = VERTEX_POINT('',#4893);
#4893 = CARTESIAN_POINT('',(87.819873,-130.094085,1.51));
#4894 = LINE('',#4895,#4896);
#4895 = CARTESIAN_POINT('',(87.819873,-130.094085,1.51));
#4896 = VECTOR('',#4897,1.);
#4897 = DIRECTION('',(-0.733299187927,0.679906097183,0.));
#4898 = ORIENTED_EDGE('',*,*,#4899,.F.);
#4899 = EDGE_CURVE('',#4900,#4892,#4902,.T.);
#4900 = VERTEX_POINT('',#4901);
#4901 = CARTESIAN_POINT('',(88.284466,-130.506034,1.51));
#4902 = LINE('',#4903,#4904);
#4903 = CARTESIAN_POINT('',(88.284466,-130.506034,1.51));
#4904 = VECTOR('',#4905,1.);
#4905 = DIRECTION('',(-0.748226486083,0.663443385319,0.));
#4906 = ORIENTED_EDGE('',*,*,#4907,.F.);
#4907 = EDGE_CURVE('',#4908,#4900,#4910,.T.);
#4908 = VERTEX_POINT('',#4909);
#4909 = CARTESIAN_POINT('',(88.763344,-130.912076,1.51));
#4910 = LINE('',#4911,#4912);
#4911 = CARTESIAN_POINT('',(88.763344,-130.912076,1.51));
#4912 = VECTOR('',#4913,1.);
#4913 = DIRECTION('',(-0.76272809895,0.646719295423,0.));
#4914 = ORIENTED_EDGE('',*,*,#4915,.F.);
#4915 = EDGE_CURVE('',#4916,#4908,#4918,.T.);
#4916 = VERTEX_POINT('',#4917);
#4917 = CARTESIAN_POINT('',(89.256686,-131.312041,1.51));
#4918 = LINE('',#4919,#4920);
#4919 = CARTESIAN_POINT('',(89.256686,-131.312041,1.51));
#4920 = VECTOR('',#4921,1.);
#4921 = DIRECTION('',(-0.77678811985,0.629762031929,0.));
#4922 = ORIENTED_EDGE('',*,*,#4923,.F.);
#4923 = EDGE_CURVE('',#4924,#4916,#4926,.T.);
#4924 = VERTEX_POINT('',#4925);
#4925 = CARTESIAN_POINT('',(89.764672,-131.70576,1.51));
#4926 = LINE('',#4927,#4928);
#4927 = CARTESIAN_POINT('',(89.764672,-131.70576,1.51));
#4928 = VECTOR('',#4929,1.);
#4929 = DIRECTION('',(-0.790392563813,0.612600681578,0.));
#4930 = ORIENTED_EDGE('',*,*,#4931,.F.);
#4931 = EDGE_CURVE('',#4932,#4924,#4934,.T.);
#4932 = VERTEX_POINT('',#4933);
#4933 = CARTESIAN_POINT('',(90.287481,-132.093062,1.51));
#4934 = LINE('',#4935,#4936);
#4935 = CARTESIAN_POINT('',(90.287481,-132.093062,1.51));
#4936 = VECTOR('',#4937,1.);
#4937 = DIRECTION('',(-0.803530673714,0.59526335046,0.));
#4938 = ORIENTED_EDGE('',*,*,#4939,.F.);
#4939 = EDGE_CURVE('',#4940,#4932,#4942,.T.);
#4940 = VERTEX_POINT('',#4941);
#4941 = CARTESIAN_POINT('',(90.825293,-132.473777,1.51));
#4942 = LINE('',#4943,#4944);
#4943 = CARTESIAN_POINT('',(90.825293,-132.473777,1.51));
#4944 = VECTOR('',#4945,1.);
#4945 = DIRECTION('',(-0.816192784464,0.577779662665,0.));
#4946 = ORIENTED_EDGE('',*,*,#4947,.F.);
#4947 = EDGE_CURVE('',#4948,#4940,#4950,.T.);
#4948 = VERTEX_POINT('',#4949);
#4949 = CARTESIAN_POINT('',(91.378288,-132.847737,1.51));
#4950 = LINE('',#4951,#4952);
#4951 = CARTESIAN_POINT('',(91.378288,-132.847737,1.51));
#4952 = VECTOR('',#4953,1.);
#4953 = DIRECTION('',(-0.828370201024,0.560181051139,0.));
#4954 = ORIENTED_EDGE('',*,*,#4955,.F.);
#4955 = EDGE_CURVE('',#4956,#4948,#4958,.T.);
#4956 = VERTEX_POINT('',#4957);
#4957 = CARTESIAN_POINT('',(91.946645,-133.21477,1.51));
#4958 = LINE('',#4959,#4960);
#4959 = CARTESIAN_POINT('',(91.946645,-133.21477,1.51));
#4960 = VECTOR('',#4961,1.);
#4961 = DIRECTION('',(-0.840060188913,0.542493206413,0.));
#4962 = ORIENTED_EDGE('',*,*,#4963,.F.);
#4963 = EDGE_CURVE('',#4964,#4956,#4966,.T.);
#4964 = VERTEX_POINT('',#4965);
#4965 = CARTESIAN_POINT('',(92.530544,-133.574709,1.51));
#4966 = LINE('',#4967,#4968);
#4967 = CARTESIAN_POINT('',(92.530544,-133.574709,1.51));
#4968 = VECTOR('',#4969,1.);
#4969 = DIRECTION('',(-0.85125686757,0.524749221452,0.));
#4970 = ORIENTED_EDGE('',*,*,#4971,.F.);
#4971 = EDGE_CURVE('',#4972,#4964,#4974,.T.);
#4972 = VERTEX_POINT('',#4973);
#4973 = CARTESIAN_POINT('',(93.130164,-133.927381,1.51));
#4974 = LINE('',#4975,#4976);
#4975 = CARTESIAN_POINT('',(93.130164,-133.927381,1.51));
#4976 = VECTOR('',#4977,1.);
#4977 = DIRECTION('',(-0.861962890176,0.506971375878,0.));
#4978 = ORIENTED_EDGE('',*,*,#4979,.F.);
#4979 = EDGE_CURVE('',#4980,#4972,#4982,.T.);
#4980 = VERTEX_POINT('',#4981);
#4981 = CARTESIAN_POINT('',(93.745685,-134.272619,1.51));
#4982 = LINE('',#4983,#4984);
#4983 = CARTESIAN_POINT('',(93.745685,-134.272619,1.51));
#4984 = VECTOR('',#4985,1.);
#4985 = DIRECTION('',(-0.872175850703,0.489192483027,0.));
#4986 = ORIENTED_EDGE('',*,*,#4987,.F.);
#4987 = EDGE_CURVE('',#4988,#4980,#4990,.T.);
#4988 = VERTEX_POINT('',#4989);
#4989 = CARTESIAN_POINT('',(94.377286,-134.610251,1.51));
#4990 = LINE('',#4991,#4992);
#4991 = CARTESIAN_POINT('',(94.377286,-134.610251,1.51));
#4992 = VECTOR('',#4993,1.);
#4993 = DIRECTION('',(-0.88190139227,0.471433912985,0.));
#4994 = ORIENTED_EDGE('',*,*,#4995,.F.);
#4995 = EDGE_CURVE('',#4996,#4988,#4998,.T.);
#4996 = VERTEX_POINT('',#4997);
#4997 = CARTESIAN_POINT('',(95.025147,-134.940109,1.51));
#4998 = LINE('',#4999,#5000);
#4999 = CARTESIAN_POINT('',(95.025147,-134.940109,1.51));
#5000 = VECTOR('',#5001,1.);
#5001 = DIRECTION('',(-0.891142062665,0.453724392279,0.));
#5002 = ORIENTED_EDGE('',*,*,#5003,.F.);
#5003 = EDGE_CURVE('',#5004,#4996,#5006,.T.);
#5004 = VERTEX_POINT('',#5005);
#5005 = CARTESIAN_POINT('',(95.689448,-135.262023,1.51));
#5006 = LINE('',#5007,#5008);
#5007 = CARTESIAN_POINT('',(95.689448,-135.262023,1.51));
#5008 = VECTOR('',#5009,1.);
#5009 = DIRECTION('',(-0.899905201624,0.436085574274,0.));
#5010 = ORIENTED_EDGE('',*,*,#5011,.F.);
#5011 = EDGE_CURVE('',#5012,#5004,#5014,.T.);
#5012 = VERTEX_POINT('',#5013);
#5013 = CARTESIAN_POINT('',(96.370368,-135.575822,1.51));
#5014 = LINE('',#5015,#5016);
#5015 = CARTESIAN_POINT('',(96.370368,-135.575822,1.51));
#5016 = VECTOR('',#5017,1.);
#5017 = DIRECTION('',(-0.908198653391,0.418539372078,0.));
#5018 = ORIENTED_EDGE('',*,*,#5019,.F.);
#5019 = EDGE_CURVE('',#5020,#5012,#5022,.T.);
#5020 = VERTEX_POINT('',#5021);
#5021 = CARTESIAN_POINT('',(97.068086,-135.881337,1.51));
#5022 = LINE('',#5023,#5024);
#5023 = CARTESIAN_POINT('',(97.068086,-135.881337,1.51));
#5024 = VECTOR('',#5025,1.);
#5025 = DIRECTION('',(-0.916030312636,0.401109045438,0.));
#5026 = ORIENTED_EDGE('',*,*,#5027,.F.);
#5027 = EDGE_CURVE('',#5028,#5020,#5030,.T.);
#5028 = VERTEX_POINT('',#5029);
#5029 = CARTESIAN_POINT('',(97.782783,-136.178398,1.51));
#5030 = LINE('',#5031,#5032);
#5031 = CARTESIAN_POINT('',(97.782783,-136.178398,1.51));
#5032 = VECTOR('',#5033,1.);
#5033 = DIRECTION('',(-0.923411164124,0.383812222279,0.));
#5034 = ORIENTED_EDGE('',*,*,#5035,.F.);
#5035 = EDGE_CURVE('',#5036,#5028,#5038,.T.);
#5036 = VERTEX_POINT('',#5037);
#5037 = CARTESIAN_POINT('',(98.514637,-136.466836,1.51));
#5038 = LINE('',#5039,#5040);
#5039 = CARTESIAN_POINT('',(98.514637,-136.466836,1.51));
#5040 = VECTOR('',#5041,1.);
#5041 = DIRECTION('',(-0.930351210724,0.366669639735,0.));
#5042 = ORIENTED_EDGE('',*,*,#5043,.F.);
#5043 = EDGE_CURVE('',#5044,#5036,#5046,.T.);
#5044 = VERTEX_POINT('',#5045);
#5045 = CARTESIAN_POINT('',(99.263829,-136.746481,1.51));
#5046 = LINE('',#5047,#5048);
#5047 = CARTESIAN_POINT('',(99.263829,-136.746481,1.51));
#5048 = VECTOR('',#5049,1.);
#5049 = DIRECTION('',(-0.936863371352,0.349695615385,0.));
#5050 = ORIENTED_EDGE('',*,*,#5051,.F.);
#5051 = EDGE_CURVE('',#5052,#5044,#5054,.T.);
#5052 = VERTEX_POINT('',#5053);
#5053 = CARTESIAN_POINT('',(100.030538,-137.017162,1.51));
#5054 = LINE('',#5055,#5056);
#5055 = CARTESIAN_POINT('',(100.030538,-137.017162,1.51));
#5056 = VECTOR('',#5057,1.);
#5057 = DIRECTION('',(-0.942960290389,0.33290522788,0.));
#5058 = ORIENTED_EDGE('',*,*,#5059,.F.);
#5059 = EDGE_CURVE('',#5060,#5052,#5062,.T.);
#5060 = VERTEX_POINT('',#5061);
#5061 = CARTESIAN_POINT('',(100.35019,-137.082196,1.51));
#5062 = LINE('',#5063,#5064);
#5063 = CARTESIAN_POINT('',(100.35019,-137.082196,1.51));
#5064 = VECTOR('',#5065,1.);
#5065 = DIRECTION('',(-0.979924665341,0.199368127482,0.));
#5066 = ORIENTED_EDGE('',*,*,#5067,.F.);
#5067 = EDGE_CURVE('',#5068,#5060,#5070,.T.);
#5068 = VERTEX_POINT('',#5069);
#5069 = CARTESIAN_POINT('',(100.431622,-137.073285,1.51));
#5070 = LINE('',#5071,#5072);
#5071 = CARTESIAN_POINT('',(100.431622,-137.073285,1.51));
#5072 = VECTOR('',#5073,1.);
#5073 = DIRECTION('',(-0.994065918017,-0.108779366778,0.));
#5074 = ORIENTED_EDGE('',*,*,#5075,.F.);
#5075 = EDGE_CURVE('',#5076,#5068,#5078,.T.);
#5076 = VERTEX_POINT('',#5077);
#5077 = CARTESIAN_POINT('',(100.581336,-137.101702,1.51));
#5078 = LINE('',#5079,#5080);
#5079 = CARTESIAN_POINT('',(100.581336,-137.101702,1.51));
#5080 = VECTOR('',#5081,1.);
#5081 = DIRECTION('',(-0.982458923892,0.186479121794,0.));
#5082 = ORIENTED_EDGE('',*,*,#5083,.F.);
#5083 = EDGE_CURVE('',#5084,#5076,#5086,.T.);
#5084 = VERTEX_POINT('',#5085);
#5085 = CARTESIAN_POINT('',(100.896858,-137.204814,1.51));
#5086 = LINE('',#5087,#5088);
#5087 = CARTESIAN_POINT('',(100.896858,-137.204814,1.51));
#5088 = VECTOR('',#5089,1.);
#5089 = DIRECTION('',(-0.950530396926,0.310631557507,0.));
#5090 = ORIENTED_EDGE('',*,*,#5091,.F.);
#5091 = EDGE_CURVE('',#5092,#5084,#5094,.T.);
#5092 = VERTEX_POINT('',#5093);
#5093 = CARTESIAN_POINT('',(101.109655,-137.281273,1.51));
#5094 = LINE('',#5095,#5096);
#5095 = CARTESIAN_POINT('',(101.109655,-137.281273,1.51));
#5096 = VECTOR('',#5097,1.);
#5097 = DIRECTION('',(-0.941095717776,0.338140281515,0.));
#5098 = ORIENTED_EDGE('',*,*,#5099,.F.);
#5099 = EDGE_CURVE('',#5100,#5092,#5102,.T.);
#5100 = VERTEX_POINT('',#5101);
#5101 = CARTESIAN_POINT('',(101.668366,-137.479704,1.51));
#5102 = LINE('',#5103,#5104);
#5103 = CARTESIAN_POINT('',(101.668366,-137.479704,1.51));
#5104 = VECTOR('',#5105,1.);
#5105 = DIRECTION('',(-0.94233271432,0.334677539614,0.));
#5106 = ORIENTED_EDGE('',*,*,#5107,.F.);
#5107 = EDGE_CURVE('',#5108,#5100,#5110,.T.);
#5108 = VERTEX_POINT('',#5109);
#5109 = CARTESIAN_POINT('',(102.424805,-137.729121,1.51));
#5110 = LINE('',#5111,#5112);
#5111 = CARTESIAN_POINT('',(102.424805,-137.729121,1.51));
#5112 = VECTOR('',#5113,1.);
#5113 = DIRECTION('',(-0.949706285552,0.313142094238,0.));
#5114 = ORIENTED_EDGE('',*,*,#5115,.F.);
#5115 = EDGE_CURVE('',#5116,#5108,#5118,.T.);
#5116 = VERTEX_POINT('',#5117);
#5117 = CARTESIAN_POINT('',(103.407915,-138.01953,1.51));
#5118 = LINE('',#5119,#5120);
#5119 = CARTESIAN_POINT('',(103.407915,-138.01953,1.51));
#5120 = VECTOR('',#5121,1.);
#5121 = DIRECTION('',(-0.959032370455,0.283296509721,0.));
#5122 = ORIENTED_EDGE('',*,*,#5123,.F.);
#5123 = EDGE_CURVE('',#5124,#5116,#5126,.T.);
#5124 = VERTEX_POINT('',#5125);
#5125 = CARTESIAN_POINT('',(103.993515,-138.176984,1.51));
#5126 = LINE('',#5127,#5128);
#5127 = CARTESIAN_POINT('',(103.993515,-138.176984,1.51));
#5128 = VECTOR('',#5129,1.);
#5129 = DIRECTION('',(-0.965701621754,0.259654342814,0.));
#5130 = ORIENTED_EDGE('',*,*,#5131,.F.);
#5131 = EDGE_CURVE('',#5132,#5124,#5134,.T.);
#5132 = VERTEX_POINT('',#5133);
#5133 = CARTESIAN_POINT('',(104.646635,-138.340939,1.51));
#5134 = LINE('',#5135,#5136);
#5135 = CARTESIAN_POINT('',(104.646635,-138.340939,1.51));
#5136 = VECTOR('',#5137,1.);
#5137 = DIRECTION('',(-0.969906182885,0.243478944474,0.));
#5138 = ORIENTED_EDGE('',*,*,#5139,.F.);
#5139 = EDGE_CURVE('',#5140,#5132,#5142,.T.);
#5140 = VERTEX_POINT('',#5141);
#5141 = CARTESIAN_POINT('',(105.370893,-138.510147,1.51));
#5142 = LINE('',#5143,#5144);
#5143 = CARTESIAN_POINT('',(105.370893,-138.510147,1.51));
#5144 = VECTOR('',#5145,1.);
#5145 = DIRECTION('',(-0.97377736274,0.227503072102,0.));
#5146 = ORIENTED_EDGE('',*,*,#5147,.F.);
#5147 = EDGE_CURVE('',#5148,#5140,#5150,.T.);
#5148 = VERTEX_POINT('',#5149);
#5149 = CARTESIAN_POINT('',(106.169906,-138.683358,1.51));
#5150 = LINE('',#5151,#5152);
#5151 = CARTESIAN_POINT('',(106.169906,-138.683358,1.51));
#5152 = VECTOR('',#5153,1.);
#5153 = DIRECTION('',(-0.977299968624,0.211860263682,0.));
#5154 = ORIENTED_EDGE('',*,*,#5155,.F.);
#5155 = EDGE_CURVE('',#5156,#5148,#5158,.T.);
#5156 = VERTEX_POINT('',#5157);
#5157 = CARTESIAN_POINT('',(107.047292,-138.859323,1.51));
#5158 = LINE('',#5159,#5160);
#5159 = CARTESIAN_POINT('',(107.047292,-138.859323,1.51));
#5160 = VECTOR('',#5161,1.);
#5161 = DIRECTION('',(-0.980475705845,0.196640255918,0.));
#5162 = ORIENTED_EDGE('',*,*,#5163,.F.);
#5163 = EDGE_CURVE('',#5164,#5156,#5166,.T.);
#5164 = VERTEX_POINT('',#5165);
#5165 = CARTESIAN_POINT('',(108.006669,-139.036793,1.51));
#5166 = LINE('',#5167,#5168);
#5167 = CARTESIAN_POINT('',(108.006669,-139.036793,1.51));
#5168 = VECTOR('',#5169,1.);
#5169 = DIRECTION('',(-0.983317295755,0.181898586768,0.));
#5170 = ORIENTED_EDGE('',*,*,#5171,.F.);
#5171 = EDGE_CURVE('',#5172,#5164,#5174,.T.);
#5172 = VERTEX_POINT('',#5173);
#5173 = CARTESIAN_POINT('',(109.051653,-139.21452,1.51));
#5174 = LINE('',#5175,#5176);
#5175 = CARTESIAN_POINT('',(109.051653,-139.21452,1.51));
#5176 = VECTOR('',#5177,1.);
#5177 = DIRECTION('',(-0.985843417674,0.167668589273,0.));
#5178 = ORIENTED_EDGE('',*,*,#5179,.F.);
#5179 = EDGE_CURVE('',#5180,#5172,#5182,.T.);
#5180 = VERTEX_POINT('',#5181);
#5181 = CARTESIAN_POINT('',(110.185863,-139.391253,1.51));
#5182 = LINE('',#5183,#5184);
#5183 = CARTESIAN_POINT('',(110.185863,-139.391253,1.51));
#5184 = VECTOR('',#5185,1.);
#5185 = DIRECTION('',(-0.988076698252,0.153962457669,0.));
#5186 = ORIENTED_EDGE('',*,*,#5187,.F.);
#5187 = EDGE_CURVE('',#5188,#5180,#5190,.T.);
#5188 = VERTEX_POINT('',#5189);
#5189 = CARTESIAN_POINT('',(111.412917,-139.565745,1.51));
#5190 = LINE('',#5191,#5192);
#5191 = CARTESIAN_POINT('',(111.412917,-139.565745,1.51));
#5192 = VECTOR('',#5193,1.);
#5193 = DIRECTION('',(-0.990039818613,0.140787632842,0.));
#5194 = ORIENTED_EDGE('',*,*,#5195,.F.);
#5195 = EDGE_CURVE('',#5196,#5188,#5198,.T.);
#5196 = VERTEX_POINT('',#5197);
#5197 = CARTESIAN_POINT('',(112.736431,-139.736746,1.51));
#5198 = LINE('',#5199,#5200);
#5199 = CARTESIAN_POINT('',(112.736431,-139.736746,1.51));
#5200 = VECTOR('',#5201,1.);
#5201 = DIRECTION('',(-0.99175645413,0.128137175287,0.));
#5202 = ORIENTED_EDGE('',*,*,#5203,.F.);
#5203 = EDGE_CURVE('',#5204,#5196,#5206,.T.);
#5204 = VERTEX_POINT('',#5205);
#5205 = CARTESIAN_POINT('',(114.160023,-139.903008,1.51));
#5206 = LINE('',#5207,#5208);
#5207 = CARTESIAN_POINT('',(114.160023,-139.903008,1.51));
#5208 = VECTOR('',#5209,1.);
#5209 = DIRECTION('',(-0.993248976405,0.116002029595,0.));
#5210 = ORIENTED_EDGE('',*,*,#5211,.F.);
#5211 = EDGE_CURVE('',#5212,#5204,#5214,.T.);
#5212 = VERTEX_POINT('',#5213);
#5213 = CARTESIAN_POINT('',(115.687311,-140.06328,1.51));
#5214 = LINE('',#5215,#5216);
#5215 = CARTESIAN_POINT('',(115.687311,-140.06328,1.51));
#5216 = VECTOR('',#5217,1.);
#5217 = DIRECTION('',(-0.994538970551,0.104365875911,0.));
#5218 = ORIENTED_EDGE('',*,*,#5219,.F.);
#5219 = EDGE_CURVE('',#5220,#5212,#5222,.T.);
#5220 = VERTEX_POINT('',#5221);
#5221 = CARTESIAN_POINT('',(117.321912,-140.216315,1.51));
#5222 = LINE('',#5223,#5224);
#5223 = CARTESIAN_POINT('',(117.321912,-140.216315,1.51));
#5224 = VECTOR('',#5225,1.);
#5225 = DIRECTION('',(-0.995646039928,9.321460816458E-02,0.));
#5226 = ORIENTED_EDGE('',*,*,#5227,.F.);
#5227 = EDGE_CURVE('',#5228,#5220,#5230,.T.);
#5228 = VERTEX_POINT('',#5229);
#5229 = CARTESIAN_POINT('',(119.067445,-140.360863,1.51));
#5230 = LINE('',#5231,#5232);
#5231 = CARTESIAN_POINT('',(119.067445,-140.360863,1.51));
#5232 = VECTOR('',#5233,1.);
#5233 = DIRECTION('',(-0.996588766888,8.252775116605E-02,0.));
#5234 = ORIENTED_EDGE('',*,*,#5235,.F.);
#5235 = EDGE_CURVE('',#5236,#5228,#5238,.T.);
#5236 = VERTEX_POINT('',#5237);
#5237 = CARTESIAN_POINT('',(120.927526,-140.495675,1.51));
#5238 = LINE('',#5239,#5240);
#5239 = CARTESIAN_POINT('',(120.927526,-140.495675,1.51));
#5240 = VECTOR('',#5241,1.);
#5241 = DIRECTION('',(-0.997383886731,7.228680715412E-02,0.));
#5242 = ORIENTED_EDGE('',*,*,#5243,.F.);
#5243 = EDGE_CURVE('',#5244,#5236,#5246,.T.);
#5244 = VERTEX_POINT('',#5245);
#5245 = CARTESIAN_POINT('',(122.905773,-140.619503,1.51));
#5246 = LINE('',#5247,#5248);
#5247 = CARTESIAN_POINT('',(122.905773,-140.619503,1.51));
#5248 = VECTOR('',#5249,1.);
#5249 = DIRECTION('',(-0.998046682839,6.247254495654E-02,0.));
#5250 = ORIENTED_EDGE('',*,*,#5251,.F.);
#5251 = EDGE_CURVE('',#5252,#5244,#5254,.T.);
#5252 = VERTEX_POINT('',#5253);
#5253 = CARTESIAN_POINT('',(125.005804,-140.731097,1.51));
#5254 = LINE('',#5255,#5256);
#5255 = CARTESIAN_POINT('',(125.005804,-140.731097,1.51));
#5256 = VECTOR('',#5257,1.);
#5257 = DIRECTION('',(-0.998591095008,5.306434745787E-02,0.));
#5258 = ORIENTED_EDGE('',*,*,#5259,.F.);
#5259 = EDGE_CURVE('',#5260,#5252,#5262,.T.);
#5260 = VERTEX_POINT('',#5261);
#5261 = CARTESIAN_POINT('',(127.231236,-140.829208,1.51));
#5262 = LINE('',#5263,#5264);
#5263 = CARTESIAN_POINT('',(127.231236,-140.829208,1.51));
#5264 = VECTOR('',#5265,1.);
#5265 = DIRECTION('',(-0.999029614621,4.404349111548E-02,0.));
#5266 = ORIENTED_EDGE('',*,*,#5267,.F.);
#5267 = EDGE_CURVE('',#5268,#5260,#5270,.T.);
#5268 = VERTEX_POINT('',#5269);
#5269 = CARTESIAN_POINT('',(129.585687,-140.912587,1.51));
#5270 = LINE('',#5271,#5272);
#5271 = CARTESIAN_POINT('',(129.585687,-140.912587,1.51));
#5272 = VECTOR('',#5273,1.);
#5273 = DIRECTION('',(-0.999373536458,3.539116596451E-02,0.));
#5274 = ORIENTED_EDGE('',*,*,#5275,.F.);
#5275 = EDGE_CURVE('',#5276,#5268,#5278,.T.);
#5276 = VERTEX_POINT('',#5277);
#5277 = CARTESIAN_POINT('',(132.072774,-140.979985,1.51));
#5278 = LINE('',#5279,#5280);
#5279 = CARTESIAN_POINT('',(132.072774,-140.979985,1.51));
#5280 = VECTOR('',#5281,1.);
#5281 = DIRECTION('',(-0.999633019532,2.708922777949E-02,0.));
#5282 = ORIENTED_EDGE('',*,*,#5283,.F.);
#5283 = EDGE_CURVE('',#5284,#5276,#5286,.T.);
#5284 = VERTEX_POINT('',#5285);
#5285 = CARTESIAN_POINT('',(134.696115,-141.030154,1.51));
#5286 = LINE('',#5287,#5288);
#5287 = CARTESIAN_POINT('',(134.696115,-141.030154,1.51));
#5288 = VECTOR('',#5289,1.);
#5289 = DIRECTION('',(-0.999817184804,1.912059024901E-02,0.));
#5290 = ORIENTED_EDGE('',*,*,#5291,.F.);
#5291 = EDGE_CURVE('',#5292,#5284,#5294,.T.);
#5292 = VERTEX_POINT('',#5293);
#5293 = CARTESIAN_POINT('',(137.459328,-141.061844,1.51));
#5294 = LINE('',#5295,#5296);
#5295 = CARTESIAN_POINT('',(137.459328,-141.061844,1.51));
#5296 = VECTOR('',#5297,1.);
#5297 = DIRECTION('',(-0.99993424286,1.14677790515E-02,0.));
#5298 = ORIENTED_EDGE('',*,*,#5299,.F.);
#5299 = EDGE_CURVE('',#5300,#5292,#5302,.T.);
#5300 = VERTEX_POINT('',#5301);
#5301 = CARTESIAN_POINT('',(140.366029,-141.073806,1.51));
#5302 = LINE('',#5303,#5304);
#5303 = CARTESIAN_POINT('',(140.366029,-141.073806,1.51));
#5304 = VECTOR('',#5305,1.);
#5305 = DIRECTION('',(-0.999991532185,4.115283514878E-03,0.));
#5306 = ORIENTED_EDGE('',*,*,#5307,.F.);
#5307 = EDGE_CURVE('',#5308,#5300,#5310,.T.);
#5308 = VERTEX_POINT('',#5309);
#5309 = CARTESIAN_POINT('',(143.419837,-141.064792,1.51));
#5310 = LINE('',#5311,#5312);
#5311 = CARTESIAN_POINT('',(143.419837,-141.064792,1.51));
#5312 = VECTOR('',#5313,1.);
#5313 = DIRECTION('',(-0.99999564369,-2.951711676765E-03,0.));
#5314 = ORIENTED_EDGE('',*,*,#5315,.F.);
#5315 = EDGE_CURVE('',#5316,#5308,#5318,.T.);
#5316 = VERTEX_POINT('',#5317);
#5317 = CARTESIAN_POINT('',(146.62437,-141.033552,1.51));
#5318 = LINE('',#5319,#5320);
#5319 = CARTESIAN_POINT('',(146.62437,-141.033552,1.51));
#5320 = VECTOR('',#5321,1.);
#5321 = DIRECTION('',(-0.999952484905,-9.748227160853E-03,0.));
#5322 = ORIENTED_EDGE('',*,*,#5323,.F.);
#5323 = EDGE_CURVE('',#5324,#5316,#5326,.T.);
#5324 = VERTEX_POINT('',#5325);
#5325 = CARTESIAN_POINT('',(149.983244,-140.978837,1.51));
#5326 = LINE('',#5327,#5328);
#5327 = CARTESIAN_POINT('',(149.983244,-140.978837,1.51));
#5328 = VECTOR('',#5329,1.);
#5329 = DIRECTION('',(-0.999867349477,-1.6287524339E-02,0.));
#5330 = ORIENTED_EDGE('',*,*,#5331,.F.);
#5331 = EDGE_CURVE('',#5332,#5324,#5334,.T.);
#5332 = VERTEX_POINT('',#5333);
#5333 = CARTESIAN_POINT('',(153.406404,-141.034768,1.51));
#5334 = LINE('',#5335,#5336);
#5335 = CARTESIAN_POINT('',(153.406404,-141.034768,1.51));
#5336 = VECTOR('',#5337,1.);
#5337 = DIRECTION('',(-0.999866545313,1.63368162008E-02,0.));
#5338 = ORIENTED_EDGE('',*,*,#5339,.F.);
#5339 = EDGE_CURVE('',#5340,#5332,#5342,.T.);
#5340 = VERTEX_POINT('',#5341);
#5341 = CARTESIAN_POINT('',(156.66919,-141.067005,1.51));
#5342 = LINE('',#5343,#5344);
#5343 = CARTESIAN_POINT('',(156.66919,-141.067005,1.51));
#5344 = VECTOR('',#5345,1.);
#5345 = DIRECTION('',(-0.999951194331,9.879724459906E-03,0.));
#5346 = ORIENTED_EDGE('',*,*,#5347,.F.);
#5347 = EDGE_CURVE('',#5348,#5340,#5350,.T.);
#5348 = VERTEX_POINT('',#5349);
#5349 = CARTESIAN_POINT('',(159.775478,-141.076802,1.51));
#5350 = LINE('',#5351,#5352);
#5351 = CARTESIAN_POINT('',(159.775478,-141.076802,1.51));
#5352 = VECTOR('',#5353,1.);
#5353 = DIRECTION('',(-0.999995026415,3.153909513149E-03,0.));
#5354 = ORIENTED_EDGE('',*,*,#5355,.F.);
#5355 = EDGE_CURVE('',#5356,#5348,#5358,.T.);
#5356 = VERTEX_POINT('',#5357);
#5357 = CARTESIAN_POINT('',(162.729141,-141.065415,1.51));
#5358 = LINE('',#5359,#5360);
#5359 = CARTESIAN_POINT('',(162.729141,-141.065415,1.51));
#5360 = VECTOR('',#5361,1.);
#5361 = DIRECTION('',(-0.999992568749,-3.855184352559E-03,0.));
#5362 = ORIENTED_EDGE('',*,*,#5363,.F.);
#5363 = EDGE_CURVE('',#5364,#5356,#5366,.T.);
#5364 = VERTEX_POINT('',#5365);
#5365 = CARTESIAN_POINT('',(165.534053,-141.034098,1.51));
#5366 = LINE('',#5367,#5368);
#5367 = CARTESIAN_POINT('',(165.534053,-141.034098,1.51));
#5368 = VECTOR('',#5369,1.);
#5369 = DIRECTION('',(-0.999937676587,-1.116436031422E-02,0.));
#5370 = ORIENTED_EDGE('',*,*,#5371,.F.);
#5371 = EDGE_CURVE('',#5372,#5364,#5374,.T.);
#5372 = VERTEX_POINT('',#5373);
#5373 = CARTESIAN_POINT('',(168.19409,-140.984106,1.51));
#5374 = LINE('',#5375,#5376);
#5375 = CARTESIAN_POINT('',(168.19409,-140.984106,1.51));
#5376 = VECTOR('',#5377,1.);
#5377 = DIRECTION('',(-0.999823444746,-1.879040541532E-02,0.));
#5378 = ORIENTED_EDGE('',*,*,#5379,.F.);
#5379 = EDGE_CURVE('',#5380,#5372,#5382,.T.);
#5380 = VERTEX_POINT('',#5381);
#5381 = CARTESIAN_POINT('',(170.713125,-140.916693,1.51));
#5382 = LINE('',#5383,#5384);
#5383 = CARTESIAN_POINT('',(170.713125,-140.916693,1.51));
#5384 = VECTOR('',#5385,1.);
#5385 = DIRECTION('',(-0.999642104932,-2.675186062114E-02,0.));
#5386 = ORIENTED_EDGE('',*,*,#5387,.F.);
#5387 = EDGE_CURVE('',#5388,#5380,#5390,.T.);
#5388 = VERTEX_POINT('',#5389);
#5389 = CARTESIAN_POINT('',(173.095033,-140.833115,1.51));
#5390 = LINE('',#5391,#5392);
#5391 = CARTESIAN_POINT('',(173.095033,-140.833115,1.51));
#5392 = VECTOR('',#5393,1.);
#5393 = DIRECTION('',(-0.999384960256,-3.50670958779E-02,0.));
#5394 = ORIENTED_EDGE('',*,*,#5395,.F.);
#5395 = EDGE_CURVE('',#5396,#5388,#5398,.T.);
#5396 = VERTEX_POINT('',#5397);
#5397 = CARTESIAN_POINT('',(175.343687,-140.734626,1.51));
#5398 = LINE('',#5399,#5400);
#5399 = CARTESIAN_POINT('',(175.343687,-140.734626,1.51));
#5400 = VECTOR('',#5401,1.);
#5401 = DIRECTION('',(-0.999042197674,-4.375713960739E-02,0.));
#5402 = ORIENTED_EDGE('',*,*,#5403,.F.);
#5403 = EDGE_CURVE('',#5404,#5396,#5406,.T.);
#5404 = VERTEX_POINT('',#5405);
#5405 = CARTESIAN_POINT('',(177.462963,-140.622481,1.51));
#5406 = LINE('',#5407,#5408);
#5407 = CARTESIAN_POINT('',(177.462963,-140.622481,1.51));
#5408 = VECTOR('',#5409,1.);
#5409 = DIRECTION('',(-0.998602847253,-5.284272379115E-02,0.));
#5410 = ORIENTED_EDGE('',*,*,#5411,.F.);
#5411 = EDGE_CURVE('',#5412,#5404,#5414,.T.);
#5412 = VERTEX_POINT('',#5413);
#5413 = CARTESIAN_POINT('',(179.456735,-140.497935,1.51));
#5414 = LINE('',#5415,#5416);
#5415 = CARTESIAN_POINT('',(179.456735,-140.497935,1.51));
#5416 = VECTOR('',#5417,1.);
#5417 = DIRECTION('',(-0.998054595888,-6.234599929149E-02,0.));
#5418 = ORIENTED_EDGE('',*,*,#5419,.F.);
#5419 = EDGE_CURVE('',#5420,#5412,#5422,.T.);
#5420 = VERTEX_POINT('',#5421);
#5421 = CARTESIAN_POINT('',(181.328877,-140.362242,1.51));
#5422 = LINE('',#5423,#5424);
#5423 = CARTESIAN_POINT('',(181.328877,-140.362242,1.51));
#5424 = VECTOR('',#5425,1.);
#5425 = DIRECTION('',(-0.997383623156,-7.229044376811E-02,0.));
#5426 = ORIENTED_EDGE('',*,*,#5427,.F.);
#5427 = EDGE_CURVE('',#5428,#5420,#5430,.T.);
#5428 = VERTEX_POINT('',#5429);
#5429 = CARTESIAN_POINT('',(183.083263,-140.216658,1.51));
#5430 = LINE('',#5431,#5432);
#5431 = CARTESIAN_POINT('',(183.083263,-140.216658,1.51));
#5432 = VECTOR('',#5433,1.);
#5433 = DIRECTION('',(-0.99657460171,-8.269862893077E-02,0.));
#5434 = ORIENTED_EDGE('',*,*,#5435,.F.);
#5435 = EDGE_CURVE('',#5436,#5428,#5438,.T.);
#5436 = VERTEX_POINT('',#5437);
#5437 = CARTESIAN_POINT('',(184.723767,-140.062436,1.51));
#5438 = LINE('',#5439,#5440);
#5439 = CARTESIAN_POINT('',(184.723767,-140.062436,1.51));
#5440 = VECTOR('',#5441,1.);
#5441 = DIRECTION('',(-0.995610237155,-9.359623749436E-02,0.));
#5442 = ORIENTED_EDGE('',*,*,#5443,.F.);
#5443 = EDGE_CURVE('',#5444,#5436,#5446,.T.);
#5444 = VERTEX_POINT('',#5445);
#5445 = CARTESIAN_POINT('',(186.254265,-139.900832,1.51));
#5446 = LINE('',#5447,#5448);
#5447 = CARTESIAN_POINT('',(186.254265,-139.900832,1.51));
#5448 = VECTOR('',#5449,1.);
#5449 = DIRECTION('',(-0.994471648795,-0.105005427209,0.));
#5450 = ORIENTED_EDGE('',*,*,#5451,.F.);
#5451 = EDGE_CURVE('',#5452,#5444,#5454,.T.);
#5452 = VERTEX_POINT('',#5453);
#5453 = CARTESIAN_POINT('',(187.678629,-139.733101,1.51));
#5454 = LINE('',#5455,#5456);
#5455 = CARTESIAN_POINT('',(187.678629,-139.733101,1.51));
#5456 = VECTOR('',#5457,1.);
#5457 = DIRECTION('',(-0.99313775274,-0.116950434302,0.));
#5458 = ORIENTED_EDGE('',*,*,#5459,.F.);
#5459 = EDGE_CURVE('',#5460,#5452,#5462,.T.);
#5460 = VERTEX_POINT('',#5461);
#5461 = CARTESIAN_POINT('',(189.000736,-139.560497,1.51));
#5462 = LINE('',#5463,#5464);
#5463 = CARTESIAN_POINT('',(189.000736,-139.560497,1.51));
#5464 = VECTOR('',#5465,1.);
#5465 = DIRECTION('',(-0.991585470018,-0.129453681485,0.));
#5466 = ORIENTED_EDGE('',*,*,#5467,.F.);
#5467 = EDGE_CURVE('',#5468,#5460,#5470,.T.);
#5468 = VERTEX_POINT('',#5469);
#5469 = CARTESIAN_POINT('',(190.224458,-139.384275,1.51));
#5470 = LINE('',#5471,#5472);
#5471 = CARTESIAN_POINT('',(190.224458,-139.384275,1.51));
#5472 = VECTOR('',#5473,1.);
#5473 = DIRECTION('',(-0.989789818183,-0.142534612714,0.));
#5474 = ORIENTED_EDGE('',*,*,#5475,.F.);
#5475 = EDGE_CURVE('',#5476,#5468,#5478,.T.);
#5476 = VERTEX_POINT('',#5477);
#5477 = CARTESIAN_POINT('',(191.353671,-139.20569,1.51));
#5478 = LINE('',#5479,#5480);
#5479 = CARTESIAN_POINT('',(191.353671,-139.20569,1.51));
#5480 = VECTOR('',#5481,1.);
#5481 = DIRECTION('',(-0.987724097966,-0.156208534648,0.));
#5482 = ORIENTED_EDGE('',*,*,#5483,.F.);
#5483 = EDGE_CURVE('',#5484,#5476,#5486,.T.);
#5484 = VERTEX_POINT('',#5485);
#5485 = CARTESIAN_POINT('',(192.392248,-139.025997,1.51));
#5486 = LINE('',#5487,#5488);
#5487 = CARTESIAN_POINT('',(192.392248,-139.025997,1.51));
#5488 = VECTOR('',#5489,1.);
#5489 = DIRECTION('',(-0.985360183663,-0.170485508039,0.));
#5490 = ORIENTED_EDGE('',*,*,#5491,.F.);
#5491 = EDGE_CURVE('',#5492,#5484,#5494,.T.);
#5492 = VERTEX_POINT('',#5493);
#5493 = CARTESIAN_POINT('',(193.344064,-138.84645,1.51));
#5494 = LINE('',#5495,#5496);
#5495 = CARTESIAN_POINT('',(193.344064,-138.84645,1.51));
#5496 = VECTOR('',#5497,1.);
#5497 = DIRECTION('',(-0.982669350766,-0.185367060358,0.));
#5498 = ORIENTED_EDGE('',*,*,#5499,.F.);
#5499 = EDGE_CURVE('',#5500,#5492,#5502,.T.);
#5500 = VERTEX_POINT('',#5501);
#5501 = CARTESIAN_POINT('',(194.212993,-138.668303,1.51));
#5502 = LINE('',#5503,#5504);
#5503 = CARTESIAN_POINT('',(194.212993,-138.668303,1.51));
#5504 = VECTOR('',#5505,1.);
#5505 = DIRECTION('',(-0.979623743715,-0.200841531439,0.));
#5506 = ORIENTED_EDGE('',*,*,#5507,.F.);
#5507 = EDGE_CURVE('',#5508,#5500,#5510,.T.);
#5508 = VERTEX_POINT('',#5509);
#5509 = CARTESIAN_POINT('',(195.00291,-138.492813,1.51));
#5510 = LINE('',#5511,#5512);
#5511 = CARTESIAN_POINT('',(195.00291,-138.492813,1.51));
#5512 = VECTOR('',#5513,1.);
#5513 = DIRECTION('',(-0.976199387782,-0.216874976183,0.));
#5514 = ORIENTED_EDGE('',*,*,#5515,.F.);
#5515 = EDGE_CURVE('',#5516,#5508,#5518,.T.);
#5516 = VERTEX_POINT('',#5517);
#5517 = CARTESIAN_POINT('',(195.717689,-138.321234,1.51));
#5518 = LINE('',#5519,#5520);
#5519 = CARTESIAN_POINT('',(195.717689,-138.321234,1.51));
#5520 = VECTOR('',#5521,1.);
#5521 = DIRECTION('',(-0.972377409989,-0.233414165257,0.));
#5522 = ORIENTED_EDGE('',*,*,#5523,.F.);
#5523 = EDGE_CURVE('',#5524,#5516,#5526,.T.);
#5524 = VERTEX_POINT('',#5525);
#5525 = CARTESIAN_POINT('',(196.361204,-138.15482,1.51));
#5526 = LINE('',#5527,#5528);
#5527 = CARTESIAN_POINT('',(196.361204,-138.15482,1.51));
#5528 = VECTOR('',#5529,1.);
#5529 = DIRECTION('',(-0.968151394696,-0.250365486736,0.));
#5530 = ORIENTED_EDGE('',*,*,#5531,.F.);
#5531 = EDGE_CURVE('',#5532,#5524,#5534,.T.);
#5532 = VERTEX_POINT('',#5533);
#5533 = CARTESIAN_POINT('',(196.93733,-137.994826,1.51));
#5534 = LINE('',#5535,#5536);
#5535 = CARTESIAN_POINT('',(196.93733,-137.994826,1.51));
#5536 = VECTOR('',#5537,1.);
#5537 = DIRECTION('',(-0.963535590335,-0.267580205094,0.));
#5538 = ORIENTED_EDGE('',*,*,#5539,.F.);
#5539 = EDGE_CURVE('',#5540,#5532,#5542,.T.);
#5540 = VERTEX_POINT('',#5541);
#5541 = CARTESIAN_POINT('',(197.90291,-137.699117,1.51));
#5542 = LINE('',#5543,#5544);
#5543 = CARTESIAN_POINT('',(197.90291,-137.699117,1.51));
#5544 = VECTOR('',#5545,1.);
#5545 = DIRECTION('',(-0.956165778573,-0.292825893469,0.));
#5546 = ORIENTED_EDGE('',*,*,#5547,.F.);
#5547 = EDGE_CURVE('',#5548,#5540,#5550,.T.);
#5548 = VERTEX_POINT('',#5549);
#5549 = CARTESIAN_POINT('',(198.645424,-137.444147,1.51));
#5550 = LINE('',#5551,#5552);
#5551 = CARTESIAN_POINT('',(198.645424,-137.444147,1.51));
#5552 = VECTOR('',#5553,1.);
#5553 = DIRECTION('',(-0.945791959885,-0.324773103284,0.));
#5554 = ORIENTED_EDGE('',*,*,#5555,.F.);
#5555 = EDGE_CURVE('',#5556,#5548,#5558,.T.);
#5556 = VERTEX_POINT('',#5557);
#5557 = CARTESIAN_POINT('',(199.195867,-137.239952,1.51));
#5558 = LINE('',#5559,#5560);
#5559 = CARTESIAN_POINT('',(199.195867,-137.239952,1.51));
#5560 = VECTOR('',#5561,1.);
#5561 = DIRECTION('',(-0.937567105305,-0.347804432189,0.));
#5562 = ORIENTED_EDGE('',*,*,#5563,.F.);
#5563 = EDGE_CURVE('',#5564,#5556,#5566,.T.);
#5564 = VERTEX_POINT('',#5565);
#5565 = CARTESIAN_POINT('',(199.548808,-137.109241,1.51));
#5566 = LINE('',#5567,#5568);
#5567 = CARTESIAN_POINT('',(199.548808,-137.109241,1.51));
#5568 = VECTOR('',#5569,1.);
#5569 = DIRECTION('',(-0.937755587271,-0.34729592359,0.));
#5570 = ORIENTED_EDGE('',*,*,#5571,.F.);
#5571 = EDGE_CURVE('',#5572,#5564,#5574,.T.);
#5572 = VERTEX_POINT('',#5573);
#5573 = CARTESIAN_POINT('',(199.792672,-137.03441,1.51));
#5574 = LINE('',#5575,#5576);
#5575 = CARTESIAN_POINT('',(199.792672,-137.03441,1.51));
#5576 = VECTOR('',#5577,1.);
#5577 = DIRECTION('',(-0.956003602322,-0.293354925554,0.));
#5578 = ORIENTED_EDGE('',*,*,#5579,.F.);
#5579 = EDGE_CURVE('',#5580,#5572,#5582,.T.);
#5580 = VERTEX_POINT('',#5581);
#5581 = CARTESIAN_POINT('',(199.92535,-137.017162,1.51));
#5582 = LINE('',#5583,#5584);
#5583 = CARTESIAN_POINT('',(199.92535,-137.017162,1.51));
#5584 = VECTOR('',#5585,1.);
#5585 = DIRECTION('',(-0.991655751112,-0.128914201263,0.));
#5586 = ORIENTED_EDGE('',*,*,#5587,.F.);
#5587 = EDGE_CURVE('',#5588,#5580,#5590,.T.);
#5588 = VERTEX_POINT('',#5589);
#5589 = CARTESIAN_POINT('',(200.716133,-136.737732,1.51));
#5590 = LINE('',#5591,#5592);
#5591 = CARTESIAN_POINT('',(200.716133,-136.737732,1.51));
#5592 = VECTOR('',#5593,1.);
#5593 = DIRECTION('',(-0.942866736892,-0.333170101393,0.));
#5594 = ORIENTED_EDGE('',*,*,#5595,.F.);
#5595 = EDGE_CURVE('',#5596,#5588,#5598,.T.);
#5596 = VERTEX_POINT('',#5597);
#5597 = CARTESIAN_POINT('',(201.488273,-136.448764,1.51));
#5598 = LINE('',#5599,#5600);
#5599 = CARTESIAN_POINT('',(201.488273,-136.448764,1.51));
#5600 = VECTOR('',#5601,1.);
#5601 = DIRECTION('',(-0.936562055771,-0.350501805543,0.));
#5602 = ORIENTED_EDGE('',*,*,#5603,.F.);
#5603 = EDGE_CURVE('',#5604,#5596,#5606,.T.);
#5604 = VERTEX_POINT('',#5605);
#5605 = CARTESIAN_POINT('',(202.241968,-136.150445,1.51));
#5606 = LINE('',#5607,#5608);
#5607 = CARTESIAN_POINT('',(202.241968,-136.150445,1.51));
#5608 = VECTOR('',#5609,1.);
#5609 = DIRECTION('',(-0.929814467178,-0.368028608435,0.));
#5610 = ORIENTED_EDGE('',*,*,#5611,.F.);
#5611 = EDGE_CURVE('',#5612,#5604,#5614,.T.);
#5612 = VERTEX_POINT('',#5613);
#5613 = CARTESIAN_POINT('',(202.977415,-135.84296,1.51));
#5614 = LINE('',#5615,#5616);
#5615 = CARTESIAN_POINT('',(202.977415,-135.84296,1.51));
#5616 = VECTOR('',#5617,1.);
#5617 = DIRECTION('',(-0.922609149867,-0.385736122993,0.));
#5618 = ORIENTED_EDGE('',*,*,#5619,.F.);
#5619 = EDGE_CURVE('',#5620,#5612,#5622,.T.);
#5620 = VERTEX_POINT('',#5621);
#5621 = CARTESIAN_POINT('',(203.694808,-135.526494,1.51));
#5622 = LINE('',#5623,#5624);
#5623 = CARTESIAN_POINT('',(203.694808,-135.526494,1.51));
#5624 = VECTOR('',#5625,1.);
#5625 = DIRECTION('',(-0.914932359998,-0.403607205868,0.));
#5626 = ORIENTED_EDGE('',*,*,#5627,.F.);
#5627 = EDGE_CURVE('',#5628,#5620,#5630,.T.);
#5628 = VERTEX_POINT('',#5629);
#5629 = CARTESIAN_POINT('',(204.394347,-135.201233,1.51));
#5630 = LINE('',#5631,#5632);
#5631 = CARTESIAN_POINT('',(204.394347,-135.201233,1.51));
#5632 = VECTOR('',#5633,1.);
#5633 = DIRECTION('',(-0.906773634748,-0.421617807173,0.));
#5634 = ORIENTED_EDGE('',*,*,#5635,.F.);
#5635 = EDGE_CURVE('',#5636,#5628,#5638,.T.);
#5636 = VERTEX_POINT('',#5637);
#5637 = CARTESIAN_POINT('',(205.076226,-134.867362,1.51));
#5638 = LINE('',#5639,#5640);
#5639 = CARTESIAN_POINT('',(205.076226,-134.867362,1.51));
#5640 = VECTOR('',#5641,1.);
#5641 = DIRECTION('',(-0.898120220246,-0.439750008511,0.));
#5642 = ORIENTED_EDGE('',*,*,#5643,.F.);
#5643 = EDGE_CURVE('',#5644,#5636,#5646,.T.);
#5644 = VERTEX_POINT('',#5645);
#5645 = CARTESIAN_POINT('',(205.740643,-134.525066,1.51));
#5646 = LINE('',#5647,#5648);
#5647 = CARTESIAN_POINT('',(205.740643,-134.525066,1.51));
#5648 = VECTOR('',#5649,1.);
#5649 = DIRECTION('',(-0.888963348561,-0.457978345465,0.));
#5650 = ORIENTED_EDGE('',*,*,#5651,.F.);
#5651 = EDGE_CURVE('',#5652,#5644,#5654,.T.);
#5652 = VERTEX_POINT('',#5653);
#5653 = CARTESIAN_POINT('',(206.387795,-134.174531,1.51));
#5654 = LINE('',#5655,#5656);
#5655 = CARTESIAN_POINT('',(206.387795,-134.174531,1.51));
#5656 = VECTOR('',#5657,1.);
#5657 = DIRECTION('',(-0.879295190957,-0.476277195716,0.));
#5658 = ORIENTED_EDGE('',*,*,#5659,.F.);
#5659 = EDGE_CURVE('',#5660,#5652,#5662,.T.);
#5660 = VERTEX_POINT('',#5661);
#5661 = CARTESIAN_POINT('',(207.017878,-133.815943,1.51));
#5662 = LINE('',#5663,#5664);
#5663 = CARTESIAN_POINT('',(207.017878,-133.815943,1.51));
#5664 = VECTOR('',#5665,1.);
#5665 = DIRECTION('',(-0.869108985416,-0.494620633889,0.));
#5666 = ORIENTED_EDGE('',*,*,#5667,.F.);
#5667 = EDGE_CURVE('',#5668,#5660,#5670,.T.);
#5668 = VERTEX_POINT('',#5669);
#5669 = CARTESIAN_POINT('',(207.631088,-133.449487,1.51));
#5670 = LINE('',#5671,#5672);
#5671 = CARTESIAN_POINT('',(207.631088,-133.449487,1.51));
#5672 = VECTOR('',#5673,1.);
#5673 = DIRECTION('',(-0.858399431949,-0.51298188587,0.));
#5674 = ORIENTED_EDGE('',*,*,#5675,.F.);
#5675 = EDGE_CURVE('',#5676,#5668,#5678,.T.);
#5676 = VERTEX_POINT('',#5677);
#5677 = CARTESIAN_POINT('',(208.227624,-133.075347,1.51));
#5678 = LINE('',#5679,#5680);
#5679 = CARTESIAN_POINT('',(208.227624,-133.075347,1.51));
#5680 = VECTOR('',#5681,1.);
#5681 = DIRECTION('',(-0.847164321048,-0.531330982668,0.));
#5682 = ORIENTED_EDGE('',*,*,#5683,.F.);
#5683 = EDGE_CURVE('',#5684,#5676,#5686,.T.);
#5684 = VERTEX_POINT('',#5685);
#5685 = CARTESIAN_POINT('',(208.80768,-132.693711,1.51));
#5686 = LINE('',#5687,#5688);
#5687 = CARTESIAN_POINT('',(208.80768,-132.693711,1.51));
#5688 = VECTOR('',#5689,1.);
#5689 = DIRECTION('',(-0.835403717051,-0.549636816032,0.));
#5690 = ORIENTED_EDGE('',*,*,#5691,.F.);
#5691 = EDGE_CURVE('',#5692,#5684,#5694,.T.);
#5692 = VERTEX_POINT('',#5693);
#5693 = CARTESIAN_POINT('',(209.371454,-132.304762,1.51));
#5694 = LINE('',#5695,#5696);
#5695 = CARTESIAN_POINT('',(209.371454,-132.304762,1.51));
#5696 = VECTOR('',#5697,1.);
#5697 = DIRECTION('',(-0.823117691133,-0.567870818535,0.));
#5698 = ORIENTED_EDGE('',*,*,#5699,.F.);
#5699 = EDGE_CURVE('',#5700,#5692,#5702,.T.);
#5700 = VERTEX_POINT('',#5701);
#5701 = CARTESIAN_POINT('',(209.919143,-131.908688,1.51));
#5702 = LINE('',#5703,#5704);
#5703 = CARTESIAN_POINT('',(209.919143,-131.908688,1.51));
#5704 = VECTOR('',#5705,1.);
#5705 = DIRECTION('',(-0.810313318255,-0.585996865401,0.));
#5706 = ORIENTED_EDGE('',*,*,#5707,.F.);
#5707 = EDGE_CURVE('',#5708,#5700,#5710,.T.);
#5708 = VERTEX_POINT('',#5709);
#5709 = CARTESIAN_POINT('',(210.450943,-131.505672,1.51));
#5710 = LINE('',#5711,#5712);
#5711 = CARTESIAN_POINT('',(210.450943,-131.505672,1.51));
#5712 = VECTOR('',#5713,1.);
#5713 = DIRECTION('',(-0.796993158718,-0.603988331805,0.));
#5714 = ORIENTED_EDGE('',*,*,#5715,.F.);
#5715 = EDGE_CURVE('',#5716,#5708,#5718,.T.);
#5716 = VERTEX_POINT('',#5717);
#5717 = CARTESIAN_POINT('',(210.967051,-131.0959,1.51));
#5718 = LINE('',#5719,#5720);
#5719 = CARTESIAN_POINT('',(210.967051,-131.0959,1.51));
#5720 = VECTOR('',#5721,1.);
#5721 = DIRECTION('',(-0.783168834084,-0.621809116465,0.));
#5722 = ORIENTED_EDGE('',*,*,#5723,.F.);
#5723 = EDGE_CURVE('',#5724,#5716,#5726,.T.);
#5724 = VERTEX_POINT('',#5725);
#5725 = CARTESIAN_POINT('',(211.467664,-130.679559,1.51));
#5726 = LINE('',#5727,#5728);
#5727 = CARTESIAN_POINT('',(211.467664,-130.679559,1.51));
#5728 = VECTOR('',#5729,1.);
#5729 = DIRECTION('',(-0.768852732775,-0.639425895085,0.));
#5730 = ORIENTED_EDGE('',*,*,#5731,.F.);
#5731 = EDGE_CURVE('',#5732,#5724,#5734,.T.);
#5732 = VERTEX_POINT('',#5733);
#5733 = CARTESIAN_POINT('',(211.952978,-130.256833,1.51));
#5734 = LINE('',#5735,#5736);
#5735 = CARTESIAN_POINT('',(211.952978,-130.256833,1.51));
#5736 = VECTOR('',#5737,1.);
#5737 = DIRECTION('',(-0.754056077061,-0.656810043047,0.));
#5738 = ORIENTED_EDGE('',*,*,#5739,.F.);
#5739 = EDGE_CURVE('',#5740,#5732,#5742,.T.);
#5740 = VERTEX_POINT('',#5741);
#5741 = CARTESIAN_POINT('',(212.42319,-129.827907,1.51));
#5742 = LINE('',#5743,#5744);
#5743 = CARTESIAN_POINT('',(212.42319,-129.827907,1.51));
#5744 = VECTOR('',#5745,1.);
#5745 = DIRECTION('',(-0.738796794501,-0.673928257633,0.));
#5746 = ORIENTED_EDGE('',*,*,#5747,.F.);
#5747 = EDGE_CURVE('',#5748,#5740,#5750,.T.);
#5748 = VERTEX_POINT('',#5749);
#5749 = CARTESIAN_POINT('',(212.878497,-129.392968,1.51));
#5750 = LINE('',#5751,#5752);
#5751 = CARTESIAN_POINT('',(212.878497,-129.392968,1.51));
#5752 = VECTOR('',#5753,1.);
#5753 = DIRECTION('',(-0.723095498227,-0.690748073066,0.));
#5754 = ORIENTED_EDGE('',*,*,#5755,.F.);
#5755 = EDGE_CURVE('',#5756,#5748,#5758,.T.);
#5756 = VERTEX_POINT('',#5757);
#5757 = CARTESIAN_POINT('',(213.319095,-128.9522,1.51));
#5758 = LINE('',#5759,#5760);
#5759 = CARTESIAN_POINT('',(213.319095,-128.9522,1.51));
#5760 = VECTOR('',#5761,1.);
#5761 = DIRECTION('',(-0.706970379574,-0.707243156492,0.));
#5762 = ORIENTED_EDGE('',*,*,#5763,.F.);
#5763 = EDGE_CURVE('',#5764,#5756,#5766,.T.);
#5764 = VERTEX_POINT('',#5765);
#5765 = CARTESIAN_POINT('',(213.745181,-128.50579,1.51));
#5766 = LINE('',#5767,#5768);
#5767 = CARTESIAN_POINT('',(213.745181,-128.50579,1.51));
#5768 = VECTOR('',#5769,1.);
#5769 = DIRECTION('',(-0.690448074266,-0.723381957711,0.));
#5770 = ORIENTED_EDGE('',*,*,#5771,.F.);
#5771 = EDGE_CURVE('',#5772,#5764,#5774,.T.);
#5772 = VERTEX_POINT('',#5773);
#5773 = CARTESIAN_POINT('',(214.156952,-128.053922,1.51));
#5774 = LINE('',#5775,#5776);
#5775 = CARTESIAN_POINT('',(214.156952,-128.053922,1.51));
#5776 = VECTOR('',#5777,1.);
#5777 = DIRECTION('',(-0.673551704972,-0.739140108998,0.));
#5778 = ORIENTED_EDGE('',*,*,#5779,.F.);
#5779 = EDGE_CURVE('',#5780,#5772,#5782,.T.);
#5780 = VERTEX_POINT('',#5781);
#5781 = CARTESIAN_POINT('',(214.554604,-127.596782,1.51));
#5782 = LINE('',#5783,#5784);
#5783 = CARTESIAN_POINT('',(214.554604,-127.596782,1.51));
#5784 = VECTOR('',#5785,1.);
#5785 = DIRECTION('',(-0.656309299416,-0.754491950587,0.));
#5786 = ORIENTED_EDGE('',*,*,#5787,.F.);
#5787 = EDGE_CURVE('',#5788,#5780,#5790,.T.);
#5788 = VERTEX_POINT('',#5789);
#5789 = CARTESIAN_POINT('',(214.938334,-127.134555,1.51));
#5790 = LINE('',#5791,#5792);
#5791 = CARTESIAN_POINT('',(214.938334,-127.134555,1.51));
#5792 = VECTOR('',#5793,1.);
#5793 = DIRECTION('',(-0.638749834984,-0.769414484077,0.));
#5794 = ORIENTED_EDGE('',*,*,#5795,.F.);
#5795 = EDGE_CURVE('',#5796,#5788,#5798,.T.);
#5796 = VERTEX_POINT('',#5797);
#5797 = CARTESIAN_POINT('',(215.308339,-126.667427,1.51));
#5798 = LINE('',#5799,#5800);
#5799 = CARTESIAN_POINT('',(215.308339,-126.667427,1.51));
#5800 = VECTOR('',#5801,1.);
#5801 = DIRECTION('',(-0.6209044245,-0.783886277234,0.));
#5802 = ORIENTED_EDGE('',*,*,#5803,.F.);
#5803 = EDGE_CURVE('',#5804,#5796,#5806,.T.);
#5804 = VERTEX_POINT('',#5805);
#5805 = CARTESIAN_POINT('',(215.664816,-126.195583,1.51));
#5806 = LINE('',#5807,#5808);
#5807 = CARTESIAN_POINT('',(215.664816,-126.195583,1.51));
#5808 = VECTOR('',#5809,1.);
#5809 = DIRECTION('',(-0.602803641084,-0.797889572745,0.));
#5810 = ORIENTED_EDGE('',*,*,#5811,.F.);
#5811 = EDGE_CURVE('',#5812,#5804,#5814,.T.);
#5812 = VERTEX_POINT('',#5813);
#5813 = CARTESIAN_POINT('',(216.00796,-125.719209,1.51));
#5814 = LINE('',#5815,#5816);
#5815 = CARTESIAN_POINT('',(216.00796,-125.719209,1.51));
#5816 = VECTOR('',#5817,1.);
#5817 = DIRECTION('',(-0.584478273514,-0.811409358949,0.));
#5818 = ORIENTED_EDGE('',*,*,#5819,.F.);
#5819 = EDGE_CURVE('',#5820,#5812,#5822,.T.);
#5820 = VERTEX_POINT('',#5821);
#5821 = CARTESIAN_POINT('',(216.33797,-125.23849,1.51));
#5822 = LINE('',#5823,#5824);
#5823 = CARTESIAN_POINT('',(216.33797,-125.23849,1.51));
#5824 = VECTOR('',#5825,1.);
#5825 = DIRECTION('',(-0.565964680554,-0.824429487807,0.));
#5826 = ORIENTED_EDGE('',*,*,#5827,.F.);
#5827 = EDGE_CURVE('',#5828,#5820,#5830,.T.);
#5828 = VERTEX_POINT('',#5829);
#5829 = CARTESIAN_POINT('',(216.655041,-124.753611,1.51));
#5830 = LINE('',#5831,#5832);
#5831 = CARTESIAN_POINT('',(216.655041,-124.753611,1.51));
#5832 = VECTOR('',#5833,1.);
#5833 = DIRECTION('',(-0.547291357126,-0.83694215476,0.));
#5834 = ORIENTED_EDGE('',*,*,#5835,.F.);
#5835 = EDGE_CURVE('',#5836,#5828,#5838,.T.);
#5836 = VERTEX_POINT('',#5837);
#5837 = CARTESIAN_POINT('',(216.95937,-124.264759,1.51));
#5838 = LINE('',#5839,#5840);
#5839 = CARTESIAN_POINT('',(216.95937,-124.264759,1.51));
#5840 = VECTOR('',#5841,1.);
#5841 = DIRECTION('',(-0.52849519488,-0.848936292656,0.));
#5842 = ORIENTED_EDGE('',*,*,#5843,.F.);
#5843 = EDGE_CURVE('',#5844,#5836,#5846,.T.);
#5844 = VERTEX_POINT('',#5845);
#5845 = CARTESIAN_POINT('',(217.251153,-123.772117,1.51));
#5846 = LINE('',#5847,#5848);
#5847 = CARTESIAN_POINT('',(217.251153,-123.772117,1.51));
#5848 = VECTOR('',#5849,1.);
#5849 = DIRECTION('',(-0.5096046088,-0.860408706773,0.));
#5850 = ORIENTED_EDGE('',*,*,#5851,.F.);
#5851 = EDGE_CURVE('',#5852,#5844,#5854,.T.);
#5852 = VERTEX_POINT('',#5853);
#5853 = CARTESIAN_POINT('',(217.530589,-123.275873,1.51));
#5854 = LINE('',#5855,#5856);
#5855 = CARTESIAN_POINT('',(217.530589,-123.275873,1.51));
#5856 = VECTOR('',#5857,1.);
#5857 = DIRECTION('',(-0.490659677074,-0.871351296145,0.));
#5858 = ORIENTED_EDGE('',*,*,#5859,.F.);
#5859 = EDGE_CURVE('',#5860,#5852,#5862,.T.);
#5860 = VERTEX_POINT('',#5861);
#5861 = CARTESIAN_POINT('',(217.797873,-122.776211,1.51));
#5862 = LINE('',#5863,#5864);
#5863 = CARTESIAN_POINT('',(217.797873,-122.776211,1.51));
#5864 = VECTOR('',#5865,1.);
#5865 = DIRECTION('',(-0.471683713856,-0.881767811889,0.));
#5866 = ORIENTED_EDGE('',*,*,#5867,.F.);
#5867 = EDGE_CURVE('',#5868,#5860,#5870,.T.);
#5868 = VERTEX_POINT('',#5869);
#5869 = CARTESIAN_POINT('',(218.053201,-122.273317,1.51));
#5870 = LINE('',#5871,#5872);
#5871 = CARTESIAN_POINT('',(218.053201,-122.273317,1.51));
#5872 = VECTOR('',#5873,1.);
#5873 = DIRECTION('',(-0.452710100228,-0.891657762346,0.));
#5874 = ORIENTED_EDGE('',*,*,#5875,.F.);
#5875 = EDGE_CURVE('',#5876,#5868,#5878,.T.);
#5876 = VERTEX_POINT('',#5877);
#5877 = CARTESIAN_POINT('',(218.296771,-121.767375,1.51));
#5878 = LINE('',#5879,#5880);
#5879 = CARTESIAN_POINT('',(218.296771,-121.767375,1.51));
#5880 = VECTOR('',#5881,1.);
#5881 = DIRECTION('',(-0.433769783269,-0.901023737269,0.));
#5882 = ORIENTED_EDGE('',*,*,#5883,.F.);
#5883 = EDGE_CURVE('',#5884,#5876,#5886,.T.);
#5884 = VERTEX_POINT('',#5885);
#5885 = CARTESIAN_POINT('',(218.52878,-121.258573,1.51));
#5886 = LINE('',#5887,#5888);
#5887 = CARTESIAN_POINT('',(218.52878,-121.258573,1.51));
#5888 = VECTOR('',#5889,1.);
#5889 = DIRECTION('',(-0.414892494469,-0.909870440246,0.));
#5890 = ORIENTED_EDGE('',*,*,#5891,.F.);
#5891 = EDGE_CURVE('',#5892,#5884,#5894,.T.);
#5892 = VERTEX_POINT('',#5893);
#5893 = CARTESIAN_POINT('',(218.749423,-120.747094,1.51));
#5894 = LINE('',#5895,#5896);
#5895 = CARTESIAN_POINT('',(218.749423,-120.747094,1.51));
#5896 = VECTOR('',#5897,1.);
#5897 = DIRECTION('',(-0.3960986792,-0.918207948308,0.));
#5898 = ORIENTED_EDGE('',*,*,#5899,.F.);
#5899 = EDGE_CURVE('',#5900,#5892,#5902,.T.);
#5900 = VERTEX_POINT('',#5901);
#5901 = CARTESIAN_POINT('',(218.958898,-120.233125,1.51));
#5902 = LINE('',#5903,#5904);
#5903 = CARTESIAN_POINT('',(218.958898,-120.233125,1.51));
#5904 = VECTOR('',#5905,1.);
#5905 = DIRECTION('',(-0.377420848332,-0.926041847458,0.));
#5906 = ORIENTED_EDGE('',*,*,#5907,.F.);
#5907 = EDGE_CURVE('',#5908,#5900,#5910,.T.);
#5908 = VERTEX_POINT('',#5909);
#5909 = CARTESIAN_POINT('',(219.157401,-119.71685,1.51));
#5910 = LINE('',#5911,#5912);
#5911 = CARTESIAN_POINT('',(219.157401,-119.71685,1.51));
#5912 = VECTOR('',#5913,1.);
#5913 = DIRECTION('',(-0.358877796327,-0.933384554888,0.));
#5914 = ORIENTED_EDGE('',*,*,#5915,.F.);
#5915 = EDGE_CURVE('',#5916,#5908,#5918,.T.);
#5916 = VERTEX_POINT('',#5917);
#5917 = CARTESIAN_POINT('',(219.345129,-119.198456,1.51));
#5918 = LINE('',#5919,#5920);
#5919 = CARTESIAN_POINT('',(219.345129,-119.198456,1.51));
#5920 = VECTOR('',#5921,1.);
#5921 = DIRECTION('',(-0.340494995564,-0.940246328361,0.));
#5922 = ORIENTED_EDGE('',*,*,#5923,.F.);
#5923 = EDGE_CURVE('',#5924,#5916,#5926,.T.);
#5924 = VERTEX_POINT('',#5925);
#5925 = CARTESIAN_POINT('',(219.522279,-118.678128,1.51));
#5926 = LINE('',#5927,#5928);
#5927 = CARTESIAN_POINT('',(219.522279,-118.678128,1.51));
#5928 = VECTOR('',#5929,1.);
#5929 = DIRECTION('',(-0.322291618052,-0.946640434872,0.));
#5930 = ORIENTED_EDGE('',*,*,#5931,.F.);
#5931 = EDGE_CURVE('',#5932,#5924,#5934,.T.);
#5932 = VERTEX_POINT('',#5933);
#5933 = CARTESIAN_POINT('',(219.689048,-118.156051,1.51));
#5934 = LINE('',#5935,#5936);
#5935 = CARTESIAN_POINT('',(219.689048,-118.156051,1.51));
#5936 = VECTOR('',#5937,1.);
#5937 = DIRECTION('',(-0.304286368915,-0.952580603252,0.));
#5938 = ORIENTED_EDGE('',*,*,#5939,.F.);
#5939 = EDGE_CURVE('',#5940,#5932,#5942,.T.);
#5940 = VERTEX_POINT('',#5941);
#5941 = CARTESIAN_POINT('',(219.845631,-117.63241,1.51));
#5942 = LINE('',#5943,#5944);
#5943 = CARTESIAN_POINT('',(219.845631,-117.63241,1.51));
#5944 = VECTOR('',#5945,1.);
#5945 = DIRECTION('',(-0.286492869008,-0.958082374333,0.));
#5946 = ORIENTED_EDGE('',*,*,#5947,.F.);
#5947 = EDGE_CURVE('',#5948,#5940,#5950,.T.);
#5948 = VERTEX_POINT('',#5949);
#5949 = CARTESIAN_POINT('',(219.992226,-117.107392,1.51));
#5950 = LINE('',#5951,#5952);
#5951 = CARTESIAN_POINT('',(219.992226,-117.107392,1.51));
#5952 = VECTOR('',#5953,1.);
#5953 = DIRECTION('',(-0.268932313082,-0.963159078751,0.));
#5954 = ORIENTED_EDGE('',*,*,#5955,.F.);
#5955 = EDGE_CURVE('',#5956,#5948,#5958,.T.);
#5956 = VERTEX_POINT('',#5957);
#5957 = CARTESIAN_POINT('',(220.256238,-116.053963,1.51));
#5958 = LINE('',#5959,#5960);
#5959 = CARTESIAN_POINT('',(220.256238,-116.053963,1.51));
#5960 = VECTOR('',#5961,1.);
#5961 = DIRECTION('',(-0.243103014795,-0.97000047639,0.));
#5962 = ORIENTED_EDGE('',*,*,#5963,.F.);
#5963 = EDGE_CURVE('',#5964,#5956,#5966,.T.);
#5964 = VERTEX_POINT('',#5965);
#5965 = CARTESIAN_POINT('',(220.482657,-114.997247,1.51));
#5966 = LINE('',#5967,#5968);
#5967 = CARTESIAN_POINT('',(220.482657,-114.997247,1.51));
#5968 = VECTOR('',#5969,1.);
#5969 = DIRECTION('',(-0.209511268282,-0.977806232575,0.));
#5970 = ORIENTED_EDGE('',*,*,#5971,.F.);
#5971 = EDGE_CURVE('',#5972,#5964,#5974,.T.);
#5972 = VERTEX_POINT('',#5973);
#5973 = CARTESIAN_POINT('',(220.673057,-113.938729,1.51));
#5974 = LINE('',#5975,#5976);
#5975 = CARTESIAN_POINT('',(220.673057,-113.938729,1.51));
#5976 = VECTOR('',#5977,1.);
#5977 = DIRECTION('',(-0.177032999025,-0.984204916293,0.));
#5978 = ORIENTED_EDGE('',*,*,#5979,.F.);
#5979 = EDGE_CURVE('',#5980,#5972,#5982,.T.);
#5980 = VERTEX_POINT('',#5981);
#5981 = CARTESIAN_POINT('',(220.82901,-112.87989,1.51));
#5982 = LINE('',#5983,#5984);
#5983 = CARTESIAN_POINT('',(220.82901,-112.87989,1.51));
#5984 = VECTOR('',#5985,1.);
#5985 = DIRECTION('',(-0.145714748319,-0.989326645816,0.));
#5986 = ORIENTED_EDGE('',*,*,#5987,.F.);
#5987 = EDGE_CURVE('',#5988,#5980,#5990,.T.);
#5988 = VERTEX_POINT('',#5989);
#5989 = CARTESIAN_POINT('',(220.952091,-111.822216,1.51));
#5990 = LINE('',#5991,#5992);
#5991 = CARTESIAN_POINT('',(220.952091,-111.822216,1.51));
#5992 = VECTOR('',#5993,1.);
#5993 = DIRECTION('',(-0.115589488563,-0.993297070435,0.));
#5994 = ORIENTED_EDGE('',*,*,#5995,.F.);
#5995 = EDGE_CURVE('',#5996,#5988,#5998,.T.);
#5996 = VERTEX_POINT('',#5997);
#5997 = CARTESIAN_POINT('',(221.043873,-110.767189,1.51));
#5998 = LINE('',#5999,#6000);
#5999 = CARTESIAN_POINT('',(221.043873,-110.767189,1.51));
#6000 = VECTOR('',#6001,1.);
#6001 = DIRECTION('',(-8.666759287361E-02,-0.996237285161,0.));
#6002 = ORIENTED_EDGE('',*,*,#6003,.F.);
#6003 = EDGE_CURVE('',#6004,#5996,#6006,.T.);
#6004 = VERTEX_POINT('',#6005);
#6005 = CARTESIAN_POINT('',(221.105929,-109.716293,1.51));
#6006 = LINE('',#6007,#6008);
#6007 = CARTESIAN_POINT('',(221.105929,-109.716293,1.51));
#6008 = VECTOR('',#6009,1.);
#6009 = DIRECTION('',(-5.894787729617E-02,-0.998261061928,0.));
#6010 = ORIENTED_EDGE('',*,*,#6011,.F.);
#6011 = EDGE_CURVE('',#6012,#6004,#6014,.T.);
#6012 = VERTEX_POINT('',#6013);
#6013 = CARTESIAN_POINT('',(221.139833,-108.671011,1.51));
#6014 = LINE('',#6015,#6016);
#6015 = CARTESIAN_POINT('',(221.139833,-108.671011,1.51));
#6016 = VECTOR('',#6017,1.);
#6017 = DIRECTION('',(-3.241821801899E-02,-0.999474391438,0.));
#6018 = ORIENTED_EDGE('',*,*,#6019,.F.);
#6019 = EDGE_CURVE('',#6020,#6012,#6022,.T.);
#6020 = VERTEX_POINT('',#6021);
#6021 = CARTESIAN_POINT('',(221.147158,-107.632826,1.51));
#6022 = LINE('',#6023,#6024);
#6023 = CARTESIAN_POINT('',(221.147158,-107.632826,1.51));
#6024 = VECTOR('',#6025,1.);
#6025 = DIRECTION('',(-7.055406967906E-03,-0.999975110307,0.));
#6026 = ORIENTED_EDGE('',*,*,#6027,.F.);
#6027 = EDGE_CURVE('',#6028,#6020,#6030,.T.);
#6028 = VERTEX_POINT('',#6029);
#6029 = CARTESIAN_POINT('',(221.129478,-106.603223,1.51));
#6030 = LINE('',#6031,#6032);
#6031 = CARTESIAN_POINT('',(221.129478,-106.603223,1.51));
#6032 = VECTOR('',#6033,1.);
#6033 = DIRECTION('',(1.716913602574E-02,-0.999852599521,0.));
#6034 = ORIENTED_EDGE('',*,*,#6035,.F.);
#6035 = EDGE_CURVE('',#6036,#6028,#6038,.T.);
#6036 = VERTEX_POINT('',#6037);
#6037 = CARTESIAN_POINT('',(221.088366,-105.583685,1.51));
#6038 = LINE('',#6039,#6040);
#6039 = CARTESIAN_POINT('',(221.088366,-105.583685,1.51));
#6040 = VECTOR('',#6041,1.);
#6041 = DIRECTION('',(4.0291402473E-02,-0.999187971748,0.));
#6042 = ORIENTED_EDGE('',*,*,#6043,.F.);
#6043 = EDGE_CURVE('',#6044,#6036,#6046,.T.);
#6044 = VERTEX_POINT('',#6045);
#6045 = CARTESIAN_POINT('',(221.025395,-104.575695,1.51));
#6046 = LINE('',#6047,#6048);
#6047 = CARTESIAN_POINT('',(221.025395,-104.575695,1.51));
#6048 = VECTOR('',#6049,1.);
#6049 = DIRECTION('',(6.235030014093E-02,-0.998054327215,0.));
#6050 = ORIENTED_EDGE('',*,*,#6051,.F.);
#6051 = EDGE_CURVE('',#6052,#6044,#6054,.T.);
#6052 = VERTEX_POINT('',#6053);
#6053 = CARTESIAN_POINT('',(220.94214,-103.580736,1.51));
#6054 = LINE('',#6055,#6056);
#6055 = CARTESIAN_POINT('',(220.94214,-103.580736,1.51));
#6056 = VECTOR('',#6057,1.);
#6057 = DIRECTION('',(8.33853997068E-02,-0.996517373213,0.));
#6058 = ORIENTED_EDGE('',*,*,#6059,.F.);
#6059 = EDGE_CURVE('',#6060,#6052,#6062,.T.);
#6060 = VERTEX_POINT('',#6061);
#6061 = CARTESIAN_POINT('',(220.840173,-102.600293,1.51));
#6062 = LINE('',#6063,#6064);
#6063 = CARTESIAN_POINT('',(220.840173,-102.600293,1.51));
#6064 = VECTOR('',#6065,1.);
#6065 = DIRECTION('',(0.103443021071,-0.994635381128,0.));
#6066 = ORIENTED_EDGE('',*,*,#6067,.F.);
#6067 = EDGE_CURVE('',#6068,#6060,#6070,.T.);
#6068 = VERTEX_POINT('',#6069);
#6069 = CARTESIAN_POINT('',(220.721068,-101.635849,1.51));
#6070 = LINE('',#6071,#6072);
#6071 = CARTESIAN_POINT('',(220.721068,-101.635849,1.51));
#6072 = VECTOR('',#6073,1.);
#6073 = DIRECTION('',(0.122564926054,-0.992460497401,0.));
#6074 = ORIENTED_EDGE('',*,*,#6075,.F.);
#6075 = EDGE_CURVE('',#6076,#6068,#6078,.T.);
#6076 = VERTEX_POINT('',#6077);
#6077 = CARTESIAN_POINT('',(220.586399,-100.688886,1.51));
#6078 = LINE('',#6079,#6080);
#6079 = CARTESIAN_POINT('',(220.586399,-100.688886,1.51));
#6080 = VECTOR('',#6081,1.);
#6081 = DIRECTION('',(0.140794871298,-0.990038789248,0.));
#6082 = ORIENTED_EDGE('',*,*,#6083,.F.);
#6083 = EDGE_CURVE('',#6084,#6076,#6086,.T.);
#6084 = VERTEX_POINT('',#6085);
#6085 = CARTESIAN_POINT('',(220.437739,-99.760889,1.51));
#6086 = LINE('',#6087,#6088);
#6087 = CARTESIAN_POINT('',(220.437739,-99.760889,1.51));
#6088 = VECTOR('',#6089,1.);
#6089 = DIRECTION('',(0.158177739851,-0.987410655511,0.));
#6090 = ORIENTED_EDGE('',*,*,#6091,.F.);
#6091 = EDGE_CURVE('',#6092,#6084,#6094,.T.);
#6092 = VERTEX_POINT('',#6093);
#6093 = CARTESIAN_POINT('',(220.27666,-98.853341,1.51));
#6094 = LINE('',#6095,#6096);
#6095 = CARTESIAN_POINT('',(220.27666,-98.853341,1.51));
#6096 = VECTOR('',#6097,1.);
#6097 = DIRECTION('',(0.174756877269,-0.984611615739,0.));
#6098 = ORIENTED_EDGE('',*,*,#6099,.F.);
#6099 = EDGE_CURVE('',#6100,#6092,#6102,.T.);
#6100 = VERTEX_POINT('',#6101);
#6101 = CARTESIAN_POINT('',(220.104738,-97.967726,1.51));
#6102 = LINE('',#6103,#6104);
#6103 = CARTESIAN_POINT('',(220.104738,-97.967726,1.51));
#6104 = VECTOR('',#6105,1.);
#6105 = DIRECTION('',(0.190569607939,-0.981673685361,0.));
#6106 = ORIENTED_EDGE('',*,*,#6107,.F.);
#6107 = EDGE_CURVE('',#6108,#6100,#6110,.T.);
#6108 = VERTEX_POINT('',#6109);
#6109 = CARTESIAN_POINT('',(219.923545,-97.105527,1.51));
#6110 = LINE('',#6111,#6112);
#6111 = CARTESIAN_POINT('',(219.923545,-97.105527,1.51));
#6112 = VECTOR('',#6113,1.);
#6113 = DIRECTION('',(0.205659869361,-0.978623532383,0.));
#6114 = ORIENTED_EDGE('',*,*,#6115,.F.);
#6115 = EDGE_CURVE('',#6116,#6108,#6118,.T.);
#6116 = VERTEX_POINT('',#6117);
#6117 = CARTESIAN_POINT('',(219.734655,-96.268227,1.51));
#6118 = LINE('',#6119,#6120);
#6119 = CARTESIAN_POINT('',(219.734655,-96.268227,1.51));
#6120 = VECTOR('',#6121,1.);
#6121 = DIRECTION('',(0.22006383727,-0.97548547274,0.));
#6122 = ORIENTED_EDGE('',*,*,#6123,.F.);
#6123 = EDGE_CURVE('',#6124,#6116,#6126,.T.);
#6124 = VERTEX_POINT('',#6125);
#6125 = CARTESIAN_POINT('',(219.53964,-95.457311,1.51));
#6126 = LINE('',#6127,#6128);
#6127 = CARTESIAN_POINT('',(219.53964,-95.457311,1.51));
#6128 = VECTOR('',#6129,1.);
#6129 = DIRECTION('',(0.233820916218,-0.972279681542,0.));
#6130 = ORIENTED_EDGE('',*,*,#6131,.F.);
#6131 = EDGE_CURVE('',#6132,#6124,#6134,.T.);
#6132 = VERTEX_POINT('',#6133);
#6133 = CARTESIAN_POINT('',(219.340076,-94.67426,1.51));
#6134 = LINE('',#6135,#6136);
#6135 = CARTESIAN_POINT('',(219.340076,-94.67426,1.51));
#6136 = VECTOR('',#6137,1.);
#6137 = DIRECTION('',(0.246960437461,-0.9690255633,0.));
#6138 = ORIENTED_EDGE('',*,*,#6139,.F.);
#6139 = EDGE_CURVE('',#6140,#6132,#6142,.T.);
#6140 = VERTEX_POINT('',#6141);
#6141 = CARTESIAN_POINT('',(218.933589,-93.197693,1.51));
#6142 = LINE('',#6143,#6144);
#6143 = CARTESIAN_POINT('',(218.933589,-93.197693,1.51));
#6144 = VECTOR('',#6145,1.);
#6145 = DIRECTION('',(0.265418156501,-0.964133394401,0.));
#6146 = ORIENTED_EDGE('',*,*,#6147,.F.);
#6147 = EDGE_CURVE('',#6148,#6140,#6150,.T.);
#6148 = VERTEX_POINT('',#6149);
#6149 = CARTESIAN_POINT('',(218.527783,-91.850394,1.51));
#6150 = LINE('',#6151,#6152);
#6151 = CARTESIAN_POINT('',(218.527783,-91.850394,1.51));
#6152 = VECTOR('',#6153,1.);
#6153 = DIRECTION('',(0.288401551462,-0.957509553537,0.));
#6154 = ORIENTED_EDGE('',*,*,#6155,.F.);
#6155 = EDGE_CURVE('',#6156,#6148,#6158,.T.);
#6156 = VERTEX_POINT('',#6157);
#6157 = CARTESIAN_POINT('',(218.135244,-90.644229,1.51));
#6158 = LINE('',#6159,#6160);
#6159 = CARTESIAN_POINT('',(218.135244,-90.644229,1.51));
#6160 = VECTOR('',#6161,1.);
#6161 = DIRECTION('',(0.309467800819,-0.950909922262,0.));
#6162 = ORIENTED_EDGE('',*,*,#6163,.F.);
#6163 = EDGE_CURVE('',#6164,#6156,#6166,.T.);
#6164 = VERTEX_POINT('',#6165);
#6165 = CARTESIAN_POINT('',(217.768561,-89.591068,1.51));
#6166 = LINE('',#6167,#6168);
#6167 = CARTESIAN_POINT('',(217.768561,-89.591068,1.51));
#6168 = VECTOR('',#6169,1.);
#6169 = DIRECTION('',(0.328813493158,-0.944394878595,0.));
#6170 = ORIENTED_EDGE('',*,*,#6171,.F.);
#6171 = EDGE_CURVE('',#6172,#6164,#6174,.T.);
#6172 = VERTEX_POINT('',#6173);
#6173 = CARTESIAN_POINT('',(217.44032,-88.702779,1.51));
#6174 = LINE('',#6175,#6176);
#6175 = CARTESIAN_POINT('',(217.44032,-88.702779,1.51));
#6176 = VECTOR('',#6177,1.);
#6177 = DIRECTION('',(0.346613239987,-0.938008135288,0.));
#6178 = ORIENTED_EDGE('',*,*,#6179,.F.);
#6179 = EDGE_CURVE('',#6180,#6172,#6182,.T.);
#6180 = VERTEX_POINT('',#6181);
#6181 = CARTESIAN_POINT('',(217.16311,-87.991228,1.51));
#6182 = LINE('',#6183,#6184);
#6183 = CARTESIAN_POINT('',(217.16311,-87.991228,1.51));
#6184 = VECTOR('',#6185,1.);
#6185 = DIRECTION('',(0.363010071778,-0.931785215481,0.));
#6186 = ORIENTED_EDGE('',*,*,#6187,.F.);
#6187 = EDGE_CURVE('',#6188,#6180,#6190,.T.);
#6188 = VERTEX_POINT('',#6189);
#6189 = CARTESIAN_POINT('',(216.949518,-87.468284,1.51));
#6190 = LINE('',#6191,#6192);
#6191 = CARTESIAN_POINT('',(216.949518,-87.468284,1.51));
#6192 = VECTOR('',#6193,1.);
#6193 = DIRECTION('',(0.378117732626,-0.925757516996,0.));
#6194 = ORIENTED_EDGE('',*,*,#6195,.F.);
#6195 = EDGE_CURVE('',#6196,#6188,#6198,.T.);
#6196 = VERTEX_POINT('',#6197);
#6197 = CARTESIAN_POINT('',(216.763539,-87.035687,1.51));
#6198 = LINE('',#6199,#6200);
#6199 = CARTESIAN_POINT('',(216.763539,-87.035687,1.51));
#6200 = VECTOR('',#6201,1.);
#6201 = DIRECTION('',(0.394960162427,-0.918698247574,0.));
#6202 = ORIENTED_EDGE('',*,*,#6203,.F.);
#6203 = EDGE_CURVE('',#6204,#6196,#6206,.T.);
#6204 = VERTEX_POINT('',#6205);
#6205 = CARTESIAN_POINT('',(216.40334,-85.952475,1.51));
#6206 = LINE('',#6207,#6208);
#6207 = CARTESIAN_POINT('',(216.40334,-85.952475,1.51));
#6208 = VECTOR('',#6209,1.);
#6209 = DIRECTION('',(0.315540447706,-0.948912127576,0.));
#6210 = ORIENTED_EDGE('',*,*,#6211,.F.);
#6211 = EDGE_CURVE('',#6212,#6204,#6214,.T.);
#6212 = VERTEX_POINT('',#6213);
#6213 = CARTESIAN_POINT('',(216.038606,-84.896675,1.51));
#6214 = LINE('',#6215,#6216);
#6215 = CARTESIAN_POINT('',(216.038606,-84.896675,1.51));
#6216 = VECTOR('',#6217,1.);
#6217 = DIRECTION('',(0.326522724873,-0.945189351475,0.));
#6218 = ORIENTED_EDGE('',*,*,#6219,.F.);
#6219 = EDGE_CURVE('',#6220,#6212,#6222,.T.);
#6220 = VERTEX_POINT('',#6221);
#6221 = CARTESIAN_POINT('',(215.669664,-83.867953,1.51));
#6222 = LINE('',#6223,#6224);
#6223 = CARTESIAN_POINT('',(215.669664,-83.867953,1.51));
#6224 = VECTOR('',#6225,1.);
#6225 = DIRECTION('',(0.337586861526,-0.941294380587,0.));
#6226 = ORIENTED_EDGE('',*,*,#6227,.F.);
#6227 = EDGE_CURVE('',#6228,#6220,#6230,.T.);
#6228 = VERTEX_POINT('',#6229);
#6229 = CARTESIAN_POINT('',(215.296841,-82.865979,1.51));
#6230 = LINE('',#6231,#6232);
#6231 = CARTESIAN_POINT('',(215.296841,-82.865979,1.51));
#6232 = VECTOR('',#6233,1.);
#6233 = DIRECTION('',(0.348729986064,-0.937223237452,0.));
#6234 = ORIENTED_EDGE('',*,*,#6235,.F.);
#6235 = EDGE_CURVE('',#6236,#6228,#6238,.T.);
#6236 = VERTEX_POINT('',#6237);
#6237 = CARTESIAN_POINT('',(214.920463,-81.890423,1.51));
#6238 = LINE('',#6239,#6240);
#6239 = CARTESIAN_POINT('',(214.920463,-81.890423,1.51));
#6240 = VECTOR('',#6241,1.);
#6241 = DIRECTION('',(0.359948751629,-0.93297207686,0.));
#6242 = ORIENTED_EDGE('',*,*,#6243,.F.);
#6243 = EDGE_CURVE('',#6244,#6236,#6246,.T.);
#6244 = VERTEX_POINT('',#6245);
#6245 = CARTESIAN_POINT('',(214.540857,-80.940951,1.51));
#6246 = LINE('',#6247,#6248);
#6247 = CARTESIAN_POINT('',(214.540857,-80.940951,1.51));
#6248 = VECTOR('',#6249,1.);
#6249 = DIRECTION('',(0.371236559445,-0.928538322812,0.));
#6250 = ORIENTED_EDGE('',*,*,#6251,.F.);
#6251 = EDGE_CURVE('',#6252,#6244,#6254,.T.);
#6252 = VERTEX_POINT('',#6253);
#6253 = CARTESIAN_POINT('',(214.15835,-80.017234,1.51));
#6254 = LINE('',#6255,#6256);
#6255 = CARTESIAN_POINT('',(214.15835,-80.017234,1.51));
#6256 = VECTOR('',#6257,1.);
#6257 = DIRECTION('',(0.382590279621,-0.92391811214,0.));
#6258 = ORIENTED_EDGE('',*,*,#6259,.F.);
#6259 = EDGE_CURVE('',#6260,#6252,#6262,.T.);
#6260 = VERTEX_POINT('',#6261);
#6261 = CARTESIAN_POINT('',(213.773268,-79.11894,1.51));
#6262 = LINE('',#6263,#6264);
#6263 = CARTESIAN_POINT('',(213.773268,-79.11894,1.51));
#6264 = VECTOR('',#6265,1.);
#6265 = DIRECTION('',(0.394004749299,-0.919108403579,0.));
#6266 = ORIENTED_EDGE('',*,*,#6267,.F.);
#6267 = EDGE_CURVE('',#6268,#6260,#6270,.T.);
#6268 = VERTEX_POINT('',#6269);
#6269 = CARTESIAN_POINT('',(213.385938,-78.245738,1.51));
#6270 = LINE('',#6271,#6272);
#6271 = CARTESIAN_POINT('',(213.385938,-78.245738,1.51));
#6272 = VECTOR('',#6273,1.);
#6273 = DIRECTION('',(0.405474184666,-0.914106495749,0.));
#6274 = ORIENTED_EDGE('',*,*,#6275,.F.);
#6275 = EDGE_CURVE('',#6276,#6268,#6278,.T.);
#6276 = VERTEX_POINT('',#6277);
#6277 = CARTESIAN_POINT('',(212.996686,-77.397295,1.51));
#6278 = LINE('',#6279,#6280);
#6279 = CARTESIAN_POINT('',(212.996686,-77.397295,1.51));
#6280 = VECTOR('',#6281,1.);
#6281 = DIRECTION('',(0.416993122311,-0.908909641243,0.));
#6282 = ORIENTED_EDGE('',*,*,#6283,.F.);
#6283 = EDGE_CURVE('',#6284,#6276,#6286,.T.);
#6284 = VERTEX_POINT('',#6285);
#6285 = CARTESIAN_POINT('',(212.60584,-76.573282,1.51));
#6286 = LINE('',#6287,#6288);
#6287 = CARTESIAN_POINT('',(212.60584,-76.573282,1.51));
#6288 = VECTOR('',#6289,1.);
#6289 = DIRECTION('',(0.428555598673,-0.903515411516,0.));
#6290 = ORIENTED_EDGE('',*,*,#6291,.F.);
#6291 = EDGE_CURVE('',#6292,#6284,#6294,.T.);
#6292 = VERTEX_POINT('',#6293);
#6293 = CARTESIAN_POINT('',(212.213725,-75.773367,1.51));
#6294 = LINE('',#6295,#6296);
#6295 = CARTESIAN_POINT('',(212.213725,-75.773367,1.51));
#6296 = VECTOR('',#6297,1.);
#6297 = DIRECTION('',(0.440157039563,-0.897920809717,0.));
#6298 = ORIENTED_EDGE('',*,*,#6299,.F.);
#6299 = EDGE_CURVE('',#6300,#6292,#6302,.T.);
#6300 = VERTEX_POINT('',#6301);
#6301 = CARTESIAN_POINT('',(211.820668,-74.997219,1.51));
#6302 = LINE('',#6303,#6304);
#6303 = CARTESIAN_POINT('',(211.820668,-74.997219,1.51));
#6304 = VECTOR('',#6305,1.);
#6305 = DIRECTION('',(0.451789797486,-0.89212441895,0.));
#6306 = ORIENTED_EDGE('',*,*,#6307,.F.);
#6307 = EDGE_CURVE('',#6308,#6300,#6310,.T.);
#6308 = VERTEX_POINT('',#6309);
#6309 = CARTESIAN_POINT('',(211.426997,-74.244506,1.51));
#6310 = LINE('',#6311,#6312);
#6311 = CARTESIAN_POINT('',(211.426997,-74.244506,1.51));
#6312 = VECTOR('',#6313,1.);
#6313 = DIRECTION('',(0.463445948023,-0.886125190513,0.));
#6314 = ORIENTED_EDGE('',*,*,#6315,.F.);
#6315 = EDGE_CURVE('',#6316,#6308,#6318,.T.);
#6316 = VERTEX_POINT('',#6317);
#6317 = CARTESIAN_POINT('',(211.033037,-73.514896,1.51));
#6318 = LINE('',#6319,#6320);
#6319 = CARTESIAN_POINT('',(211.033037,-73.514896,1.51));
#6320 = VECTOR('',#6321,1.);
#6321 = DIRECTION('',(0.475121462641,-0.879920221235,0.));
#6322 = ORIENTED_EDGE('',*,*,#6323,.F.);
#6323 = EDGE_CURVE('',#6324,#6316,#6326,.T.);
#6324 = VERTEX_POINT('',#6325);
#6325 = CARTESIAN_POINT('',(210.639115,-72.80806,1.51));
#6326 = LINE('',#6327,#6328);
#6327 = CARTESIAN_POINT('',(210.639115,-72.80806,1.51));
#6328 = VECTOR('',#6329,1.);
#6329 = DIRECTION('',(0.486809071248,-0.873508401878,0.));
#6330 = ORIENTED_EDGE('',*,*,#6331,.F.);
#6331 = EDGE_CURVE('',#6332,#6324,#6334,.T.);
#6332 = VERTEX_POINT('',#6333);
#6333 = CARTESIAN_POINT('',(210.245559,-72.123665,1.51));
#6334 = LINE('',#6335,#6336);
#6335 = CARTESIAN_POINT('',(210.245559,-72.123665,1.51));
#6336 = VECTOR('',#6337,1.);
#6337 = DIRECTION('',(0.498498610779,-0.866890497728,0.));
#6338 = ORIENTED_EDGE('',*,*,#6339,.F.);
#6339 = EDGE_CURVE('',#6340,#6332,#6342,.T.);
#6340 = VERTEX_POINT('',#6341);
#6341 = CARTESIAN_POINT('',(209.852694,-71.46138,1.51));
#6342 = LINE('',#6343,#6344);
#6343 = CARTESIAN_POINT('',(209.852694,-71.46138,1.51));
#6344 = VECTOR('',#6345,1.);
#6345 = DIRECTION('',(0.510186608927,-0.860063732564,0.));
#6346 = ORIENTED_EDGE('',*,*,#6347,.F.);
#6347 = EDGE_CURVE('',#6348,#6340,#6350,.T.);
#6348 = VERTEX_POINT('',#6349);
#6349 = CARTESIAN_POINT('',(209.460847,-70.820874,1.51));
#6350 = LINE('',#6351,#6352);
#6351 = CARTESIAN_POINT('',(209.460847,-70.820874,1.51));
#6352 = VECTOR('',#6353,1.);
#6353 = DIRECTION('',(0.521863675533,-0.853028899956,0.));
#6354 = ORIENTED_EDGE('',*,*,#6355,.F.);
#6355 = EDGE_CURVE('',#6356,#6348,#6358,.T.);
#6356 = VERTEX_POINT('',#6357);
#6357 = CARTESIAN_POINT('',(209.070344,-70.201815,1.51));
#6358 = LINE('',#6359,#6360);
#6359 = CARTESIAN_POINT('',(209.070344,-70.201815,1.51));
#6360 = VECTOR('',#6361,1.);
#6361 = DIRECTION('',(0.533522517578,-0.845785861337,0.));
#6362 = ORIENTED_EDGE('',*,*,#6363,.F.);
#6363 = EDGE_CURVE('',#6364,#6356,#6366,.T.);
#6364 = VERTEX_POINT('',#6365);
#6365 = CARTESIAN_POINT('',(208.294681,-69.026717,1.51));
#6366 = LINE('',#6367,#6368);
#6367 = CARTESIAN_POINT('',(208.294681,-69.026717,1.51));
#6368 = VECTOR('',#6369,1.);
#6369 = DIRECTION('',(0.550890848217,-0.834577302202,0.));
#6370 = ORIENTED_EDGE('',*,*,#6371,.F.);
#6371 = EDGE_CURVE('',#6372,#6364,#6374,.T.);
#6372 = VERTEX_POINT('',#6373);
#6373 = CARTESIAN_POINT('',(207.528316,-67.933433,1.51));
#6374 = LINE('',#6375,#6376);
#6375 = CARTESIAN_POINT('',(207.528316,-67.933433,1.51));
#6376 = VECTOR('',#6377,1.);
#6377 = DIRECTION('',(0.573998175326,-0.818856577627,0.));
#6378 = ORIENTED_EDGE('',*,*,#6379,.F.);
#6379 = EDGE_CURVE('',#6380,#6372,#6382,.T.);
#6380 = VERTEX_POINT('',#6381);
#6381 = CARTESIAN_POINT('',(206.773863,-66.919314,1.51));
#6382 = LINE('',#6383,#6384);
#6383 = CARTESIAN_POINT('',(206.773863,-66.919314,1.51));
#6384 = VECTOR('',#6385,1.);
#6385 = DIRECTION('',(0.596888455162,-0.802324231277,0.));
#6386 = ORIENTED_EDGE('',*,*,#6387,.F.);
#6387 = EDGE_CURVE('',#6388,#6380,#6390,.T.);
#6388 = VERTEX_POINT('',#6389);
#6389 = CARTESIAN_POINT('',(206.033934,-65.98171,1.51));
#6390 = LINE('',#6391,#6392);
#6391 = CARTESIAN_POINT('',(206.033934,-65.98171,1.51));
#6392 = VECTOR('',#6393,1.);
#6393 = DIRECTION('',(0.619497445154,-0.784998672259,0.));
#6394 = ORIENTED_EDGE('',*,*,#6395,.F.);
#6395 = EDGE_CURVE('',#6396,#6388,#6398,.T.);
#6396 = VERTEX_POINT('',#6397);
#6397 = CARTESIAN_POINT('',(205.311144,-65.117971,1.51));
#6398 = LINE('',#6399,#6400);
#6399 = CARTESIAN_POINT('',(205.311144,-65.117971,1.51));
#6400 = VECTOR('',#6401,1.);
#6401 = DIRECTION('',(0.641758986992,-0.766906384518,0.));
#6402 = ORIENTED_EDGE('',*,*,#6403,.F.);
#6403 = EDGE_CURVE('',#6404,#6396,#6406,.T.);
#6404 = VERTEX_POINT('',#6405);
#6405 = CARTESIAN_POINT('',(204.608105,-64.325447,1.51));
#6406 = LINE('',#6407,#6408);
#6407 = CARTESIAN_POINT('',(204.608105,-64.325447,1.51));
#6408 = VECTOR('',#6409,1.);
#6409 = DIRECTION('',(0.663611173568,-0.748077676659,0.));
#6410 = ORIENTED_EDGE('',*,*,#6411,.F.);
#6411 = EDGE_CURVE('',#6412,#6404,#6414,.T.);
#6412 = VERTEX_POINT('',#6413);
#6413 = CARTESIAN_POINT('',(203.927429,-63.601486,1.51));
#6414 = LINE('',#6415,#6416);
#6415 = CARTESIAN_POINT('',(203.927429,-63.601486,1.51));
#6416 = VECTOR('',#6417,1.);
#6417 = DIRECTION('',(0.684991565255,-0.728550997205,0.));
#6418 = ORIENTED_EDGE('',*,*,#6419,.F.);
#6419 = EDGE_CURVE('',#6420,#6412,#6422,.T.);
#6420 = VERTEX_POINT('',#6421);
#6421 = CARTESIAN_POINT('',(203.27173,-62.943439,1.51));
#6422 = LINE('',#6423,#6424);
#6423 = CARTESIAN_POINT('',(203.27173,-62.943439,1.51));
#6424 = VECTOR('',#6425,1.);
#6425 = DIRECTION('',(0.705841873247,-0.708369430432,0.));
#6426 = ORIENTED_EDGE('',*,*,#6427,.F.);
#6427 = EDGE_CURVE('',#6428,#6420,#6430,.T.);
#6428 = VERTEX_POINT('',#6429);
#6429 = CARTESIAN_POINT('',(202.643622,-62.348657,1.51));
#6430 = LINE('',#6431,#6432);
#6431 = CARTESIAN_POINT('',(202.643622,-62.348657,1.51));
#6432 = VECTOR('',#6433,1.);
#6433 = DIRECTION('',(0.726107164237,-0.68758154865,0.));
#6434 = ORIENTED_EDGE('',*,*,#6435,.F.);
#6435 = EDGE_CURVE('',#6436,#6428,#6438,.T.);
#6436 = VERTEX_POINT('',#6437);
#6437 = CARTESIAN_POINT('',(202.045716,-61.814487,1.51));
#6438 = LINE('',#6439,#6440);
#6439 = CARTESIAN_POINT('',(202.045716,-61.814487,1.51));
#6440 = VECTOR('',#6441,1.);
#6441 = DIRECTION('',(0.745736023238,-0.666241535514,0.));
#6442 = ORIENTED_EDGE('',*,*,#6443,.F.);
#6443 = EDGE_CURVE('',#6444,#6436,#6446,.T.);
#6444 = VERTEX_POINT('',#6445);
#6445 = CARTESIAN_POINT('',(201.480627,-61.338282,1.51));
#6446 = LINE('',#6447,#6448);
#6447 = CARTESIAN_POINT('',(201.480627,-61.338282,1.51));
#6448 = VECTOR('',#6449,1.);
#6449 = DIRECTION('',(0.764684074495,-0.644405358616,0.));
#6450 = ORIENTED_EDGE('',*,*,#6451,.F.);
#6451 = EDGE_CURVE('',#6452,#6444,#6454,.T.);
#6452 = VERTEX_POINT('',#6453);
#6453 = CARTESIAN_POINT('',(200.950967,-60.917389,1.51));
#6454 = LINE('',#6455,#6456);
#6455 = CARTESIAN_POINT('',(200.950967,-60.917389,1.51));
#6456 = VECTOR('',#6457,1.);
#6457 = DIRECTION('',(0.782908780853,-0.622136513045,0.));
#6458 = ORIENTED_EDGE('',*,*,#6459,.F.);
#6459 = EDGE_CURVE('',#6460,#6452,#6462,.T.);
#6460 = VERTEX_POINT('',#6461);
#6461 = CARTESIAN_POINT('',(200.459349,-60.549159,1.51));
#6462 = LINE('',#6463,#6464);
#6463 = CARTESIAN_POINT('',(200.459349,-60.549159,1.51));
#6464 = VECTOR('',#6465,1.);
#6465 = DIRECTION('',(0.800377678746,-0.599496097874,0.));
#6466 = ORIENTED_EDGE('',*,*,#6467,.F.);
#6467 = EDGE_CURVE('',#6468,#6460,#6470,.T.);
#6468 = VERTEX_POINT('',#6469);
#6469 = CARTESIAN_POINT('',(200.008386,-60.230942,1.51));
#6470 = LINE('',#6471,#6472);
#6471 = CARTESIAN_POINT('',(200.008386,-60.230942,1.51));
#6472 = VECTOR('',#6473,1.);
#6473 = DIRECTION('',(0.817061598213,-0.57655038351,0.));
#6474 = ORIENTED_EDGE('',*,*,#6475,.F.);
#6475 = EDGE_CURVE('',#6476,#6468,#6478,.T.);
#6476 = VERTEX_POINT('',#6477);
#6477 = CARTESIAN_POINT('',(199.600692,-59.960088,1.51));
#6478 = LINE('',#6479,#6480);
#6479 = CARTESIAN_POINT('',(199.600692,-59.960088,1.51));
#6480 = VECTOR('',#6481,1.);
#6481 = DIRECTION('',(0.832937480968,-0.553367104912,0.));
#6482 = ORIENTED_EDGE('',*,*,#6483,.F.);
#6483 = EDGE_CURVE('',#6484,#6476,#6486,.T.);
#6484 = VERTEX_POINT('',#6485);
#6485 = CARTESIAN_POINT('',(199.238879,-59.733946,1.51));
#6486 = LINE('',#6487,#6488);
#6487 = CARTESIAN_POINT('',(199.238879,-59.733946,1.51));
#6488 = VECTOR('',#6489,1.);
#6489 = DIRECTION('',(0.847988955321,-0.530013897605,0.));
#6490 = ORIENTED_EDGE('',*,*,#6491,.F.);
#6491 = EDGE_CURVE('',#6492,#6484,#6494,.T.);
#6492 = VERTEX_POINT('',#6493);
#6493 = CARTESIAN_POINT('',(198.92556,-59.549866,1.51));
#6494 = LINE('',#6495,#6496);
#6495 = CARTESIAN_POINT('',(198.92556,-59.549866,1.51));
#6496 = VECTOR('',#6497,1.);
#6497 = DIRECTION('',(0.862205032009,-0.506559456312,0.));
#6498 = ORIENTED_EDGE('',*,*,#6499,.F.);
#6499 = EDGE_CURVE('',#6500,#6492,#6502,.T.);
#6500 = VERTEX_POINT('',#6501);
#6501 = CARTESIAN_POINT('',(198.663349,-59.405198,1.51));
#6502 = LINE('',#6503,#6504);
#6503 = CARTESIAN_POINT('',(198.663349,-59.405198,1.51));
#6504 = VECTOR('',#6505,1.);
#6505 = DIRECTION('',(0.875577878839,-0.483076989813,0.));
#6506 = ORIENTED_EDGE('',*,*,#6507,.F.);
#6507 = EDGE_CURVE('',#6508,#6500,#6510,.T.);
#6508 = VERTEX_POINT('',#6509);
#6509 = CARTESIAN_POINT('',(198.302701,-59.223497,1.51));
#6510 = LINE('',#6511,#6512);
#6511 = CARTESIAN_POINT('',(198.302701,-59.223497,1.51));
#6512 = VECTOR('',#6513,1.);
#6513 = DIRECTION('',(0.893059105884,-0.449939366358,0.));
#6514 = ORIENTED_EDGE('',*,*,#6515,.F.);
#6515 = EDGE_CURVE('',#6516,#6508,#6518,.T.);
#6516 = VERTEX_POINT('',#6517);
#6517 = CARTESIAN_POINT('',(198.17784,-59.167642,1.51));
#6518 = LINE('',#6519,#6520);
#6519 = CARTESIAN_POINT('',(198.17784,-59.167642,1.51));
#6520 = VECTOR('',#6521,1.);
#6521 = DIRECTION('',(0.912828793766,-0.408342495061,0.));
#6522 = ORIENTED_EDGE('',*,*,#6523,.F.);
#6523 = EDGE_CURVE('',#6524,#6516,#6526,.T.);
#6524 = VERTEX_POINT('',#6525);
#6525 = CARTESIAN_POINT('',(197.80754,-59.024688,1.51));
#6526 = LINE('',#6527,#6528);
#6527 = CARTESIAN_POINT('',(197.80754,-59.024688,1.51));
#6528 = VECTOR('',#6529,1.);
#6529 = DIRECTION('',(0.932896729214,-0.360143988734,0.));
#6530 = ORIENTED_EDGE('',*,*,#6531,.F.);
#6531 = EDGE_CURVE('',#6532,#6524,#6534,.T.);
#6532 = VERTEX_POINT('',#6533);
#6533 = CARTESIAN_POINT('',(197.63071,-59.102716,1.51));
#6534 = LINE('',#6535,#6536);
#6535 = CARTESIAN_POINT('',(197.63071,-59.102716,1.51));
#6536 = VECTOR('',#6537,1.);
#6537 = DIRECTION('',(0.914889588627,0.403704149869,0.));
#6538 = ORIENTED_EDGE('',*,*,#6539,.F.);
#6539 = EDGE_CURVE('',#6540,#6532,#6542,.T.);
#6540 = VERTEX_POINT('',#6541);
#6541 = CARTESIAN_POINT('',(197.299992,-59.222944,1.51));
#6542 = LINE('',#6543,#6544);
#6543 = CARTESIAN_POINT('',(197.299992,-59.222944,1.51));
#6544 = VECTOR('',#6545,1.);
#6545 = DIRECTION('',(0.939823621375,0.341660007471,0.));
#6546 = ORIENTED_EDGE('',*,*,#6547,.F.);
#6547 = EDGE_CURVE('',#6548,#6540,#6550,.T.);
#6548 = VERTEX_POINT('',#6549);
#6549 = CARTESIAN_POINT('',(197.048565,-59.313109,1.51));
#6550 = LINE('',#6551,#6552);
#6551 = CARTESIAN_POINT('',(197.048565,-59.313109,1.51));
#6552 = VECTOR('',#6553,1.);
#6553 = DIRECTION('',(0.941302777468,0.337563447563,0.));
#6554 = ORIENTED_EDGE('',*,*,#6555,.F.);
#6555 = EDGE_CURVE('',#6556,#6548,#6558,.T.);
#6556 = VERTEX_POINT('',#6557);
#6557 = CARTESIAN_POINT('',(196.195129,-59.634728,1.51));
#6558 = LINE('',#6559,#6560);
#6559 = CARTESIAN_POINT('',(196.195129,-59.634728,1.51));
#6560 = VECTOR('',#6561,1.);
#6561 = DIRECTION('',(0.935758206446,0.352642282021,0.));
#6562 = ORIENTED_EDGE('',*,*,#6563,.F.);
#6563 = EDGE_CURVE('',#6564,#6556,#6566,.T.);
#6564 = VERTEX_POINT('',#6565);
#6565 = CARTESIAN_POINT('',(195.280792,-60.013463,1.51));
#6566 = LINE('',#6567,#6568);
#6567 = CARTESIAN_POINT('',(195.280792,-60.013463,1.51));
#6568 = VECTOR('',#6569,1.);
#6569 = DIRECTION('',(0.923878027076,0.382687066787,0.));
#6570 = ORIENTED_EDGE('',*,*,#6571,.F.);
#6571 = EDGE_CURVE('',#6572,#6564,#6574,.T.);
#6572 = VERTEX_POINT('',#6573);
#6573 = CARTESIAN_POINT('',(194.317411,-60.451335,1.51));
#6574 = LINE('',#6575,#6576);
#6575 = CARTESIAN_POINT('',(194.317411,-60.451335,1.51));
#6576 = VECTOR('',#6577,1.);
#6577 = DIRECTION('',(0.910376606608,0.413780659457,0.));
#6578 = ORIENTED_EDGE('',*,*,#6579,.F.);
#6579 = EDGE_CURVE('',#6580,#6572,#6582,.T.);
#6580 = VERTEX_POINT('',#6581);
#6581 = CARTESIAN_POINT('',(193.31394,-60.94842,1.51));
#6582 = LINE('',#6583,#6584);
#6583 = CARTESIAN_POINT('',(193.31394,-60.94842,1.51));
#6584 = VECTOR('',#6585,1.);
#6585 = DIRECTION('',(0.896082147147,0.443888257971,0.));
#6586 = ORIENTED_EDGE('',*,*,#6587,.F.);
#6587 = EDGE_CURVE('',#6588,#6580,#6590,.T.);
#6588 = VERTEX_POINT('',#6589);
#6589 = CARTESIAN_POINT('',(192.277092,-61.504522,1.51));
#6590 = LINE('',#6591,#6592);
#6591 = CARTESIAN_POINT('',(192.277092,-61.504522,1.51));
#6592 = VECTOR('',#6593,1.);
#6593 = DIRECTION('',(0.88125071301,0.472649109615,0.));
#6594 = ORIENTED_EDGE('',*,*,#6595,.F.);
#6595 = EDGE_CURVE('',#6596,#6588,#6598,.T.);
#6596 = VERTEX_POINT('',#6597);
#6597 = CARTESIAN_POINT('',(191.212024,-62.119476,1.51));
#6598 = LINE('',#6599,#6600);
#6599 = CARTESIAN_POINT('',(191.212024,-62.119476,1.51));
#6600 = VECTOR('',#6601,1.);
#6601 = DIRECTION('',(0.866012480747,0.500022382689,0.));
#6602 = ORIENTED_EDGE('',*,*,#6603,.F.);
#6603 = EDGE_CURVE('',#6604,#6596,#6606,.T.);
#6604 = VERTEX_POINT('',#6605);
#6605 = CARTESIAN_POINT('',(190.12281,-62.79322,1.51));
#6606 = LINE('',#6607,#6608);
#6607 = CARTESIAN_POINT('',(190.12281,-62.79322,1.51));
#6608 = VECTOR('',#6609,1.);
#6609 = DIRECTION('',(0.850450761266,0.526054657485,0.));
#6610 = ORIENTED_EDGE('',*,*,#6611,.F.);
#6611 = EDGE_CURVE('',#6612,#6604,#6614,.T.);
#6612 = VERTEX_POINT('',#6613);
#6613 = CARTESIAN_POINT('',(189.01274,-63.525798,1.51));
#6614 = LINE('',#6615,#6616);
#6615 = CARTESIAN_POINT('',(189.01274,-63.525798,1.51));
#6616 = VECTOR('',#6617,1.);
#6617 = DIRECTION('',(0.834632980164,0.550806489089,0.));
#6618 = ORIENTED_EDGE('',*,*,#6619,.F.);
#6619 = EDGE_CURVE('',#6620,#6612,#6622,.T.);
#6620 = VERTEX_POINT('',#6621);
#6621 = CARTESIAN_POINT('',(187.884534,-64.317359,1.51));
#6622 = LINE('',#6623,#6624);
#6623 = CARTESIAN_POINT('',(187.884534,-64.317359,1.51));
#6624 = VECTOR('',#6625,1.);
#6625 = DIRECTION('',(0.818612131971,0.574346739687,0.));
#6626 = ORIENTED_EDGE('',*,*,#6627,.F.);
#6627 = EDGE_CURVE('',#6628,#6620,#6630,.T.);
#6628 = VERTEX_POINT('',#6629);
#6629 = CARTESIAN_POINT('',(186.74048,-65.168144,1.51));
#6630 = LINE('',#6631,#6632);
#6631 = CARTESIAN_POINT('',(186.74048,-65.168144,1.51));
#6632 = VECTOR('',#6633,1.);
#6633 = DIRECTION('',(0.802436083511,0.596738076445,0.));
#6634 = ORIENTED_EDGE('',*,*,#6635,.F.);
#6635 = EDGE_CURVE('',#6636,#6628,#6638,.T.);
#6636 = VERTEX_POINT('',#6637);
#6637 = CARTESIAN_POINT('',(185.582532,-66.078475,1.51));
#6638 = LINE('',#6639,#6640);
#6639 = CARTESIAN_POINT('',(185.582532,-66.078475,1.51));
#6640 = VECTOR('',#6641,1.);
#6641 = DIRECTION('',(0.786148546061,0.618037590707,0.));
#6642 = ORIENTED_EDGE('',*,*,#6643,.F.);
#6643 = EDGE_CURVE('',#6644,#6636,#6646,.T.);
#6644 = VERTEX_POINT('',#6645);
#6645 = CARTESIAN_POINT('',(184.412387,-67.048751,1.51));
#6646 = LINE('',#6647,#6648);
#6647 = CARTESIAN_POINT('',(184.412387,-67.048751,1.51));
#6648 = VECTOR('',#6649,1.);
#6649 = DIRECTION('',(0.769786452635,0.638301509742,0.));
#6650 = ORIENTED_EDGE('',*,*,#6651,.F.);
#6651 = EDGE_CURVE('',#6652,#6644,#6654,.T.);
#6652 = VERTEX_POINT('',#6653);
#6653 = CARTESIAN_POINT('',(183.231539,-68.079435,1.51));
#6654 = LINE('',#6655,#6656);
#6655 = CARTESIAN_POINT('',(183.231539,-68.079435,1.51));
#6656 = VECTOR('',#6657,1.);
#6657 = DIRECTION('',(0.753384911989,0.657579785568,0.));
#6658 = ORIENTED_EDGE('',*,*,#6659,.F.);
#6659 = EDGE_CURVE('',#6660,#6652,#6662,.T.);
#6660 = VERTEX_POINT('',#6661);
#6661 = CARTESIAN_POINT('',(182.041314,-69.17105,1.51));
#6662 = LINE('',#6663,#6664);
#6663 = CARTESIAN_POINT('',(182.041314,-69.17105,1.51));
#6664 = VECTOR('',#6665,1.);
#6665 = DIRECTION('',(0.736976640608,0.675918213394,0.));
#6666 = ORIENTED_EDGE('',*,*,#6667,.F.);
#6667 = EDGE_CURVE('',#6668,#6660,#6670,.T.);
#6668 = VERTEX_POINT('',#6669);
#6669 = CARTESIAN_POINT('',(180.842911,-70.324172,1.51));
#6670 = LINE('',#6671,#6672);
#6671 = CARTESIAN_POINT('',(180.842911,-70.324172,1.51));
#6672 = VECTOR('',#6673,1.);
#6673 = DIRECTION('',(0.720589257028,0.693362187213,0.));
#6674 = ORIENTED_EDGE('',*,*,#6675,.F.);
#6675 = EDGE_CURVE('',#6676,#6668,#6678,.T.);
#6676 = VERTEX_POINT('',#6677);
#6677 = CARTESIAN_POINT('',(179.637417,-71.539425,1.51));
#6678 = LINE('',#6679,#6680);
#6679 = CARTESIAN_POINT('',(179.637417,-71.539425,1.51));
#6680 = VECTOR('',#6681,1.);
#6681 = DIRECTION('',(0.704250427968,0.709951642513,0.));
#6682 = ORIENTED_EDGE('',*,*,#6683,.F.);
#6683 = EDGE_CURVE('',#6684,#6676,#6686,.T.);
#6684 = VERTEX_POINT('',#6685);
#6685 = CARTESIAN_POINT('',(178.425834,-72.817477,1.51));
#6686 = LINE('',#6687,#6688);
#6687 = CARTESIAN_POINT('',(178.425834,-72.817477,1.51));
#6688 = VECTOR('',#6689,1.);
#6689 = DIRECTION('',(0.68798308543,0.725726721405,0.));
#6690 = ORIENTED_EDGE('',*,*,#6691,.F.);
#6691 = EDGE_CURVE('',#6692,#6684,#6694,.T.);
#6692 = VERTEX_POINT('',#6693);
#6693 = CARTESIAN_POINT('',(177.20909,-74.159036,1.51));
#6694 = LINE('',#6695,#6696);
#6695 = CARTESIAN_POINT('',(177.20909,-74.159036,1.51));
#6696 = VECTOR('',#6697,1.);
#6697 = DIRECTION('',(0.671809239004,0.740724203998,0.));
#6698 = ORIENTED_EDGE('',*,*,#6699,.F.);
#6699 = EDGE_CURVE('',#6700,#6692,#6702,.T.);
#6700 = VERTEX_POINT('',#6701);
#6701 = CARTESIAN_POINT('',(175.988053,-75.564847,1.51));
#6702 = LINE('',#6703,#6704);
#6703 = CARTESIAN_POINT('',(175.988053,-75.564847,1.51));
#6704 = VECTOR('',#6705,1.);
#6705 = DIRECTION('',(0.655748230555,0.754979640867,0.));
#6706 = ORIENTED_EDGE('',*,*,#6707,.F.);
#6707 = EDGE_CURVE('',#6708,#6700,#6710,.T.);
#6708 = VERTEX_POINT('',#6709);
#6709 = CARTESIAN_POINT('',(174.763542,-77.035687,1.51));
#6710 = LINE('',#6711,#6712);
#6711 = CARTESIAN_POINT('',(174.763542,-77.035687,1.51));
#6712 = VECTOR('',#6713,1.);
#6713 = DIRECTION('',(0.639817679811,0.768526731221,0.));
#6714 = ORIENTED_EDGE('',*,*,#6715,.F.);
#6715 = EDGE_CURVE('',#6716,#6708,#6718,.T.);
#6716 = VERTEX_POINT('',#6717);
#6717 = CARTESIAN_POINT('',(174.338033,-76.810475,1.51));
#6718 = LINE('',#6719,#6720);
#6719 = CARTESIAN_POINT('',(174.338033,-76.810475,1.51));
#6720 = VECTOR('',#6721,1.);
#6721 = DIRECTION('',(0.883837274129,-0.467794477158,0.));
#6722 = ORIENTED_EDGE('',*,*,#6723,.F.);
#6723 = EDGE_CURVE('',#6724,#6716,#6726,.T.);
#6724 = VERTEX_POINT('',#6725);
#6725 = CARTESIAN_POINT('',(173.903023,-76.593503,1.51));
#6726 = LINE('',#6727,#6728);
#6727 = CARTESIAN_POINT('',(173.903023,-76.593503,1.51));
#6728 = VECTOR('',#6729,1.);
#6729 = DIRECTION('',(0.894865337684,-0.446336226864,0.));
#6730 = ORIENTED_EDGE('',*,*,#6731,.F.);
#6731 = EDGE_CURVE('',#6732,#6724,#6734,.T.);
#6732 = VERTEX_POINT('',#6733);
#6733 = CARTESIAN_POINT('',(173.459029,-76.384623,1.51));
#6734 = LINE('',#6735,#6736);
#6735 = CARTESIAN_POINT('',(173.459029,-76.384623,1.51));
#6736 = VECTOR('',#6737,1.);
#6737 = DIRECTION('',(0.904864514676,-0.425699671224,0.));
#6738 = ORIENTED_EDGE('',*,*,#6739,.F.);
#6739 = EDGE_CURVE('',#6740,#6732,#6742,.T.);
#6740 = VERTEX_POINT('',#6741);
#6741 = CARTESIAN_POINT('',(173.00657,-76.183683,1.51));
#6742 = LINE('',#6743,#6744);
#6743 = CARTESIAN_POINT('',(173.00657,-76.183683,1.51));
#6744 = VECTOR('',#6745,1.);
#6745 = DIRECTION('',(0.913926126465,-0.405880567857,0.));
#6746 = ORIENTED_EDGE('',*,*,#6747,.F.);
#6747 = EDGE_CURVE('',#6748,#6740,#6750,.T.);
#6748 = VERTEX_POINT('',#6749);
#6749 = CARTESIAN_POINT('',(172.078331,-75.805024,1.51));
#6750 = LINE('',#6751,#6752);
#6751 = CARTESIAN_POINT('',(172.078331,-75.805024,1.51));
#6752 = VECTOR('',#6753,1.);
#6753 = DIRECTION('',(0.925922333364,-0.377713956028,0.));
#6754 = ORIENTED_EDGE('',*,*,#6755,.F.);
#6755 = EDGE_CURVE('',#6756,#6748,#6758,.T.);
#6756 = VERTEX_POINT('',#6757);
#6757 = CARTESIAN_POINT('',(171.122455,-75.456325,1.51));
#6758 = LINE('',#6759,#6760);
#6759 = CARTESIAN_POINT('',(171.122455,-75.456325,1.51));
#6760 = VECTOR('',#6761,1.);
#6761 = DIRECTION('',(0.939443281247,-0.342704422674,0.));
#6762 = ORIENTED_EDGE('',*,*,#6763,.F.);
#6763 = EDGE_CURVE('',#6764,#6756,#6766,.T.);
#6764 = VERTEX_POINT('',#6765);
#6765 = CARTESIAN_POINT('',(170.143088,-75.136384,1.51));
#6766 = LINE('',#6767,#6768);
#6767 = CARTESIAN_POINT('',(170.143088,-75.136384,1.51));
#6768 = VECTOR('',#6769,1.);
#6769 = DIRECTION('',(0.950563149404,-0.310531317252,0.));
#6770 = ORIENTED_EDGE('',*,*,#6771,.F.);
#6771 = EDGE_CURVE('',#6772,#6764,#6774,.T.);
#6772 = VERTEX_POINT('',#6773);
#6773 = CARTESIAN_POINT('',(169.14438,-74.843999,1.51));
#6774 = LINE('',#6775,#6776);
#6775 = CARTESIAN_POINT('',(169.14438,-74.843999,1.51));
#6776 = VECTOR('',#6777,1.);
#6777 = DIRECTION('',(0.95971662241,-0.28096975757,0.));
#6778 = ORIENTED_EDGE('',*,*,#6779,.F.);
#6779 = EDGE_CURVE('',#6780,#6772,#6782,.T.);
#6780 = VERTEX_POINT('',#6781);
#6781 = CARTESIAN_POINT('',(168.130478,-74.577969,1.51));
#6782 = LINE('',#6783,#6784);
#6783 = CARTESIAN_POINT('',(168.130478,-74.577969,1.51));
#6784 = VECTOR('',#6785,1.);
#6785 = DIRECTION('',(0.967258903348,-0.253791674203,0.));
#6786 = ORIENTED_EDGE('',*,*,#6787,.F.);
#6787 = EDGE_CURVE('',#6788,#6780,#6790,.T.);
#6788 = VERTEX_POINT('',#6789);
#6789 = CARTESIAN_POINT('',(167.10553,-74.337091,1.51));
#6790 = LINE('',#6791,#6792);
#6791 = CARTESIAN_POINT('',(167.10553,-74.337091,1.51));
#6792 = VECTOR('',#6793,1.);
#6793 = DIRECTION('',(0.973477745947,-0.228781725988,0.));
#6794 = ORIENTED_EDGE('',*,*,#6795,.F.);
#6795 = EDGE_CURVE('',#6796,#6788,#6798,.T.);
#6796 = VERTEX_POINT('',#6797);
#6797 = CARTESIAN_POINT('',(166.073685,-74.120164,1.51));
#6798 = LINE('',#6799,#6800);
#6799 = CARTESIAN_POINT('',(166.073685,-74.120164,1.51));
#6800 = VECTOR('',#6801,1.);
#6801 = DIRECTION('',(0.978607777529,-0.205734823889,0.));
#6802 = ORIENTED_EDGE('',*,*,#6803,.F.);
#6803 = EDGE_CURVE('',#6804,#6796,#6806,.T.);
#6804 = VERTEX_POINT('',#6805);
#6805 = CARTESIAN_POINT('',(165.03909,-73.925986,1.51));
#6806 = LINE('',#6807,#6808);
#6807 = CARTESIAN_POINT('',(165.03909,-73.925986,1.51));
#6808 = VECTOR('',#6809,1.);
#6809 = DIRECTION('',(0.982839230407,-0.184464216512,0.));
#6810 = ORIENTED_EDGE('',*,*,#6811,.F.);
#6811 = EDGE_CURVE('',#6812,#6804,#6814,.T.);
#6812 = VERTEX_POINT('',#6813);
#6813 = CARTESIAN_POINT('',(164.005893,-73.753356,1.51));
#6814 = LINE('',#6815,#6816);
#6815 = CARTESIAN_POINT('',(164.005893,-73.753356,1.51));
#6816 = VECTOR('',#6817,1.);
#6817 = DIRECTION('',(0.986327198861,-0.164798837336,0.));
#6818 = ORIENTED_EDGE('',*,*,#6819,.F.);
#6819 = EDGE_CURVE('',#6820,#6812,#6822,.T.);
#6820 = VERTEX_POINT('',#6821);
#6821 = CARTESIAN_POINT('',(162.978243,-73.601071,1.51));
#6822 = LINE('',#6823,#6824);
#6823 = CARTESIAN_POINT('',(162.978243,-73.601071,1.51));
#6824 = VECTOR('',#6825,1.);
#6825 = DIRECTION('',(0.989197802407,-0.146586860643,0.));
#6826 = ORIENTED_EDGE('',*,*,#6827,.F.);
#6827 = EDGE_CURVE('',#6828,#6820,#6830,.T.);
#6828 = VERTEX_POINT('',#6829);
#6829 = CARTESIAN_POINT('',(161.960287,-73.467929,1.51));
#6830 = LINE('',#6831,#6832);
#6831 = CARTESIAN_POINT('',(161.960287,-73.467929,1.51));
#6832 = VECTOR('',#6833,1.);
#6833 = DIRECTION('',(0.99155473506,-0.129688886882,0.));
#6834 = ORIENTED_EDGE('',*,*,#6835,.F.);
#6835 = EDGE_CURVE('',#6836,#6828,#6838,.T.);
#6836 = VERTEX_POINT('',#6837);
#6837 = CARTESIAN_POINT('',(160.956174,-73.352729,1.51));
#6838 = LINE('',#6839,#6840);
#6839 = CARTESIAN_POINT('',(160.956174,-73.352729,1.51));
#6840 = VECTOR('',#6841,1.);
#6841 = DIRECTION('',(0.993482994038,-0.113980439366,0.));
#6842 = ORIENTED_EDGE('',*,*,#6843,.F.);
#6843 = EDGE_CURVE('',#6844,#6836,#6846,.T.);
#6844 = VERTEX_POINT('',#6845);
#6845 = CARTESIAN_POINT('',(159.970051,-73.25427,1.51));
#6846 = LINE('',#6847,#6848);
#6847 = CARTESIAN_POINT('',(159.970051,-73.25427,1.51));
#6848 = VECTOR('',#6849,1.);
#6849 = DIRECTION('',(0.995052494082,-9.935056125332E-02,0.));
#6850 = ORIENTED_EDGE('',*,*,#6851,.F.);
#6851 = EDGE_CURVE('',#6852,#6844,#6854,.T.);
#6852 = VERTEX_POINT('',#6853);
#6853 = CARTESIAN_POINT('',(159.006066,-73.171348,1.51));
#6854 = LINE('',#6855,#6856);
#6855 = CARTESIAN_POINT('',(159.006066,-73.171348,1.51));
#6856 = VECTOR('',#6857,1.);
#6857 = DIRECTION('',(0.996320684996,-8.570351596885E-02,0.));
#6858 = ORIENTED_EDGE('',*,*,#6859,.F.);
#6859 = EDGE_CURVE('',#6860,#6852,#6862,.T.);
#6860 = VERTEX_POINT('',#6861);
#6861 = CARTESIAN_POINT('',(158.068368,-73.102763,1.51));
#6862 = LINE('',#6863,#6864);
#6863 = CARTESIAN_POINT('',(158.068368,-73.102763,1.51));
#6864 = VECTOR('',#6865,1.);
#6865 = DIRECTION('',(0.997335817026,-7.294702240031E-02,0.));
#6866 = ORIENTED_EDGE('',*,*,#6867,.F.);
#6867 = EDGE_CURVE('',#6868,#6860,#6870,.T.);
#6868 = VERTEX_POINT('',#6869);
#6869 = CARTESIAN_POINT('',(157.161105,-73.047313,1.51));
#6870 = LINE('',#6871,#6872);
#6871 = CARTESIAN_POINT('',(157.161105,-73.047313,1.51));
#6872 = VECTOR('',#6873,1.);
#6873 = DIRECTION('',(0.998137517987,-6.100405877059E-02,0.));
#6874 = ORIENTED_EDGE('',*,*,#6875,.F.);
#6875 = EDGE_CURVE('',#6876,#6868,#6878,.T.);
#6876 = VERTEX_POINT('',#6877);
#6877 = CARTESIAN_POINT('',(155.454474,-72.971009,1.51));
#6878 = LINE('',#6879,#6880);
#6879 = CARTESIAN_POINT('',(155.454474,-72.971009,1.51));
#6880 = VECTOR('',#6881,1.);
#6881 = DIRECTION('',(0.999001990144,-4.466568804618E-02,0.));
#6882 = ORIENTED_EDGE('',*,*,#6883,.F.);
#6883 = EDGE_CURVE('',#6884,#6876,#6886,.T.);
#6884 = VERTEX_POINT('',#6885);
#6885 = CARTESIAN_POINT('',(153.919358,-72.932822,1.51));
#6886 = LINE('',#6887,#6888);
#6887 = CARTESIAN_POINT('',(153.919358,-72.932822,1.51));
#6888 = VECTOR('',#6889,1.);
#6889 = DIRECTION('',(0.999690744671,-2.486795165104E-02,0.));
#6890 = ORIENTED_EDGE('',*,*,#6891,.F.);
#6891 = EDGE_CURVE('',#6892,#6884,#6894,.T.);
#6892 = VERTEX_POINT('',#6893);
#6893 = CARTESIAN_POINT('',(152.588941,-72.923138,1.51));
#6894 = LINE('',#6895,#6896);
#6895 = CARTESIAN_POINT('',(152.588941,-72.923138,1.51));
#6896 = VECTOR('',#6897,1.);
#6897 = DIRECTION('',(0.999973509708,-7.278727998834E-03,0.));
#6898 = ORIENTED_EDGE('',*,*,#6899,.F.);
#6899 = EDGE_CURVE('',#6900,#6892,#6902,.T.);
#6900 = VERTEX_POINT('',#6901);
#6901 = CARTESIAN_POINT('',(151.496407,-72.932342,1.51));
#6902 = LINE('',#6903,#6904);
#6903 = CARTESIAN_POINT('',(151.496407,-72.932342,1.51));
#6904 = VECTOR('',#6905,1.);
#6905 = DIRECTION('',(0.999964516195,8.42415284748E-03,0.));
#6906 = ORIENTED_EDGE('',*,*,#6907,.F.);
#6907 = EDGE_CURVE('',#6908,#6900,#6910,.T.);
#6908 = VERTEX_POINT('',#6909);
#6909 = CARTESIAN_POINT('',(150.67494,-72.95082,1.51));
#6910 = LINE('',#6911,#6912);
#6911 = CARTESIAN_POINT('',(150.67494,-72.95082,1.51));
#6912 = VECTOR('',#6913,1.);
#6913 = DIRECTION('',(0.999747108101,2.248821567205E-02,0.));
#6914 = ORIENTED_EDGE('',*,*,#6915,.F.);
#6915 = EDGE_CURVE('',#6916,#6908,#6918,.T.);
#6916 = VERTEX_POINT('',#6917);
#6917 = CARTESIAN_POINT('',(149.977946,-72.977139,1.51));
#6918 = LINE('',#6919,#6920);
#6919 = CARTESIAN_POINT('',(149.977946,-72.977139,1.51));
#6920 = VECTOR('',#6921,1.);
#6921 = DIRECTION('',(0.999287825269,3.77338345427E-02,0.));
#6922 = ORIENTED_EDGE('',*,*,#6923,.F.);
#6923 = EDGE_CURVE('',#6924,#6916,#6926,.T.);
#6924 = VERTEX_POINT('',#6925);
#6925 = CARTESIAN_POINT('',(149.280952,-72.95082,1.51));
#6926 = LINE('',#6927,#6928);
#6927 = CARTESIAN_POINT('',(149.280952,-72.95082,1.51));
#6928 = VECTOR('',#6929,1.);
#6929 = DIRECTION('',(0.999287825269,-3.77338345427E-02,0.));
#6930 = ORIENTED_EDGE('',*,*,#6931,.F.);
#6931 = EDGE_CURVE('',#6932,#6924,#6934,.T.);
#6932 = VERTEX_POINT('',#6933);
#6933 = CARTESIAN_POINT('',(148.459485,-72.932342,1.51));
#6934 = LINE('',#6935,#6936);
#6935 = CARTESIAN_POINT('',(148.459485,-72.932342,1.51));
#6936 = VECTOR('',#6937,1.);
#6937 = DIRECTION('',(0.999747108101,-2.248821567205E-02,0.));
#6938 = ORIENTED_EDGE('',*,*,#6939,.F.);
#6939 = EDGE_CURVE('',#6940,#6932,#6942,.T.);
#6940 = VERTEX_POINT('',#6941);
#6941 = CARTESIAN_POINT('',(147.366951,-72.923138,1.51));
#6942 = LINE('',#6943,#6944);
#6943 = CARTESIAN_POINT('',(147.366951,-72.923138,1.51));
#6944 = VECTOR('',#6945,1.);
#6945 = DIRECTION('',(0.999964516195,-8.42415284748E-03,0.));
#6946 = ORIENTED_EDGE('',*,*,#6947,.F.);
#6947 = EDGE_CURVE('',#6948,#6940,#6950,.T.);
#6948 = VERTEX_POINT('',#6949);
#6949 = CARTESIAN_POINT('',(146.036534,-72.932822,1.51));
#6950 = LINE('',#6951,#6952);
#6951 = CARTESIAN_POINT('',(146.036534,-72.932822,1.51));
#6952 = VECTOR('',#6953,1.);
#6953 = DIRECTION('',(0.999973509708,7.278727998834E-03,0.));
#6954 = ORIENTED_EDGE('',*,*,#6955,.F.);
#6955 = EDGE_CURVE('',#6956,#6948,#6958,.T.);
#6956 = VERTEX_POINT('',#6957);
#6957 = CARTESIAN_POINT('',(144.501418,-72.971009,1.51));
#6958 = LINE('',#6959,#6960);
#6959 = CARTESIAN_POINT('',(144.501418,-72.971009,1.51));
#6960 = VECTOR('',#6961,1.);
#6961 = DIRECTION('',(0.999690744671,2.486795165104E-02,0.));
#6962 = ORIENTED_EDGE('',*,*,#6963,.F.);
#6963 = EDGE_CURVE('',#6964,#6956,#6966,.T.);
#6964 = VERTEX_POINT('',#6965);
#6965 = CARTESIAN_POINT('',(142.794787,-73.047313,1.51));
#6966 = LINE('',#6967,#6968);
#6967 = CARTESIAN_POINT('',(142.794787,-73.047313,1.51));
#6968 = VECTOR('',#6969,1.);
#6969 = DIRECTION('',(0.999001990144,4.466568804618E-02,0.));
#6970 = ORIENTED_EDGE('',*,*,#6971,.F.);
#6971 = EDGE_CURVE('',#6972,#6964,#6974,.T.);
#6972 = VERTEX_POINT('',#6973);
#6973 = CARTESIAN_POINT('',(141.887524,-73.102763,1.51));
#6974 = LINE('',#6975,#6976);
#6975 = CARTESIAN_POINT('',(141.887524,-73.102763,1.51));
#6976 = VECTOR('',#6977,1.);
#6977 = DIRECTION('',(0.998137517987,6.100405877059E-02,0.));
#6978 = ORIENTED_EDGE('',*,*,#6979,.F.);
#6979 = EDGE_CURVE('',#6980,#6972,#6982,.T.);
#6980 = VERTEX_POINT('',#6981);
#6981 = CARTESIAN_POINT('',(140.949826,-73.171348,1.51));
#6982 = LINE('',#6983,#6984);
#6983 = CARTESIAN_POINT('',(140.949826,-73.171348,1.51));
#6984 = VECTOR('',#6985,1.);
#6985 = DIRECTION('',(0.997335817026,7.294702240031E-02,0.));
#6986 = ORIENTED_EDGE('',*,*,#6987,.F.);
#6987 = EDGE_CURVE('',#6988,#6980,#6990,.T.);
#6988 = VERTEX_POINT('',#6989);
#6989 = CARTESIAN_POINT('',(139.985841,-73.25427,1.51));
#6990 = LINE('',#6991,#6992);
#6991 = CARTESIAN_POINT('',(139.985841,-73.25427,1.51));
#6992 = VECTOR('',#6993,1.);
#6993 = DIRECTION('',(0.996320684996,8.570351596885E-02,0.));
#6994 = ORIENTED_EDGE('',*,*,#6995,.F.);
#6995 = EDGE_CURVE('',#6996,#6988,#6998,.T.);
#6996 = VERTEX_POINT('',#6997);
#6997 = CARTESIAN_POINT('',(138.999718,-73.352729,1.51));
#6998 = LINE('',#6999,#7000);
#6999 = CARTESIAN_POINT('',(138.999718,-73.352729,1.51));
#7000 = VECTOR('',#7001,1.);
#7001 = DIRECTION('',(0.995052494082,9.935056125332E-02,0.));
#7002 = ORIENTED_EDGE('',*,*,#7003,.F.);
#7003 = EDGE_CURVE('',#7004,#6996,#7006,.T.);
#7004 = VERTEX_POINT('',#7005);
#7005 = CARTESIAN_POINT('',(137.995605,-73.467929,1.51));
#7006 = LINE('',#7007,#7008);
#7007 = CARTESIAN_POINT('',(137.995605,-73.467929,1.51));
#7008 = VECTOR('',#7009,1.);
#7009 = DIRECTION('',(0.993482994038,0.113980439366,0.));
#7010 = ORIENTED_EDGE('',*,*,#7011,.F.);
#7011 = EDGE_CURVE('',#7012,#7004,#7014,.T.);
#7012 = VERTEX_POINT('',#7013);
#7013 = CARTESIAN_POINT('',(136.977649,-73.601071,1.51));
#7014 = LINE('',#7015,#7016);
#7015 = CARTESIAN_POINT('',(136.977649,-73.601071,1.51));
#7016 = VECTOR('',#7017,1.);
#7017 = DIRECTION('',(0.99155473506,0.129688886882,0.));
#7018 = ORIENTED_EDGE('',*,*,#7019,.F.);
#7019 = EDGE_CURVE('',#7020,#7012,#7022,.T.);
#7020 = VERTEX_POINT('',#7021);
#7021 = CARTESIAN_POINT('',(135.949999,-73.753356,1.51));
#7022 = LINE('',#7023,#7024);
#7023 = CARTESIAN_POINT('',(135.949999,-73.753356,1.51));
#7024 = VECTOR('',#7025,1.);
#7025 = DIRECTION('',(0.989197802407,0.146586860643,0.));
#7026 = ORIENTED_EDGE('',*,*,#7027,.F.);
#7027 = EDGE_CURVE('',#7028,#7020,#7030,.T.);
#7028 = VERTEX_POINT('',#7029);
#7029 = CARTESIAN_POINT('',(134.916802,-73.925986,1.51));
#7030 = LINE('',#7031,#7032);
#7031 = CARTESIAN_POINT('',(134.916802,-73.925986,1.51));
#7032 = VECTOR('',#7033,1.);
#7033 = DIRECTION('',(0.986327198861,0.164798837336,0.));
#7034 = ORIENTED_EDGE('',*,*,#7035,.F.);
#7035 = EDGE_CURVE('',#7036,#7028,#7038,.T.);
#7036 = VERTEX_POINT('',#7037);
#7037 = CARTESIAN_POINT('',(133.882207,-74.120164,1.51));
#7038 = LINE('',#7039,#7040);
#7039 = CARTESIAN_POINT('',(133.882207,-74.120164,1.51));
#7040 = VECTOR('',#7041,1.);
#7041 = DIRECTION('',(0.982839230407,0.184464216512,0.));
#7042 = ORIENTED_EDGE('',*,*,#7043,.F.);
#7043 = EDGE_CURVE('',#7044,#7036,#7046,.T.);
#7044 = VERTEX_POINT('',#7045);
#7045 = CARTESIAN_POINT('',(132.850362,-74.337091,1.51));
#7046 = LINE('',#7047,#7048);
#7047 = CARTESIAN_POINT('',(132.850362,-74.337091,1.51));
#7048 = VECTOR('',#7049,1.);
#7049 = DIRECTION('',(0.978607777529,0.205734823889,0.));
#7050 = ORIENTED_EDGE('',*,*,#7051,.F.);
#7051 = EDGE_CURVE('',#7052,#7044,#7054,.T.);
#7052 = VERTEX_POINT('',#7053);
#7053 = CARTESIAN_POINT('',(131.825414,-74.577969,1.51));
#7054 = LINE('',#7055,#7056);
#7055 = CARTESIAN_POINT('',(131.825414,-74.577969,1.51));
#7056 = VECTOR('',#7057,1.);
#7057 = DIRECTION('',(0.973477745947,0.228781725988,0.));
#7058 = ORIENTED_EDGE('',*,*,#7059,.F.);
#7059 = EDGE_CURVE('',#7060,#7052,#7062,.T.);
#7060 = VERTEX_POINT('',#7061);
#7061 = CARTESIAN_POINT('',(130.811512,-74.843999,1.51));
#7062 = LINE('',#7063,#7064);
#7063 = CARTESIAN_POINT('',(130.811512,-74.843999,1.51));
#7064 = VECTOR('',#7065,1.);
#7065 = DIRECTION('',(0.967258903348,0.253791674203,0.));
#7066 = ORIENTED_EDGE('',*,*,#7067,.F.);
#7067 = EDGE_CURVE('',#7068,#7060,#7070,.T.);
#7068 = VERTEX_POINT('',#7069);
#7069 = CARTESIAN_POINT('',(129.812804,-75.136384,1.51));
#7070 = LINE('',#7071,#7072);
#7071 = CARTESIAN_POINT('',(129.812804,-75.136384,1.51));
#7072 = VECTOR('',#7073,1.);
#7073 = DIRECTION('',(0.95971662241,0.28096975757,0.));
#7074 = ORIENTED_EDGE('',*,*,#7075,.F.);
#7075 = EDGE_CURVE('',#7076,#7068,#7078,.T.);
#7076 = VERTEX_POINT('',#7077);
#7077 = CARTESIAN_POINT('',(128.833437,-75.456325,1.51));
#7078 = LINE('',#7079,#7080);
#7079 = CARTESIAN_POINT('',(128.833437,-75.456325,1.51));
#7080 = VECTOR('',#7081,1.);
#7081 = DIRECTION('',(0.950563149404,0.310531317252,0.));
#7082 = ORIENTED_EDGE('',*,*,#7083,.F.);
#7083 = EDGE_CURVE('',#7084,#7076,#7086,.T.);
#7084 = VERTEX_POINT('',#7085);
#7085 = CARTESIAN_POINT('',(127.877561,-75.805024,1.51));
#7086 = LINE('',#7087,#7088);
#7087 = CARTESIAN_POINT('',(127.877561,-75.805024,1.51));
#7088 = VECTOR('',#7089,1.);
#7089 = DIRECTION('',(0.939443281247,0.342704422674,0.));
#7090 = ORIENTED_EDGE('',*,*,#7091,.F.);
#7091 = EDGE_CURVE('',#7092,#7084,#7094,.T.);
#7092 = VERTEX_POINT('',#7093);
#7093 = CARTESIAN_POINT('',(126.949322,-76.183683,1.51));
#7094 = LINE('',#7095,#7096);
#7095 = CARTESIAN_POINT('',(126.949322,-76.183683,1.51));
#7096 = VECTOR('',#7097,1.);
#7097 = DIRECTION('',(0.925922333364,0.377713956028,0.));
#7098 = ORIENTED_EDGE('',*,*,#7099,.F.);
#7099 = EDGE_CURVE('',#7100,#7092,#7102,.T.);
#7100 = VERTEX_POINT('',#7101);
#7101 = CARTESIAN_POINT('',(126.496863,-76.384623,1.51));
#7102 = LINE('',#7103,#7104);
#7103 = CARTESIAN_POINT('',(126.496863,-76.384623,1.51));
#7104 = VECTOR('',#7105,1.);
#7105 = DIRECTION('',(0.913926126465,0.405880567857,0.));
#7106 = ORIENTED_EDGE('',*,*,#7107,.F.);
#7107 = EDGE_CURVE('',#7108,#7100,#7110,.T.);
#7108 = VERTEX_POINT('',#7109);
#7109 = CARTESIAN_POINT('',(126.052869,-76.593503,1.51));
#7110 = LINE('',#7111,#7112);
#7111 = CARTESIAN_POINT('',(126.052869,-76.593503,1.51));
#7112 = VECTOR('',#7113,1.);
#7113 = DIRECTION('',(0.904864514676,0.425699671224,0.));
#7114 = ORIENTED_EDGE('',*,*,#7115,.F.);
#7115 = EDGE_CURVE('',#7116,#7108,#7118,.T.);
#7116 = VERTEX_POINT('',#7117);
#7117 = CARTESIAN_POINT('',(125.617859,-76.810475,1.51));
#7118 = LINE('',#7119,#7120);
#7119 = CARTESIAN_POINT('',(125.617859,-76.810475,1.51));
#7120 = VECTOR('',#7121,1.);
#7121 = DIRECTION('',(0.894865337684,0.446336226864,0.));
#7122 = ORIENTED_EDGE('',*,*,#7123,.F.);
#7123 = EDGE_CURVE('',#7124,#7116,#7126,.T.);
#7124 = VERTEX_POINT('',#7125);
#7125 = CARTESIAN_POINT('',(125.19235,-77.035687,1.51));
#7126 = LINE('',#7127,#7128);
#7127 = CARTESIAN_POINT('',(125.19235,-77.035687,1.51));
#7128 = VECTOR('',#7129,1.);
#7129 = DIRECTION('',(0.883837274129,0.467794477158,0.));
#7130 = ORIENTED_EDGE('',*,*,#7131,.F.);
#7131 = EDGE_CURVE('',#7132,#7124,#7134,.T.);
#7132 = VERTEX_POINT('',#7133);
#7133 = CARTESIAN_POINT('',(123.956864,-75.552264,1.51));
#7134 = LINE('',#7135,#7136);
#7135 = CARTESIAN_POINT('',(123.956864,-75.552264,1.51));
#7136 = VECTOR('',#7137,1.);
#7137 = DIRECTION('',(0.63997043613,-0.768399532067,0.));
#7138 = ORIENTED_EDGE('',*,*,#7139,.F.);
#7139 = EDGE_CURVE('',#7140,#7132,#7142,.T.);
#7140 = VERTEX_POINT('',#7141);
#7141 = CARTESIAN_POINT('',(122.723598,-74.132356,1.51));
#7142 = LINE('',#7143,#7144);
#7143 = CARTESIAN_POINT('',(122.723598,-74.132356,1.51));
#7144 = VECTOR('',#7145,1.);
#7145 = DIRECTION('',(0.655743639448,-0.754983628513,0.));
#7146 = ORIENTED_EDGE('',*,*,#7147,.F.);
#7147 = EDGE_CURVE('',#7148,#7140,#7150,.T.);
#7148 = VERTEX_POINT('',#7149);
#7149 = CARTESIAN_POINT('',(121.493525,-72.775438,1.51));
#7150 = LINE('',#7151,#7152);
#7151 = CARTESIAN_POINT('',(121.493525,-72.775438,1.51));
#7152 = VECTOR('',#7153,1.);
#7153 = DIRECTION('',(0.671629159917,-0.74088748913,0.));
#7154 = ORIENTED_EDGE('',*,*,#7155,.F.);
#7155 = EDGE_CURVE('',#7156,#7148,#7158,.T.);
#7156 = VERTEX_POINT('',#7157);
#7157 = CARTESIAN_POINT('',(120.267691,-71.48103,1.51));
#7158 = LINE('',#7159,#7160);
#7159 = CARTESIAN_POINT('',(120.267691,-71.48103,1.51));
#7160 = VECTOR('',#7161,1.);
#7161 = DIRECTION('',(0.687612418132,-0.726077931375,0.));
#7162 = ORIENTED_EDGE('',*,*,#7163,.F.);
#7163 = EDGE_CURVE('',#7164,#7156,#7166,.T.);
#7164 = VERTEX_POINT('',#7165);
#7165 = CARTESIAN_POINT('',(119.047228,-70.248702,1.51));
#7166 = LINE('',#7167,#7168);
#7167 = CARTESIAN_POINT('',(119.047228,-70.248702,1.51));
#7168 = VECTOR('',#7169,1.);
#7169 = DIRECTION('',(0.703678027705,-0.710518988716,0.));
#7170 = ORIENTED_EDGE('',*,*,#7171,.F.);
#7171 = EDGE_CURVE('',#7172,#7164,#7174,.T.);
#7172 = VERTEX_POINT('',#7173);
#7173 = CARTESIAN_POINT('',(117.833375,-69.078078,1.51));
#7174 = LINE('',#7175,#7176);
#7175 = CARTESIAN_POINT('',(117.833375,-69.078078,1.51));
#7176 = VECTOR('',#7177,1.);
#7177 = DIRECTION('',(0.719807881133,-0.694173331567,0.));
#7178 = ORIENTED_EDGE('',*,*,#7179,.F.);
#7179 = EDGE_CURVE('',#7180,#7172,#7182,.T.);
#7180 = VERTEX_POINT('',#7181);
#7181 = CARTESIAN_POINT('',(116.627501,-67.968842,1.51));
#7182 = LINE('',#7183,#7184);
#7183 = CARTESIAN_POINT('',(116.627501,-67.968842,1.51));
#7184 = VECTOR('',#7185,1.);
#7185 = DIRECTION('',(0.735982124081,-0.677000969743,0.));
#7186 = ORIENTED_EDGE('',*,*,#7187,.F.);
#7187 = EDGE_CURVE('',#7188,#7180,#7190,.T.);
#7188 = VERTEX_POINT('',#7189);
#7189 = CARTESIAN_POINT('',(115.43113,-66.920749,1.51));
#7190 = LINE('',#7191,#7192);
#7191 = CARTESIAN_POINT('',(115.43113,-66.920749,1.51));
#7192 = VECTOR('',#7193,1.);
#7193 = DIRECTION('',(0.752181361897,-0.658956143316,0.));
#7194 = ORIENTED_EDGE('',*,*,#7195,.F.);
#7195 = EDGE_CURVE('',#7196,#7188,#7198,.T.);
#7196 = VERTEX_POINT('',#7197);
#7197 = CARTESIAN_POINT('',(114.245986,-65.933634,1.51));
#7198 = LINE('',#7199,#7200);
#7199 = CARTESIAN_POINT('',(114.245986,-65.933634,1.51));
#7200 = VECTOR('',#7201,1.);
#7201 = DIRECTION('',(0.768382278705,-0.639991151323,0.));
#7202 = ORIENTED_EDGE('',*,*,#7203,.F.);
#7203 = EDGE_CURVE('',#7204,#7196,#7206,.T.);
#7204 = VERTEX_POINT('',#7205);
#7205 = CARTESIAN_POINT('',(113.074033,-65.007426,1.51));
#7206 = LINE('',#7207,#7208);
#7207 = CARTESIAN_POINT('',(113.074033,-65.007426,1.51));
#7208 = VECTOR('',#7209,1.);
#7209 = DIRECTION('',(0.784562953391,-0.620049169152,0.));
#7210 = ORIENTED_EDGE('',*,*,#7211,.F.);
#7211 = EDGE_CURVE('',#7212,#7204,#7214,.T.);
#7212 = VERTEX_POINT('',#7213);
#7213 = CARTESIAN_POINT('',(111.917547,-64.142163,1.51));
#7214 = LINE('',#7215,#7216);
#7215 = CARTESIAN_POINT('',(111.917547,-64.142163,1.51));
#7216 = VECTOR('',#7217,1.);
#7217 = DIRECTION('',(0.800697849505,-0.599068404941,0.));
#7218 = ORIENTED_EDGE('',*,*,#7219,.F.);
#7219 = EDGE_CURVE('',#7220,#7212,#7222,.T.);
#7220 = VERTEX_POINT('',#7221);
#7221 = CARTESIAN_POINT('',(110.779201,-63.338013,1.51));
#7222 = LINE('',#7223,#7224);
#7223 = CARTESIAN_POINT('',(110.779201,-63.338013,1.51));
#7224 = VECTOR('',#7225,1.);
#7225 = DIRECTION('',(0.816761052007,-0.576976068762,0.));
#7226 = ORIENTED_EDGE('',*,*,#7227,.F.);
#7227 = EDGE_CURVE('',#7228,#7220,#7230,.T.);
#7228 = VERTEX_POINT('',#7229);
#7229 = CARTESIAN_POINT('',(109.66219,-62.595304,1.51));
#7230 = LINE('',#7231,#7232);
#7231 = CARTESIAN_POINT('',(109.66219,-62.595304,1.51));
#7232 = VECTOR('',#7233,1.);
#7233 = DIRECTION('',(0.832725782623,-0.553685624659,0.));
#7234 = ORIENTED_EDGE('',*,*,#7235,.F.);
#7235 = EDGE_CURVE('',#7236,#7228,#7238,.T.);
#7236 = VERTEX_POINT('',#7237);
#7237 = CARTESIAN_POINT('',(108.570409,-61.914565,1.51));
#7238 = LINE('',#7239,#7240);
#7239 = CARTESIAN_POINT('',(108.570409,-61.914565,1.51));
#7240 = VECTOR('',#7241,1.);
#7241 = DIRECTION('',(0.848565152538,-0.529090901356,0.));
#7242 = ORIENTED_EDGE('',*,*,#7243,.F.);
#7243 = EDGE_CURVE('',#7244,#7236,#7246,.T.);
#7244 = VERTEX_POINT('',#7245);
#7245 = CARTESIAN_POINT('',(107.50872,-61.296579,1.51));
#7246 = LINE('',#7247,#7248);
#7247 = CARTESIAN_POINT('',(107.50872,-61.296579,1.51));
#7248 = VECTOR('',#7249,1.);
#7249 = DIRECTION('',(0.864250648619,-0.503061443923,0.));
#7250 = ORIENTED_EDGE('',*,*,#7251,.F.);
#7251 = EDGE_CURVE('',#7252,#7244,#7254,.T.);
#7252 = VERTEX_POINT('',#7253);
#7253 = CARTESIAN_POINT('',(106.483367,-60.742475,1.51));
#7254 = LINE('',#7255,#7256);
#7255 = CARTESIAN_POINT('',(106.483367,-60.742475,1.51));
#7256 = VECTOR('',#7257,1.);
#7257 = DIRECTION('',(0.879757067307,-0.475423498076,0.));
#7258 = ORIENTED_EDGE('',*,*,#7259,.F.);
#7259 = EDGE_CURVE('',#7260,#7252,#7262,.T.);
#7260 = VERTEX_POINT('',#7261);
#7261 = CARTESIAN_POINT('',(105.502673,-60.253864,1.51));
#7262 = LINE('',#7263,#7264);
#7263 = CARTESIAN_POINT('',(105.502673,-60.253864,1.51));
#7264 = VECTOR('',#7265,1.);
#7265 = DIRECTION('',(0.895060058039,-0.445945616083,0.));
#7266 = ORIENTED_EDGE('',*,*,#7267,.F.);
#7267 = EDGE_CURVE('',#7268,#7260,#7270,.T.);
#7268 = VERTEX_POINT('',#7269);
#7269 = CARTESIAN_POINT('',(104.578288,-59.833085,1.51));
#7270 = LINE('',#7271,#7272);
#7271 = CARTESIAN_POINT('',(104.578288,-59.833085,1.51));
#7272 = VECTOR('',#7273,1.);
#7273 = DIRECTION('',(0.910142315589,-0.414295746265,0.));
#7274 = ORIENTED_EDGE('',*,*,#7275,.F.);
#7275 = EDGE_CURVE('',#7276,#7268,#7278,.T.);
#7276 = VERTEX_POINT('',#7277);
#7277 = CARTESIAN_POINT('',(103.727705,-59.483678,1.51));
#7278 = LINE('',#7279,#7280);
#7279 = CARTESIAN_POINT('',(103.727705,-59.483678,1.51));
#7280 = VECTOR('',#7281,1.);
#7281 = DIRECTION('',(0.92499672904,-0.379975066635,0.));
#7282 = ORIENTED_EDGE('',*,*,#7283,.F.);
#7283 = EDGE_CURVE('',#112,#7276,#7284,.T.);
#7284 = LINE('',#7285,#7286);
#7285 = CARTESIAN_POINT('',(102.980207,-59.211474,1.51));
#7286 = VECTOR('',#7287,1.);
#7287 = DIRECTION('',(0.939637268636,-0.342172183834,0.));
#7288 = ORIENTED_EDGE('',*,*,#111,.F.);
#7289 = FACE_BOUND('',#7290,.T.);
#7290 = EDGE_LOOP('',(#7291));
#7291 = ORIENTED_EDGE('',*,*,#7292,.T.);
#7292 = EDGE_CURVE('',#7293,#7293,#7295,.T.);
#7293 = VERTEX_POINT('',#7294);
#7294 = CARTESIAN_POINT('',(97.532577,-133.978924,1.51));
#7295 = CIRCLE('',#7296,0.5);
#7296 = AXIS2_PLACEMENT_3D('',#7297,#7298,#7299);
#7297 = CARTESIAN_POINT('',(97.532577,-133.478924,1.51));
#7298 = DIRECTION('',(-0.,0.,-1.));
#7299 = DIRECTION('',(-0.,-1.,0.));
#7300 = FACE_BOUND('',#7301,.T.);
#7301 = EDGE_LOOP('',(#7302));
#7302 = ORIENTED_EDGE('',*,*,#7303,.T.);
#7303 = EDGE_CURVE('',#7304,#7304,#7306,.T.);
#7304 = VERTEX_POINT('',#7305);
#7305 = CARTESIAN_POINT('',(93.42277,-130.992975,1.51));
#7306 = CIRCLE('',#7307,0.5);
#7307 = AXIS2_PLACEMENT_3D('',#7308,#7309,#7310);
#7308 = CARTESIAN_POINT('',(93.42277,-130.492975,1.51));
#7309 = DIRECTION('',(-0.,0.,-1.));
#7310 = DIRECTION('',(-0.,-1.,0.));
#7311 = FACE_BOUND('',#7312,.T.);
#7312 = EDGE_LOOP('',(#7313));
#7313 = ORIENTED_EDGE('',*,*,#7314,.T.);
#7314 = EDGE_CURVE('',#7315,#7315,#7317,.T.);
#7315 = VERTEX_POINT('',#7316);
#7316 = CARTESIAN_POINT('',(91.367867,-129.5,1.51));
#7317 = CIRCLE('',#7318,0.5);
#7318 = AXIS2_PLACEMENT_3D('',#7319,#7320,#7321);
#7319 = CARTESIAN_POINT('',(91.367867,-129.,1.51));
#7320 = DIRECTION('',(-0.,0.,-1.));
#7321 = DIRECTION('',(-0.,-1.,0.));
#7322 = FACE_BOUND('',#7323,.T.);
#7323 = EDGE_LOOP('',(#7324));
#7324 = ORIENTED_EDGE('',*,*,#7325,.T.);
#7325 = EDGE_CURVE('',#7326,#7326,#7328,.T.);
#7326 = VERTEX_POINT('',#7327);
#7327 = CARTESIAN_POINT('',(95.477674,-132.485949,1.51));
#7328 = CIRCLE('',#7329,0.5);
#7329 = AXIS2_PLACEMENT_3D('',#7330,#7331,#7332);
#7330 = CARTESIAN_POINT('',(95.477674,-131.985949,1.51));
#7331 = DIRECTION('',(-0.,0.,-1.));
#7332 = DIRECTION('',(-0.,-1.,0.));
#7333 = FACE_BOUND('',#7334,.T.);
#7334 = EDGE_LOOP('',(#7335));
#7335 = ORIENTED_EDGE('',*,*,#7336,.T.);
#7336 = EDGE_CURVE('',#7337,#7337,#7339,.T.);
#7337 = VERTEX_POINT('',#7338);
#7338 = CARTESIAN_POINT('',(89.312964,-128.007026,1.51));
#7339 = CIRCLE('',#7340,0.5);
#7340 = AXIS2_PLACEMENT_3D('',#7341,#7342,#7343);
#7341 = CARTESIAN_POINT('',(89.312964,-127.507026,1.51));
#7342 = DIRECTION('',(-0.,0.,-1.));
#7343 = DIRECTION('',(-0.,-1.,0.));
#7344 = FACE_BOUND('',#7345,.T.);
#7345 = EDGE_LOOP('',(#7346));
#7346 = ORIENTED_EDGE('',*,*,#7347,.T.);
#7347 = EDGE_CURVE('',#7348,#7348,#7350,.T.);
#7348 = VERTEX_POINT('',#7349);
#7349 = CARTESIAN_POINT('',(87.258061,-126.514051,1.51));
#7350 = CIRCLE('',#7351,0.5);
#7351 = AXIS2_PLACEMENT_3D('',#7352,#7353,#7354);
#7352 = CARTESIAN_POINT('',(87.258061,-126.014051,1.51));
#7353 = DIRECTION('',(-0.,0.,-1.));
#7354 = DIRECTION('',(-0.,-1.,0.));
#7355 = FACE_BOUND('',#7356,.T.);
#7356 = EDGE_LOOP('',(#7357));
#7357 = ORIENTED_EDGE('',*,*,#7358,.T.);
#7358 = EDGE_CURVE('',#7359,#7359,#7361,.T.);
#7359 = VERTEX_POINT('',#7360);
#7360 = CARTESIAN_POINT('',(100.,-124.4,1.51));
#7361 = CIRCLE('',#7362,0.4);
#7362 = AXIS2_PLACEMENT_3D('',#7363,#7364,#7365);
#7363 = CARTESIAN_POINT('',(100.,-124.,1.51));
#7364 = DIRECTION('',(-0.,0.,-1.));
#7365 = DIRECTION('',(-0.,-1.,0.));
#7366 = FACE_BOUND('',#7367,.T.);
#7367 = EDGE_LOOP('',(#7368));
#7368 = ORIENTED_EDGE('',*,*,#7369,.T.);
#7369 = EDGE_CURVE('',#7370,#7370,#7372,.T.);
#7370 = VERTEX_POINT('',#7371);
#7371 = CARTESIAN_POINT('',(105.,-124.4,1.51));
#7372 = CIRCLE('',#7373,0.4);
#7373 = AXIS2_PLACEMENT_3D('',#7374,#7375,#7376);
#7374 = CARTESIAN_POINT('',(105.,-124.,1.51));
#7375 = DIRECTION('',(-0.,0.,-1.));
#7376 = DIRECTION('',(-0.,-1.,0.));
#7377 = FACE_BOUND('',#7378,.T.);
#7378 = EDGE_LOOP('',(#7379));
#7379 = ORIENTED_EDGE('',*,*,#7380,.T.);
#7380 = EDGE_CURVE('',#7381,#7381,#7383,.T.);
#7381 = VERTEX_POINT('',#7382);
#7382 = CARTESIAN_POINT('',(142.505,-137.675,1.51));
#7383 = CIRCLE('',#7384,0.51);
#7384 = AXIS2_PLACEMENT_3D('',#7385,#7386,#7387);
#7385 = CARTESIAN_POINT('',(142.505,-137.165,1.51));
#7386 = DIRECTION('',(-0.,0.,-1.));
#7387 = DIRECTION('',(-0.,-1.,0.));
#7388 = FACE_BOUND('',#7389,.T.);
#7389 = EDGE_LOOP('',(#7390));
#7390 = ORIENTED_EDGE('',*,*,#7391,.T.);
#7391 = EDGE_CURVE('',#7392,#7392,#7394,.T.);
#7392 = VERTEX_POINT('',#7393);
#7393 = CARTESIAN_POINT('',(146.6,-135.95,1.51));
#7394 = CIRCLE('',#7395,0.45);
#7395 = AXIS2_PLACEMENT_3D('',#7396,#7397,#7398);
#7396 = CARTESIAN_POINT('',(146.6,-135.5,1.51));
#7397 = DIRECTION('',(-0.,0.,-1.));
#7398 = DIRECTION('',(-6.315935428979E-14,-1.,0.));
#7399 = FACE_BOUND('',#7400,.T.);
#7400 = EDGE_LOOP('',(#7401,#7412,#7420,#7429));
#7401 = ORIENTED_EDGE('',*,*,#7402,.T.);
#7402 = EDGE_CURVE('',#7403,#7405,#7407,.T.);
#7403 = VERTEX_POINT('',#7404);
#7404 = CARTESIAN_POINT('',(118.92,-111.4,1.51));
#7405 = VERTEX_POINT('',#7406);
#7406 = CARTESIAN_POINT('',(118.92,-112.2,1.51));
#7407 = CIRCLE('',#7408,0.4);
#7408 = AXIS2_PLACEMENT_3D('',#7409,#7410,#7411);
#7409 = CARTESIAN_POINT('',(118.92,-111.8,1.51));
#7410 = DIRECTION('',(-0.,0.,-1.));
#7411 = DIRECTION('',(-0.,-1.,0.));
#7412 = ORIENTED_EDGE('',*,*,#7413,.T.);
#7413 = EDGE_CURVE('',#7405,#7414,#7416,.T.);
#7414 = VERTEX_POINT('',#7415);
#7415 = CARTESIAN_POINT('',(117.52,-112.2,1.51));
#7416 = LINE('',#7417,#7418);
#7417 = CARTESIAN_POINT('',(58.76,-112.2,1.51));
#7418 = VECTOR('',#7419,1.);
#7419 = DIRECTION('',(-1.,0.,0.));
#7420 = ORIENTED_EDGE('',*,*,#7421,.T.);
#7421 = EDGE_CURVE('',#7414,#7422,#7424,.T.);
#7422 = VERTEX_POINT('',#7423);
#7423 = CARTESIAN_POINT('',(117.52,-111.4,1.51));
#7424 = CIRCLE('',#7425,0.4);
#7425 = AXIS2_PLACEMENT_3D('',#7426,#7427,#7428);
#7426 = CARTESIAN_POINT('',(117.52,-111.8,1.51));
#7427 = DIRECTION('',(-0.,0.,-1.));
#7428 = DIRECTION('',(0.,1.,0.));
#7429 = ORIENTED_EDGE('',*,*,#7430,.T.);
#7430 = EDGE_CURVE('',#7422,#7403,#7431,.T.);
#7431 = LINE('',#7432,#7433);
#7432 = CARTESIAN_POINT('',(59.46,-111.4,1.51));
#7433 = VECTOR('',#7434,1.);
#7434 = DIRECTION('',(1.,0.,-0.));
#7435 = FACE_BOUND('',#7436,.T.);
#7436 = EDGE_LOOP('',(#7437,#7448,#7456,#7465));
#7437 = ORIENTED_EDGE('',*,*,#7438,.T.);
#7438 = EDGE_CURVE('',#7439,#7441,#7443,.T.);
#7439 = VERTEX_POINT('',#7440);
#7440 = CARTESIAN_POINT('',(118.92,-108.86,1.51));
#7441 = VERTEX_POINT('',#7442);
#7442 = CARTESIAN_POINT('',(118.92,-109.66,1.51));
#7443 = CIRCLE('',#7444,0.4);
#7444 = AXIS2_PLACEMENT_3D('',#7445,#7446,#7447);
#7445 = CARTESIAN_POINT('',(118.92,-109.26,1.51));
#7446 = DIRECTION('',(-0.,0.,-1.));
#7447 = DIRECTION('',(-0.,-1.,0.));
#7448 = ORIENTED_EDGE('',*,*,#7449,.T.);
#7449 = EDGE_CURVE('',#7441,#7450,#7452,.T.);
#7450 = VERTEX_POINT('',#7451);
#7451 = CARTESIAN_POINT('',(117.52,-109.66,1.51));
#7452 = LINE('',#7453,#7454);
#7453 = CARTESIAN_POINT('',(58.76,-109.66,1.51));
#7454 = VECTOR('',#7455,1.);
#7455 = DIRECTION('',(-1.,0.,0.));
#7456 = ORIENTED_EDGE('',*,*,#7457,.T.);
#7457 = EDGE_CURVE('',#7450,#7458,#7460,.T.);
#7458 = VERTEX_POINT('',#7459);
#7459 = CARTESIAN_POINT('',(117.52,-108.86,1.51));
#7460 = CIRCLE('',#7461,0.4);
#7461 = AXIS2_PLACEMENT_3D('',#7462,#7463,#7464);
#7462 = CARTESIAN_POINT('',(117.52,-109.26,1.51));
#7463 = DIRECTION('',(-0.,0.,-1.));
#7464 = DIRECTION('',(0.,1.,0.));
#7465 = ORIENTED_EDGE('',*,*,#7466,.T.);
#7466 = EDGE_CURVE('',#7458,#7439,#7467,.T.);
#7467 = LINE('',#7468,#7469);
#7468 = CARTESIAN_POINT('',(59.46,-108.86,1.51));
#7469 = VECTOR('',#7470,1.);
#7470 = DIRECTION('',(1.,0.,-0.));
#7471 = FACE_BOUND('',#7472,.T.);
#7472 = EDGE_LOOP('',(#7473,#7484,#7492,#7501));
#7473 = ORIENTED_EDGE('',*,*,#7474,.T.);
#7474 = EDGE_CURVE('',#7475,#7477,#7479,.T.);
#7475 = VERTEX_POINT('',#7476);
#7476 = CARTESIAN_POINT('',(118.92,-106.32,1.51));
#7477 = VERTEX_POINT('',#7478);
#7478 = CARTESIAN_POINT('',(118.92,-107.12,1.51));
#7479 = CIRCLE('',#7480,0.4);
#7480 = AXIS2_PLACEMENT_3D('',#7481,#7482,#7483);
#7481 = CARTESIAN_POINT('',(118.92,-106.72,1.51));
#7482 = DIRECTION('',(-0.,0.,-1.));
#7483 = DIRECTION('',(3.5527136788E-14,-1.,-0.));
#7484 = ORIENTED_EDGE('',*,*,#7485,.T.);
#7485 = EDGE_CURVE('',#7477,#7486,#7488,.T.);
#7486 = VERTEX_POINT('',#7487);
#7487 = CARTESIAN_POINT('',(117.52,-107.12,1.51));
#7488 = LINE('',#7489,#7490);
#7489 = CARTESIAN_POINT('',(58.76,-107.12,1.51));
#7490 = VECTOR('',#7491,1.);
#7491 = DIRECTION('',(-1.,0.,0.));
#7492 = ORIENTED_EDGE('',*,*,#7493,.T.);
#7493 = EDGE_CURVE('',#7486,#7494,#7496,.T.);
#7494 = VERTEX_POINT('',#7495);
#7495 = CARTESIAN_POINT('',(117.52,-106.32,1.51));
#7496 = CIRCLE('',#7497,0.4);
#7497 = AXIS2_PLACEMENT_3D('',#7498,#7499,#7500);
#7498 = CARTESIAN_POINT('',(117.52,-106.72,1.51));
#7499 = DIRECTION('',(-0.,0.,-1.));
#7500 = DIRECTION('',(-3.5527136788E-14,1.,0.));
#7501 = ORIENTED_EDGE('',*,*,#7502,.T.);
#7502 = EDGE_CURVE('',#7494,#7475,#7503,.T.);
#7503 = LINE('',#7504,#7505);
#7504 = CARTESIAN_POINT('',(59.46,-106.32,1.51));
#7505 = VECTOR('',#7506,1.);
#7506 = DIRECTION('',(1.,0.,-0.));
#7507 = FACE_BOUND('',#7508,.T.);
#7508 = EDGE_LOOP('',(#7509,#7520,#7528,#7537));
#7509 = ORIENTED_EDGE('',*,*,#7510,.T.);
#7510 = EDGE_CURVE('',#7511,#7513,#7515,.T.);
#7511 = VERTEX_POINT('',#7512);
#7512 = CARTESIAN_POINT('',(118.92,-103.78,1.51));
#7513 = VERTEX_POINT('',#7514);
#7514 = CARTESIAN_POINT('',(118.92,-104.58,1.51));
#7515 = CIRCLE('',#7516,0.4);
#7516 = AXIS2_PLACEMENT_3D('',#7517,#7518,#7519);
#7517 = CARTESIAN_POINT('',(118.92,-104.18,1.51));
#7518 = DIRECTION('',(-0.,0.,-1.));
#7519 = DIRECTION('',(-0.,-1.,0.));
#7520 = ORIENTED_EDGE('',*,*,#7521,.T.);
#7521 = EDGE_CURVE('',#7513,#7522,#7524,.T.);
#7522 = VERTEX_POINT('',#7523);
#7523 = CARTESIAN_POINT('',(117.52,-104.58,1.51));
#7524 = LINE('',#7525,#7526);
#7525 = CARTESIAN_POINT('',(58.76,-104.58,1.51));
#7526 = VECTOR('',#7527,1.);
#7527 = DIRECTION('',(-1.,0.,0.));
#7528 = ORIENTED_EDGE('',*,*,#7529,.T.);
#7529 = EDGE_CURVE('',#7522,#7530,#7532,.T.);
#7530 = VERTEX_POINT('',#7531);
#7531 = CARTESIAN_POINT('',(117.52,-103.78,1.51));
#7532 = CIRCLE('',#7533,0.4);
#7533 = AXIS2_PLACEMENT_3D('',#7534,#7535,#7536);
#7534 = CARTESIAN_POINT('',(117.52,-104.18,1.51));
#7535 = DIRECTION('',(-0.,0.,-1.));
#7536 = DIRECTION('',(0.,1.,0.));
#7537 = ORIENTED_EDGE('',*,*,#7538,.T.);
#7538 = EDGE_CURVE('',#7530,#7511,#7539,.T.);
#7539 = LINE('',#7540,#7541);
#7540 = CARTESIAN_POINT('',(59.46,-103.78,1.51));
#7541 = VECTOR('',#7542,1.);
#7542 = DIRECTION('',(1.,0.,-0.));
#7543 = FACE_BOUND('',#7544,.T.);
#7544 = EDGE_LOOP('',(#7545));
#7545 = ORIENTED_EDGE('',*,*,#7546,.T.);
#7546 = EDGE_CURVE('',#7547,#7547,#7549,.T.);
#7547 = VERTEX_POINT('',#7548);
#7548 = CARTESIAN_POINT('',(142.505,-111.65,1.51));
#7549 = CIRCLE('',#7550,1.65);
#7550 = AXIS2_PLACEMENT_3D('',#7551,#7552,#7553);
#7551 = CARTESIAN_POINT('',(142.505,-110.,1.51));
#7552 = DIRECTION('',(-0.,0.,-1.));
#7553 = DIRECTION('',(-0.,-1.,0.));
#7554 = FACE_BOUND('',#7555,.T.);
#7555 = EDGE_LOOP('',(#7556));
#7556 = ORIENTED_EDGE('',*,*,#7557,.T.);
#7557 = EDGE_CURVE('',#7558,#7558,#7560,.T.);
#7558 = VERTEX_POINT('',#7559);
#7559 = CARTESIAN_POINT('',(153.4,-135.95,1.51));
#7560 = CIRCLE('',#7561,0.45);
#7561 = AXIS2_PLACEMENT_3D('',#7562,#7563,#7564);
#7562 = CARTESIAN_POINT('',(153.4,-135.5,1.51));
#7563 = DIRECTION('',(-0.,0.,-1.));
#7564 = DIRECTION('',(6.315935428978E-14,-1.,-0.));
#7565 = FACE_BOUND('',#7566,.T.);
#7566 = EDGE_LOOP('',(#7567));
#7567 = ORIENTED_EDGE('',*,*,#7568,.T.);
#7568 = EDGE_CURVE('',#7569,#7569,#7571,.T.);
#7569 = VERTEX_POINT('',#7570);
#7570 = CARTESIAN_POINT('',(157.495,-137.675,1.51));
#7571 = CIRCLE('',#7572,0.51);
#7572 = AXIS2_PLACEMENT_3D('',#7573,#7574,#7575);
#7573 = CARTESIAN_POINT('',(157.495,-137.165,1.51));
#7574 = DIRECTION('',(-0.,0.,-1.));
#7575 = DIRECTION('',(-0.,-1.,0.));
#7576 = FACE_BOUND('',#7577,.T.);
#7577 = EDGE_LOOP('',(#7578));
#7578 = ORIENTED_EDGE('',*,*,#7579,.T.);
#7579 = EDGE_CURVE('',#7580,#7580,#7582,.T.);
#7580 = VERTEX_POINT('',#7581);
#7581 = CARTESIAN_POINT('',(191.4,-125.,1.51));
#7582 = CIRCLE('',#7583,0.5);
#7583 = AXIS2_PLACEMENT_3D('',#7584,#7585,#7586);
#7584 = CARTESIAN_POINT('',(191.4,-124.5,1.51));
#7585 = DIRECTION('',(-0.,0.,-1.));
#7586 = DIRECTION('',(-0.,-1.,0.));
#7587 = FACE_BOUND('',#7588,.T.);
#7588 = EDGE_LOOP('',(#7589));
#7589 = ORIENTED_EDGE('',*,*,#7590,.T.);
#7590 = EDGE_CURVE('',#7591,#7591,#7593,.T.);
#7591 = VERTEX_POINT('',#7592);
#7592 = CARTESIAN_POINT('',(191.4,-122.46,1.51));
#7593 = CIRCLE('',#7594,0.5);
#7594 = AXIS2_PLACEMENT_3D('',#7595,#7596,#7597);
#7595 = CARTESIAN_POINT('',(191.4,-121.96,1.51));
#7596 = DIRECTION('',(-0.,0.,-1.));
#7597 = DIRECTION('',(-0.,-1.,0.));
#7598 = FACE_BOUND('',#7599,.T.);
#7599 = EDGE_LOOP('',(#7600,#7611,#7619,#7628));
#7600 = ORIENTED_EDGE('',*,*,#7601,.T.);
#7601 = EDGE_CURVE('',#7602,#7604,#7606,.T.);
#7602 = VERTEX_POINT('',#7603);
#7603 = CARTESIAN_POINT('',(214.732853,-120.624646,1.51));
#7604 = VERTEX_POINT('',#7605);
#7605 = CARTESIAN_POINT('',(214.903176,-120.028499,1.51));
#7606 = CIRCLE('',#7607,0.310000471749);
#7607 = AXIS2_PLACEMENT_3D('',#7608,#7609,#7610);
#7608 = CARTESIAN_POINT('',(214.8180145,-120.3265725,1.51));
#7609 = DIRECTION('',(0.,-0.,-1.));
#7610 = DIRECTION('',(0.274714098077,0.961525956133,-0.));
#7611 = ORIENTED_EDGE('',*,*,#7612,.T.);
#7612 = EDGE_CURVE('',#7604,#7613,#7615,.T.);
#7613 = VERTEX_POINT('',#7614);
#7614 = CARTESIAN_POINT('',(215.46086,-120.187833,1.51));
#7615 = LINE('',#7616,#7617);
#7616 = CARTESIAN_POINT('',(99.987121905774,-87.19622379926,1.51));
#7617 = VECTOR('',#7618,1.);
#7618 = DIRECTION('',(0.961525899474,-0.274714296388,0.));
#7619 = ORIENTED_EDGE('',*,*,#7620,.T.);
#7620 = EDGE_CURVE('',#7613,#7621,#7623,.T.);
#7621 = VERTEX_POINT('',#7622);
#7622 = CARTESIAN_POINT('',(215.290537,-120.78398,1.51));
#7623 = CIRCLE('',#7624,0.310000471749);
#7624 = AXIS2_PLACEMENT_3D('',#7625,#7626,#7627);
#7625 = CARTESIAN_POINT('',(215.3756985,-120.4859065,1.51));
#7626 = DIRECTION('',(-0.,0.,-1.));
#7627 = DIRECTION('',(-0.274714098077,-0.961525956133,0.));
#7628 = ORIENTED_EDGE('',*,*,#7629,.T.);
#7629 = EDGE_CURVE('',#7621,#7602,#7630,.T.);
#7630 = LINE('',#7631,#7632);
#7631 = CARTESIAN_POINT('',(99.537956844298,-87.71270378169,1.51));
#7632 = VECTOR('',#7633,1.);
#7633 = DIRECTION('',(-0.961525899474,0.274714296388,0.));
#7634 = FACE_BOUND('',#7635,.T.);
#7635 = EDGE_LOOP('',(#7636));
#7636 = ORIENTED_EDGE('',*,*,#7637,.T.);
#7637 = EDGE_CURVE('',#7638,#7638,#7640,.T.);
#7638 = VERTEX_POINT('',#7639);
#7639 = CARTESIAN_POINT('',(157.495,-111.65,1.51));
#7640 = CIRCLE('',#7641,1.65);
#7641 = AXIS2_PLACEMENT_3D('',#7642,#7643,#7644);
#7642 = CARTESIAN_POINT('',(157.495,-110.,1.51));
#7643 = DIRECTION('',(-0.,0.,-1.));
#7644 = DIRECTION('',(-0.,-1.,0.));
#7645 = FACE_BOUND('',#7646,.T.);
#7646 = EDGE_LOOP('',(#7647));
#7647 = ORIENTED_EDGE('',*,*,#7648,.T.);
#7648 = EDGE_CURVE('',#7649,#7649,#7651,.T.);
#7649 = VERTEX_POINT('',#7650);
#7650 = CARTESIAN_POINT('',(179.395,-105.1,1.51));
#7651 = CIRCLE('',#7652,0.15);
#7652 = AXIS2_PLACEMENT_3D('',#7653,#7654,#7655);
#7653 = CARTESIAN_POINT('',(179.395,-104.95,1.51));
#7654 = DIRECTION('',(-0.,0.,-1.));
#7655 = DIRECTION('',(1.894780628694E-13,-1.,-0.));
#7656 = FACE_BOUND('',#7657,.T.);
#7657 = EDGE_LOOP('',(#7658));
#7658 = ORIENTED_EDGE('',*,*,#7659,.T.);
#7659 = EDGE_CURVE('',#7660,#7660,#7662,.T.);
#7660 = VERTEX_POINT('',#7661);
#7661 = CARTESIAN_POINT('',(180.795,-105.1,1.51));
#7662 = CIRCLE('',#7663,0.15);
#7663 = AXIS2_PLACEMENT_3D('',#7664,#7665,#7666);
#7664 = CARTESIAN_POINT('',(180.795,-104.95,1.51));
#7665 = DIRECTION('',(-0.,0.,-1.));
#7666 = DIRECTION('',(-1.894780628694E-13,-1.,0.));
#7667 = FACE_BOUND('',#7668,.T.);
#7668 = EDGE_LOOP('',(#7669));
#7669 = ORIENTED_EDGE('',*,*,#7670,.T.);
#7670 = EDGE_CURVE('',#7671,#7671,#7673,.T.);
#7671 = VERTEX_POINT('',#7672);
#7672 = CARTESIAN_POINT('',(177.795,-103.5,1.51));
#7673 = CIRCLE('',#7674,0.15);
#7674 = AXIS2_PLACEMENT_3D('',#7675,#7676,#7677);
#7675 = CARTESIAN_POINT('',(177.795,-103.35,1.51));
#7676 = DIRECTION('',(-0.,0.,-1.));
#7677 = DIRECTION('',(-1.894780628694E-13,-1.,0.));
#7678 = FACE_BOUND('',#7679,.T.);
#7679 = EDGE_LOOP('',(#7680));
#7680 = ORIENTED_EDGE('',*,*,#7681,.T.);
#7681 = EDGE_CURVE('',#7682,#7682,#7684,.T.);
#7682 = VERTEX_POINT('',#7683);
#7683 = CARTESIAN_POINT('',(177.795,-102.1,1.51));
#7684 = CIRCLE('',#7685,0.15);
#7685 = AXIS2_PLACEMENT_3D('',#7686,#7687,#7688);
#7686 = CARTESIAN_POINT('',(177.795,-101.95,1.51));
#7687 = DIRECTION('',(-0.,0.,-1.));
#7688 = DIRECTION('',(-1.894780628694E-13,-1.,0.));
#7689 = FACE_BOUND('',#7690,.T.);
#7690 = EDGE_LOOP('',(#7691));
#7691 = ORIENTED_EDGE('',*,*,#7692,.T.);
#7692 = EDGE_CURVE('',#7693,#7693,#7695,.T.);
#7693 = VERTEX_POINT('',#7694);
#7694 = CARTESIAN_POINT('',(182.395,-103.5,1.51));
#7695 = CIRCLE('',#7696,0.15);
#7696 = AXIS2_PLACEMENT_3D('',#7697,#7698,#7699);
#7697 = CARTESIAN_POINT('',(182.395,-103.35,1.51));
#7698 = DIRECTION('',(-0.,0.,-1.));
#7699 = DIRECTION('',(1.894780628694E-13,-1.,-0.));
#7700 = FACE_BOUND('',#7701,.T.);
#7701 = EDGE_LOOP('',(#7702));
#7702 = ORIENTED_EDGE('',*,*,#7703,.T.);
#7703 = EDGE_CURVE('',#7704,#7704,#7706,.T.);
#7704 = VERTEX_POINT('',#7705);
#7705 = CARTESIAN_POINT('',(182.395,-102.1,1.51));
#7706 = CIRCLE('',#7707,0.15);
#7707 = AXIS2_PLACEMENT_3D('',#7708,#7709,#7710);
#7708 = CARTESIAN_POINT('',(182.395,-101.95,1.51));
#7709 = DIRECTION('',(-0.,0.,-1.));
#7710 = DIRECTION('',(1.894780628694E-13,-1.,-0.));
#7711 = FACE_BOUND('',#7712,.T.);
#7712 = EDGE_LOOP('',(#7713));
#7713 = ORIENTED_EDGE('',*,*,#7714,.T.);
#7714 = EDGE_CURVE('',#7715,#7715,#7717,.T.);
#7715 = VERTEX_POINT('',#7716);
#7716 = CARTESIAN_POINT('',(191.4,-119.92,1.51));
#7717 = CIRCLE('',#7718,0.5);
#7718 = AXIS2_PLACEMENT_3D('',#7719,#7720,#7721);
#7719 = CARTESIAN_POINT('',(191.4,-119.42,1.51));
#7720 = DIRECTION('',(-0.,0.,-1.));
#7721 = DIRECTION('',(-0.,-1.,0.));
#7722 = FACE_BOUND('',#7723,.T.);
#7723 = EDGE_LOOP('',(#7724));
#7724 = ORIENTED_EDGE('',*,*,#7725,.T.);
#7725 = EDGE_CURVE('',#7726,#7726,#7728,.T.);
#7726 = VERTEX_POINT('',#7727);
#7727 = CARTESIAN_POINT('',(191.4,-117.38,1.51));
#7728 = CIRCLE('',#7729,0.5);
#7729 = AXIS2_PLACEMENT_3D('',#7730,#7731,#7732);
#7730 = CARTESIAN_POINT('',(191.4,-116.88,1.51));
#7731 = DIRECTION('',(-0.,0.,-1.));
#7732 = DIRECTION('',(-0.,-1.,0.));
#7733 = FACE_BOUND('',#7734,.T.);
#7734 = EDGE_LOOP('',(#7735));
#7735 = ORIENTED_EDGE('',*,*,#7736,.T.);
#7736 = EDGE_CURVE('',#7737,#7737,#7739,.T.);
#7737 = VERTEX_POINT('',#7738);
#7738 = CARTESIAN_POINT('',(191.4,-114.84,1.51));
#7739 = CIRCLE('',#7740,0.5);
#7740 = AXIS2_PLACEMENT_3D('',#7741,#7742,#7743);
#7741 = CARTESIAN_POINT('',(191.4,-114.34,1.51));
#7742 = DIRECTION('',(-0.,0.,-1.));
#7743 = DIRECTION('',(-0.,-1.,0.));
#7744 = FACE_BOUND('',#7745,.T.);
#7745 = EDGE_LOOP('',(#7746));
#7746 = ORIENTED_EDGE('',*,*,#7747,.T.);
#7747 = EDGE_CURVE('',#7748,#7748,#7750,.T.);
#7748 = VERTEX_POINT('',#7749);
#7749 = CARTESIAN_POINT('',(191.4,-112.3,1.51));
#7750 = CIRCLE('',#7751,0.5);
#7751 = AXIS2_PLACEMENT_3D('',#7752,#7753,#7754);
#7752 = CARTESIAN_POINT('',(191.4,-111.8,1.51));
#7753 = DIRECTION('',(-0.,0.,-1.));
#7754 = DIRECTION('',(-0.,-1.,0.));
#7755 = FACE_BOUND('',#7756,.T.);
#7756 = EDGE_LOOP('',(#7757,#7768,#7776,#7785));
#7757 = ORIENTED_EDGE('',*,*,#7758,.T.);
#7758 = EDGE_CURVE('',#7759,#7761,#7763,.T.);
#7759 = VERTEX_POINT('',#7760);
#7760 = CARTESIAN_POINT('',(210.473293,-119.407658,1.51));
#7761 = VERTEX_POINT('',#7762);
#7762 = CARTESIAN_POINT('',(210.643616,-118.811513,1.51));
#7763 = CIRCLE('',#7764,0.309999510223);
#7764 = AXIS2_PLACEMENT_3D('',#7765,#7766,#7767);
#7765 = CARTESIAN_POINT('',(210.5584545,-119.1095855,1.51));
#7766 = DIRECTION('',(0.,-0.,-1.));
#7767 = DIRECTION('',(0.274714950158,0.961525712688,-0.));
#7768 = ORIENTED_EDGE('',*,*,#7769,.T.);
#7769 = EDGE_CURVE('',#7761,#7770,#7772,.T.);
#7770 = VERTEX_POINT('',#7771);
#7771 = CARTESIAN_POINT('',(211.682064,-119.108205,1.51));
#7772 = LINE('',#7773,#7774);
#7773 = CARTESIAN_POINT('',(98.097726670831,-86.6563497209,1.51));
#7774 = VECTOR('',#7775,1.);
#7775 = DIRECTION('',(0.961525764531,-0.274714768703,0.));
#7776 = ORIENTED_EDGE('',*,*,#7777,.T.);
#7777 = EDGE_CURVE('',#7770,#7778,#7780,.T.);
#7778 = VERTEX_POINT('',#7779);
#7779 = CARTESIAN_POINT('',(211.511741,-119.70435,1.51));
#7780 = CIRCLE('',#7781,0.309999510223);
#7781 = AXIS2_PLACEMENT_3D('',#7782,#7783,#7784);
#7782 = CARTESIAN_POINT('',(211.5969025,-119.4062775,1.51));
#7783 = DIRECTION('',(-0.,0.,-1.));
#7784 = DIRECTION('',(-0.274714950158,-0.961525712688,0.));
#7785 = ORIENTED_EDGE('',*,*,#7786,.T.);
#7786 = EDGE_CURVE('',#7778,#7759,#7787,.T.);
#7787 = LINE('',#7788,#7789);
#7788 = CARTESIAN_POINT('',(97.408179727082,-87.10414873697,1.51));
#7789 = VECTOR('',#7790,1.);
#7790 = DIRECTION('',(-0.961525764531,0.274714768703,0.));
#7791 = FACE_BOUND('',#7792,.T.);
#7792 = EDGE_LOOP('',(#7793));
#7793 = ORIENTED_EDGE('',*,*,#7794,.T.);
#7794 = EDGE_CURVE('',#7795,#7795,#7797,.T.);
#7795 = VERTEX_POINT('',#7796);
#7796 = CARTESIAN_POINT('',(211.951284,-118.345307,1.51));
#7797 = CIRCLE('',#7798,0.325);
#7798 = AXIS2_PLACEMENT_3D('',#7799,#7800,#7801);
#7799 = CARTESIAN_POINT('',(211.951284,-118.020307,1.51));
#7800 = DIRECTION('',(-0.,0.,-1.));
#7801 = DIRECTION('',(-0.,-1.,0.));
#7802 = FACE_BOUND('',#7803,.T.);
#7803 = EDGE_LOOP('',(#7804));
#7804 = ORIENTED_EDGE('',*,*,#7805,.T.);
#7805 = EDGE_CURVE('',#7806,#7806,#7808,.T.);
#7806 = VERTEX_POINT('',#7807);
#7807 = CARTESIAN_POINT('',(213.539134,-112.787688,1.51));
#7808 = CIRCLE('',#7809,0.325);
#7809 = AXIS2_PLACEMENT_3D('',#7810,#7811,#7812);
#7810 = CARTESIAN_POINT('',(213.539134,-112.462688,1.51));
#7811 = DIRECTION('',(-0.,0.,-1.));
#7812 = DIRECTION('',(-0.,-1.,0.));
#7813 = FACE_BOUND('',#7814,.T.);
#7814 = EDGE_LOOP('',(#7815,#7826,#7834,#7843));
#7815 = ORIENTED_EDGE('',*,*,#7816,.T.);
#7816 = EDGE_CURVE('',#7817,#7819,#7821,.T.);
#7817 = VERTEX_POINT('',#7818);
#7818 = CARTESIAN_POINT('',(212.846826,-111.100075,1.51));
#7819 = VERTEX_POINT('',#7820);
#7820 = CARTESIAN_POINT('',(213.017149,-110.50393,1.51));
#7821 = CIRCLE('',#7822,0.309999510223);
#7822 = AXIS2_PLACEMENT_3D('',#7823,#7824,#7825);
#7823 = CARTESIAN_POINT('',(212.9319875,-110.8020025,1.51));
#7824 = DIRECTION('',(0.,-0.,-1.));
#7825 = DIRECTION('',(0.274714950158,0.961525712688,-0.));
#7826 = ORIENTED_EDGE('',*,*,#7827,.T.);
#7827 = EDGE_CURVE('',#7819,#7828,#7830,.T.);
#7828 = VERTEX_POINT('',#7829);
#7829 = CARTESIAN_POINT('',(214.055597,-110.800622,1.51));
#7830 = LINE('',#7831,#7832);
#7831 = CARTESIAN_POINT('',(100.47126092555,-78.34876707938,1.51));
#7832 = VECTOR('',#7833,1.);
#7833 = DIRECTION('',(0.961525764531,-0.274714768703,0.));
#7834 = ORIENTED_EDGE('',*,*,#7835,.T.);
#7835 = EDGE_CURVE('',#7828,#7836,#7838,.T.);
#7836 = VERTEX_POINT('',#7837);
#7837 = CARTESIAN_POINT('',(213.885274,-111.396767,1.51));
#7838 = CIRCLE('',#7839,0.309999510223);
#7839 = AXIS2_PLACEMENT_3D('',#7840,#7841,#7842);
#7840 = CARTESIAN_POINT('',(213.9704355,-111.0986945,1.51));
#7841 = DIRECTION('',(-0.,0.,-1.));
#7842 = DIRECTION('',(-0.274714950158,-0.961525712688,0.));
#7843 = ORIENTED_EDGE('',*,*,#7844,.T.);
#7844 = EDGE_CURVE('',#7836,#7817,#7845,.T.);
#7845 = LINE('',#7846,#7847);
#7846 = CARTESIAN_POINT('',(99.781713981807,-78.79656609546,1.51));
#7847 = VECTOR('',#7848,1.);
#7848 = DIRECTION('',(-0.961525764531,0.274714768703,0.));
#7849 = FACE_BOUND('',#7850,.T.);
#7850 = EDGE_LOOP('',(#7851,#7862,#7870,#7879));
#7851 = ORIENTED_EDGE('',*,*,#7852,.T.);
#7852 = EDGE_CURVE('',#7853,#7855,#7857,.T.);
#7853 = VERTEX_POINT('',#7854);
#7854 = CARTESIAN_POINT('',(217.106385,-112.317061,1.51));
#7855 = VERTEX_POINT('',#7856);
#7856 = CARTESIAN_POINT('',(217.276708,-111.720914,1.51));
#7857 = CIRCLE('',#7858,0.310000471749);
#7858 = AXIS2_PLACEMENT_3D('',#7859,#7860,#7861);
#7859 = CARTESIAN_POINT('',(217.1915465,-112.0189875,1.51));
#7860 = DIRECTION('',(0.,-0.,-1.));
#7861 = DIRECTION('',(0.274714098077,0.961525956133,-0.));
#7862 = ORIENTED_EDGE('',*,*,#7863,.T.);
#7863 = EDGE_CURVE('',#7855,#7864,#7866,.T.);
#7864 = VERTEX_POINT('',#7865);
#7865 = CARTESIAN_POINT('',(217.834392,-111.880248,1.51));
#7866 = LINE('',#7867,#7868);
#7867 = CARTESIAN_POINT('',(102.3606538465,-78.88863878232,1.51));
#7868 = VECTOR('',#7869,1.);
#7869 = DIRECTION('',(0.961525899474,-0.274714296388,0.));
#7870 = ORIENTED_EDGE('',*,*,#7871,.T.);
#7871 = EDGE_CURVE('',#7864,#7872,#7874,.T.);
#7872 = VERTEX_POINT('',#7873);
#7873 = CARTESIAN_POINT('',(217.664069,-112.476395,1.51));
#7874 = CIRCLE('',#7875,0.310000471749);
#7875 = AXIS2_PLACEMENT_3D('',#7876,#7877,#7878);
#7876 = CARTESIAN_POINT('',(217.7492305,-112.1783215,1.51));
#7877 = DIRECTION('',(-0.,0.,-1.));
#7878 = DIRECTION('',(-0.274714098077,-0.961525956133,0.));
#7879 = ORIENTED_EDGE('',*,*,#7880,.T.);
#7880 = EDGE_CURVE('',#7872,#7853,#7881,.T.);
#7881 = LINE('',#7882,#7883);
#7882 = CARTESIAN_POINT('',(101.91148878503,-79.40511876476,1.51));
#7883 = VECTOR('',#7884,1.);
#7884 = DIRECTION('',(-0.961525899474,0.274714296388,0.));
#7885 = FACE_BOUND('',#7886,.T.);
#7886 = EDGE_LOOP('',(#7887));
#7887 = ORIENTED_EDGE('',*,*,#7888,.T.);
#7888 = EDGE_CURVE('',#7889,#7889,#7891,.T.);
#7889 = VERTEX_POINT('',#7890);
#7890 = CARTESIAN_POINT('',(191.4,-109.76,1.51));
#7891 = CIRCLE('',#7892,0.5);
#7892 = AXIS2_PLACEMENT_3D('',#7893,#7894,#7895);
#7893 = CARTESIAN_POINT('',(191.4,-109.26,1.51));
#7894 = DIRECTION('',(-0.,0.,-1.));
#7895 = DIRECTION('',(-0.,-1.,0.));
#7896 = FACE_BOUND('',#7897,.T.);
#7897 = EDGE_LOOP('',(#7898));
#7898 = ORIENTED_EDGE('',*,*,#7899,.T.);
#7899 = EDGE_CURVE('',#7900,#7900,#7902,.T.);
#7900 = VERTEX_POINT('',#7901);
#7901 = CARTESIAN_POINT('',(191.4,-107.22,1.51));
#7902 = CIRCLE('',#7903,0.5);
#7903 = AXIS2_PLACEMENT_3D('',#7904,#7905,#7906);
#7904 = CARTESIAN_POINT('',(191.4,-106.72,1.51));
#7905 = DIRECTION('',(-0.,0.,-1.));
#7906 = DIRECTION('',(-0.,-1.,0.));
#7907 = FACE_BOUND('',#7908,.T.);
#7908 = EDGE_LOOP('',(#7909));
#7909 = ORIENTED_EDGE('',*,*,#7910,.T.);
#7910 = EDGE_CURVE('',#7911,#7911,#7913,.T.);
#7911 = VERTEX_POINT('',#7912);
#7912 = CARTESIAN_POINT('',(191.4,-104.68,1.51));
#7913 = CIRCLE('',#7914,0.5);
#7914 = AXIS2_PLACEMENT_3D('',#7915,#7916,#7917);
#7915 = CARTESIAN_POINT('',(191.4,-104.18,1.51));
#7916 = DIRECTION('',(-0.,0.,-1.));
#7917 = DIRECTION('',(-0.,-1.,0.));
#7918 = FACE_BOUND('',#7919,.T.);
#7919 = EDGE_LOOP('',(#7920));
#7920 = ORIENTED_EDGE('',*,*,#7921,.T.);
#7921 = EDGE_CURVE('',#7922,#7922,#7924,.T.);
#7922 = VERTEX_POINT('',#7923);
#7923 = CARTESIAN_POINT('',(191.4,-102.14,1.51));
#7924 = CIRCLE('',#7925,0.5);
#7925 = AXIS2_PLACEMENT_3D('',#7926,#7927,#7928);
#7926 = CARTESIAN_POINT('',(191.4,-101.64,1.51));
#7927 = DIRECTION('',(-0.,0.,-1.));
#7928 = DIRECTION('',(-0.,-1.,0.));
#7929 = FACE_BOUND('',#7930,.T.);
#7930 = EDGE_LOOP('',(#7931));
#7931 = ORIENTED_EDGE('',*,*,#7932,.T.);
#7932 = EDGE_CURVE('',#7933,#7933,#7935,.T.);
#7933 = VERTEX_POINT('',#7934);
#7934 = CARTESIAN_POINT('',(110.9,-66.5,1.51));
#7935 = CIRCLE('',#7936,0.5);
#7936 = AXIS2_PLACEMENT_3D('',#7937,#7938,#7939);
#7937 = CARTESIAN_POINT('',(110.9,-66.,1.51));
#7938 = DIRECTION('',(-0.,0.,-1.));
#7939 = DIRECTION('',(-0.,-1.,0.));
#7940 = FACE_BOUND('',#7941,.T.);
#7941 = EDGE_LOOP('',(#7942,#7953,#7961,#7970));
#7942 = ORIENTED_EDGE('',*,*,#7943,.F.);
#7943 = EDGE_CURVE('',#7944,#7946,#7948,.T.);
#7944 = VERTEX_POINT('',#7945);
#7945 = CARTESIAN_POINT('',(146.,-75.,1.51));
#7946 = VERTEX_POINT('',#7947);
#7947 = CARTESIAN_POINT('',(146.,-80.,1.51));
#7948 = CIRCLE('',#7949,2.5);
#7949 = AXIS2_PLACEMENT_3D('',#7950,#7951,#7952);
#7950 = CARTESIAN_POINT('',(146.,-77.5,1.51));
#7951 = DIRECTION('',(0.,-0.,1.));
#7952 = DIRECTION('',(0.,1.,0.));
#7953 = ORIENTED_EDGE('',*,*,#7954,.F.);
#7954 = EDGE_CURVE('',#7955,#7944,#7957,.T.);
#7955 = VERTEX_POINT('',#7956);
#7956 = CARTESIAN_POINT('',(154.,-75.,1.51));
#7957 = LINE('',#7958,#7959);
#7958 = CARTESIAN_POINT('',(154.,-75.,1.51));
#7959 = VECTOR('',#7960,1.);
#7960 = DIRECTION('',(-1.,0.,0.));
#7961 = ORIENTED_EDGE('',*,*,#7962,.F.);
#7962 = EDGE_CURVE('',#7963,#7955,#7965,.T.);
#7963 = VERTEX_POINT('',#7964);
#7964 = CARTESIAN_POINT('',(154.,-80.,1.51));
#7965 = CIRCLE('',#7966,2.5);
#7966 = AXIS2_PLACEMENT_3D('',#7967,#7968,#7969);
#7967 = CARTESIAN_POINT('',(154.,-77.5,1.51));
#7968 = DIRECTION('',(0.,0.,1.));
#7969 = DIRECTION('',(-0.,-1.,0.));
#7970 = ORIENTED_EDGE('',*,*,#7971,.F.);
#7971 = EDGE_CURVE('',#7946,#7963,#7972,.T.);
#7972 = LINE('',#7973,#7974);
#7973 = CARTESIAN_POINT('',(146.,-80.,1.51));
#7974 = VECTOR('',#7975,1.);
#7975 = DIRECTION('',(1.,0.,0.));
#7976 = FACE_BOUND('',#7977,.T.);
#7977 = EDGE_LOOP('',(#7978));
#7978 = ORIENTED_EDGE('',*,*,#7979,.T.);
#7979 = EDGE_CURVE('',#7980,#7980,#7982,.T.);
#7980 = VERTEX_POINT('',#7981);
#7981 = CARTESIAN_POINT('',(179.395,-100.4,1.51));
#7982 = CIRCLE('',#7983,0.15);
#7983 = AXIS2_PLACEMENT_3D('',#7984,#7985,#7986);
#7984 = CARTESIAN_POINT('',(179.395,-100.25,1.51));
#7985 = DIRECTION('',(-0.,0.,-1.));
#7986 = DIRECTION('',(1.894780628694E-13,-1.,-0.));
#7987 = FACE_BOUND('',#7988,.T.);
#7988 = EDGE_LOOP('',(#7989));
#7989 = ORIENTED_EDGE('',*,*,#7990,.T.);
#7990 = EDGE_CURVE('',#7991,#7991,#7993,.T.);
#7991 = VERTEX_POINT('',#7992);
#7992 = CARTESIAN_POINT('',(180.795,-100.4,1.51));
#7993 = CIRCLE('',#7994,0.15);
#7994 = AXIS2_PLACEMENT_3D('',#7995,#7996,#7997);
#7995 = CARTESIAN_POINT('',(180.795,-100.25,1.51));
#7996 = DIRECTION('',(-0.,0.,-1.));
#7997 = DIRECTION('',(-1.894780628694E-13,-1.,0.));
#7998 = FACE_BOUND('',#7999,.T.);
#7999 = EDGE_LOOP('',(#8000));
#8000 = ORIENTED_EDGE('',*,*,#8001,.T.);
#8001 = EDGE_CURVE('',#8002,#8002,#8004,.T.);
#8002 = VERTEX_POINT('',#8003);
#8003 = CARTESIAN_POINT('',(191.4,-99.6,1.51));
#8004 = CIRCLE('',#8005,0.5);
#8005 = AXIS2_PLACEMENT_3D('',#8006,#8007,#8008);
#8006 = CARTESIAN_POINT('',(191.4,-99.1,1.51));
#8007 = DIRECTION('',(-0.,0.,-1.));
#8008 = DIRECTION('',(-0.,-1.,0.));
#8009 = FACE_BOUND('',#8010,.T.);
#8010 = EDGE_LOOP('',(#8011));
#8011 = ORIENTED_EDGE('',*,*,#8012,.T.);
#8012 = EDGE_CURVE('',#8013,#8013,#8015,.T.);
#8013 = VERTEX_POINT('',#8014);
#8014 = CARTESIAN_POINT('',(191.4,-97.06,1.51));
#8015 = CIRCLE('',#8016,0.5);
#8016 = AXIS2_PLACEMENT_3D('',#8017,#8018,#8019);
#8017 = CARTESIAN_POINT('',(191.4,-96.56,1.51));
#8018 = DIRECTION('',(-0.,0.,-1.));
#8019 = DIRECTION('',(-0.,-1.,0.));
#8020 = FACE_BOUND('',#8021,.T.);
#8021 = EDGE_LOOP('',(#8022));
#8022 = ORIENTED_EDGE('',*,*,#8023,.T.);
#8023 = EDGE_CURVE('',#8024,#8024,#8026,.T.);
#8024 = VERTEX_POINT('',#8025);
#8025 = CARTESIAN_POINT('',(191.4,-94.52,1.51));
#8026 = CIRCLE('',#8027,0.5);
#8027 = AXIS2_PLACEMENT_3D('',#8028,#8029,#8030);
#8028 = CARTESIAN_POINT('',(191.4,-94.02,1.51));
#8029 = DIRECTION('',(-0.,0.,-1.));
#8030 = DIRECTION('',(-0.,-1.,0.));
#8031 = FACE_BOUND('',#8032,.T.);
#8032 = EDGE_LOOP('',(#8033));
#8033 = ORIENTED_EDGE('',*,*,#8034,.T.);
#8034 = EDGE_CURVE('',#8035,#8035,#8037,.T.);
#8035 = VERTEX_POINT('',#8036);
#8036 = CARTESIAN_POINT('',(191.4,-91.98,1.51));
#8037 = CIRCLE('',#8038,0.5);
#8038 = AXIS2_PLACEMENT_3D('',#8039,#8040,#8041);
#8039 = CARTESIAN_POINT('',(191.4,-91.48,1.51));
#8040 = DIRECTION('',(-0.,0.,-1.));
#8041 = DIRECTION('',(-0.,-1.,0.));
#8042 = FACE_BOUND('',#8043,.T.);
#8043 = EDGE_LOOP('',(#8044));
#8044 = ORIENTED_EDGE('',*,*,#8045,.T.);
#8045 = EDGE_CURVE('',#8046,#8046,#8048,.T.);
#8046 = VERTEX_POINT('',#8047);
#8047 = CARTESIAN_POINT('',(188.998452,-73.563781,1.51));
#8048 = CIRCLE('',#8049,0.5);
#8049 = AXIS2_PLACEMENT_3D('',#8050,#8051,#8052);
#8050 = CARTESIAN_POINT('',(188.998452,-73.063781,1.51));
#8051 = DIRECTION('',(-0.,0.,-1.));
#8052 = DIRECTION('',(-0.,-1.,0.));
#8053 = FACE_BOUND('',#8054,.T.);
#8054 = EDGE_LOOP('',(#8055));
#8055 = ORIENTED_EDGE('',*,*,#8056,.T.);
#8056 = EDGE_CURVE('',#8057,#8057,#8059,.T.);
#8057 = VERTEX_POINT('',#8058);
#8058 = CARTESIAN_POINT('',(187.434672,-71.562233,1.51));
#8059 = CIRCLE('',#8060,0.5);
#8060 = AXIS2_PLACEMENT_3D('',#8061,#8062,#8063);
#8061 = CARTESIAN_POINT('',(187.434672,-71.062233,1.51));
#8062 = DIRECTION('',(-0.,0.,-1.));
#8063 = DIRECTION('',(-0.,-1.,0.));
#8064 = FACE_BOUND('',#8065,.T.);
#8065 = EDGE_LOOP('',(#8066));
#8066 = ORIENTED_EDGE('',*,*,#8067,.T.);
#8067 = EDGE_CURVE('',#8068,#8068,#8070,.T.);
#8068 = VERTEX_POINT('',#8069);
#8069 = CARTESIAN_POINT('',(190.999999,-72.000001,1.51));
#8070 = CIRCLE('',#8071,0.5);
#8071 = AXIS2_PLACEMENT_3D('',#8072,#8073,#8074);
#8072 = CARTESIAN_POINT('',(190.999999,-71.500001,1.51));
#8073 = DIRECTION('',(-0.,0.,-1.));
#8074 = DIRECTION('',(-0.,-1.,0.));
#8075 = FACE_BOUND('',#8076,.T.);
#8076 = EDGE_LOOP('',(#8077));
#8077 = ORIENTED_EDGE('',*,*,#8078,.T.);
#8078 = EDGE_CURVE('',#8079,#8079,#8081,.T.);
#8079 = VERTEX_POINT('',#8080);
#8080 = CARTESIAN_POINT('',(185.870892,-69.560686,1.51));
#8081 = CIRCLE('',#8082,0.5);
#8082 = AXIS2_PLACEMENT_3D('',#8083,#8084,#8085);
#8083 = CARTESIAN_POINT('',(185.870892,-69.060686,1.51));
#8084 = DIRECTION('',(-0.,0.,-1.));
#8085 = DIRECTION('',(-0.,-1.,0.));
#8086 = FACE_BOUND('',#8087,.T.);
#8087 = EDGE_LOOP('',(#8088));
#8088 = ORIENTED_EDGE('',*,*,#8089,.T.);
#8089 = EDGE_CURVE('',#8090,#8090,#8092,.T.);
#8090 = VERTEX_POINT('',#8091);
#8091 = CARTESIAN_POINT('',(189.436219,-69.998453,1.51));
#8092 = CIRCLE('',#8093,0.5);
#8093 = AXIS2_PLACEMENT_3D('',#8094,#8095,#8096);
#8094 = CARTESIAN_POINT('',(189.436219,-69.498453,1.51));
#8095 = DIRECTION('',(-0.,0.,-1.));
#8096 = DIRECTION('',(-0.,-1.,0.));
#8097 = FACE_BOUND('',#8098,.T.);
#8098 = EDGE_LOOP('',(#8099));
#8099 = ORIENTED_EDGE('',*,*,#8100,.T.);
#8100 = EDGE_CURVE('',#8101,#8101,#8103,.T.);
#8101 = VERTEX_POINT('',#8102);
#8102 = CARTESIAN_POINT('',(187.872439,-67.996906,1.51));
#8103 = CIRCLE('',#8104,0.5);
#8104 = AXIS2_PLACEMENT_3D('',#8105,#8106,#8107);
#8105 = CARTESIAN_POINT('',(187.872439,-67.496906,1.51));
#8106 = DIRECTION('',(-0.,0.,-1.));
#8107 = DIRECTION('',(-0.,-1.,0.));
#8108 = PLANE('',#8109);
#8109 = AXIS2_PLACEMENT_3D('',#8110,#8111,#8112);
#8110 = CARTESIAN_POINT('',(0.,0.,1.51));
#8111 = DIRECTION('',(0.,0.,1.));
#8112 = DIRECTION('',(1.,0.,-0.));
#8113 = ADVANCED_FACE('',(#8114),#8125,.T.);
#8114 = FACE_BOUND('',#8115,.T.);
#8115 = EDGE_LOOP('',(#8116,#8122,#8123,#8124));
#8116 = ORIENTED_EDGE('',*,*,#8117,.T.);
#8117 = EDGE_CURVE('',#144,#4132,#8118,.T.);
#8118 = LINE('',#8119,#8120);
#8119 = CARTESIAN_POINT('',(102.018199,-59.049287,0.));
#8120 = VECTOR('',#8121,1.);
#8121 = DIRECTION('',(0.,0.,1.));
#8122 = ORIENTED_EDGE('',*,*,#4131,.T.);
#8123 = ORIENTED_EDGE('',*,*,#79,.F.);
#8124 = ORIENTED_EDGE('',*,*,#143,.F.);
#8125 = PLANE('',#8126);
#8126 = AXIS2_PLACEMENT_3D('',#8127,#8128,#8129);
#8127 = CARTESIAN_POINT('',(102.018199,-59.049287,0.));
#8128 = DIRECTION('',(-0.524860211997,0.851188438516,0.));
#8129 = DIRECTION('',(0.851188438516,0.524860211997,0.));
#8130 = ADVANCED_FACE('',(#8131),#8142,.T.);
#8131 = FACE_BOUND('',#8132,.T.);
#8132 = EDGE_LOOP('',(#8133,#8134,#8135,#8141));
#8133 = ORIENTED_EDGE('',*,*,#119,.T.);
#8134 = ORIENTED_EDGE('',*,*,#7283,.T.);
#8135 = ORIENTED_EDGE('',*,*,#8136,.F.);
#8136 = EDGE_CURVE('',#3288,#7276,#8137,.T.);
#8137 = LINE('',#8138,#8139);
#8138 = CARTESIAN_POINT('',(103.727705,-59.483678,0.));
#8139 = VECTOR('',#8140,1.);
#8140 = DIRECTION('',(0.,0.,1.));
#8141 = ORIENTED_EDGE('',*,*,#3295,.F.);
#8142 = PLANE('',#8143);
#8143 = AXIS2_PLACEMENT_3D('',#8144,#8145,#8146);
#8144 = CARTESIAN_POINT('',(102.980207,-59.211474,0.));
#8145 = DIRECTION('',(0.342172183834,0.939637268636,-0.));
#8146 = DIRECTION('',(0.939637268636,-0.342172183834,0.));
#8147 = ADVANCED_FACE('',(#8148),#8159,.T.);
#8148 = FACE_BOUND('',#8149,.T.);
#8149 = EDGE_LOOP('',(#8150,#8156,#8157,#8158));
#8150 = ORIENTED_EDGE('',*,*,#8151,.T.);
#8151 = EDGE_CURVE('',#152,#4140,#8152,.T.);
#8152 = LINE('',#8153,#8154);
#8153 = CARTESIAN_POINT('',(101.855293,-59.139311,0.));
#8154 = VECTOR('',#8155,1.);
#8155 = DIRECTION('',(0.,0.,1.));
#8156 = ORIENTED_EDGE('',*,*,#4139,.T.);
#8157 = ORIENTED_EDGE('',*,*,#8117,.F.);
#8158 = ORIENTED_EDGE('',*,*,#151,.F.);
#8159 = PLANE('',#8160);
#8160 = AXIS2_PLACEMENT_3D('',#8161,#8162,#8163);
#8161 = CARTESIAN_POINT('',(101.855293,-59.139311,0.));
#8162 = DIRECTION('',(-0.483673764361,0.875248358849,0.));
#8163 = DIRECTION('',(0.875248358849,0.483673764361,0.));
#8164 = ADVANCED_FACE('',(#8165),#8176,.T.);
#8165 = FACE_BOUND('',#8166,.T.);
#8166 = EDGE_LOOP('',(#8167,#8168,#8169,#8175));
#8167 = ORIENTED_EDGE('',*,*,#8136,.T.);
#8168 = ORIENTED_EDGE('',*,*,#7275,.T.);
#8169 = ORIENTED_EDGE('',*,*,#8170,.F.);
#8170 = EDGE_CURVE('',#3280,#7268,#8171,.T.);
#8171 = LINE('',#8172,#8173);
#8172 = CARTESIAN_POINT('',(104.578288,-59.833085,0.));
#8173 = VECTOR('',#8174,1.);
#8174 = DIRECTION('',(0.,0.,1.));
#8175 = ORIENTED_EDGE('',*,*,#3287,.F.);
#8176 = PLANE('',#8177);
#8177 = AXIS2_PLACEMENT_3D('',#8178,#8179,#8180);
#8178 = CARTESIAN_POINT('',(103.727705,-59.483678,0.));
#8179 = DIRECTION('',(0.379975066635,0.92499672904,-0.));
#8180 = DIRECTION('',(0.92499672904,-0.379975066635,0.));
#8181 = ADVANCED_FACE('',(#8182),#8193,.T.);
#8182 = FACE_BOUND('',#8183,.T.);
#8183 = EDGE_LOOP('',(#8184,#8190,#8191,#8192));
#8184 = ORIENTED_EDGE('',*,*,#8185,.T.);
#8185 = EDGE_CURVE('',#160,#4148,#8186,.T.);
#8186 = LINE('',#8187,#8188);
#8187 = CARTESIAN_POINT('',(101.417816,-59.383487,0.));
#8188 = VECTOR('',#8189,1.);
#8189 = DIRECTION('',(0.,0.,1.));
#8190 = ORIENTED_EDGE('',*,*,#4147,.T.);
#8191 = ORIENTED_EDGE('',*,*,#8151,.F.);
#8192 = ORIENTED_EDGE('',*,*,#159,.F.);
#8193 = PLANE('',#8194);
#8194 = AXIS2_PLACEMENT_3D('',#8195,#8196,#8197);
#8195 = CARTESIAN_POINT('',(101.417816,-59.383487,0.));
#8196 = DIRECTION('',(-0.487370406375,0.873195331521,0.));
#8197 = DIRECTION('',(0.873195331521,0.487370406375,0.));
#8198 = ADVANCED_FACE('',(#8199),#8210,.T.);
#8199 = FACE_BOUND('',#8200,.T.);
#8200 = EDGE_LOOP('',(#8201,#8202,#8203,#8209));
#8201 = ORIENTED_EDGE('',*,*,#8170,.T.);
#8202 = ORIENTED_EDGE('',*,*,#7267,.T.);
#8203 = ORIENTED_EDGE('',*,*,#8204,.F.);
#8204 = EDGE_CURVE('',#3272,#7260,#8205,.T.);
#8205 = LINE('',#8206,#8207);
#8206 = CARTESIAN_POINT('',(105.502673,-60.253864,0.));
#8207 = VECTOR('',#8208,1.);
#8208 = DIRECTION('',(0.,0.,1.));
#8209 = ORIENTED_EDGE('',*,*,#3279,.F.);
#8210 = PLANE('',#8211);
#8211 = AXIS2_PLACEMENT_3D('',#8212,#8213,#8214);
#8212 = CARTESIAN_POINT('',(104.578288,-59.833085,0.));
#8213 = DIRECTION('',(0.414295746265,0.910142315589,-0.));
#8214 = DIRECTION('',(0.910142315589,-0.414295746265,0.));
#8215 = ADVANCED_FACE('',(#8216),#8227,.T.);
#8216 = FACE_BOUND('',#8217,.T.);
#8217 = EDGE_LOOP('',(#8218,#8224,#8225,#8226));
#8218 = ORIENTED_EDGE('',*,*,#8219,.T.);
#8219 = EDGE_CURVE('',#168,#4156,#8220,.T.);
#8220 = LINE('',#8221,#8222);
#8221 = CARTESIAN_POINT('',(100.815177,-59.743646,0.));
#8222 = VECTOR('',#8223,1.);
#8223 = DIRECTION('',(0.,0.,1.));
#8224 = ORIENTED_EDGE('',*,*,#4155,.T.);
#8225 = ORIENTED_EDGE('',*,*,#8185,.F.);
#8226 = ORIENTED_EDGE('',*,*,#167,.F.);
#8227 = PLANE('',#8228);
#8228 = AXIS2_PLACEMENT_3D('',#8229,#8230,#8231);
#8229 = CARTESIAN_POINT('',(100.815177,-59.743646,0.));
#8230 = DIRECTION('',(-0.513003148591,0.85838672493,0.));
#8231 = DIRECTION('',(0.85838672493,0.513003148591,0.));
#8232 = ADVANCED_FACE('',(#8233),#8244,.T.);
#8233 = FACE_BOUND('',#8234,.T.);
#8234 = EDGE_LOOP('',(#8235,#8236,#8237,#8243));
#8235 = ORIENTED_EDGE('',*,*,#8204,.T.);
#8236 = ORIENTED_EDGE('',*,*,#7259,.T.);
#8237 = ORIENTED_EDGE('',*,*,#8238,.F.);
#8238 = EDGE_CURVE('',#3264,#7252,#8239,.T.);
#8239 = LINE('',#8240,#8241);
#8240 = CARTESIAN_POINT('',(106.483367,-60.742475,0.));
#8241 = VECTOR('',#8242,1.);
#8242 = DIRECTION('',(0.,0.,1.));
#8243 = ORIENTED_EDGE('',*,*,#3271,.F.);
#8244 = PLANE('',#8245);
#8245 = AXIS2_PLACEMENT_3D('',#8246,#8247,#8248);
#8246 = CARTESIAN_POINT('',(105.502673,-60.253864,0.));
#8247 = DIRECTION('',(0.445945616083,0.895060058039,-0.));
#8248 = DIRECTION('',(0.895060058039,-0.445945616083,0.));
#8249 = ADVANCED_FACE('',(#8250),#8261,.T.);
#8250 = FACE_BOUND('',#8251,.T.);
#8251 = EDGE_LOOP('',(#8252,#8258,#8259,#8260));
#8252 = ORIENTED_EDGE('',*,*,#8253,.T.);
#8253 = EDGE_CURVE('',#176,#4164,#8254,.T.);
#8254 = LINE('',#8255,#8256);
#8255 = CARTESIAN_POINT('',(100.456589,-59.972598,0.));
#8256 = VECTOR('',#8257,1.);
#8257 = DIRECTION('',(0.,0.,1.));
#8258 = ORIENTED_EDGE('',*,*,#4163,.T.);
#8259 = ORIENTED_EDGE('',*,*,#8219,.F.);
#8260 = ORIENTED_EDGE('',*,*,#175,.F.);
#8261 = PLANE('',#8262);
#8262 = AXIS2_PLACEMENT_3D('',#8263,#8264,#8265);
#8263 = CARTESIAN_POINT('',(100.456589,-59.972598,0.));
#8264 = DIRECTION('',(-0.538145742933,0.842851801542,0.));
#8265 = DIRECTION('',(0.842851801542,0.538145742933,0.));
#8266 = ADVANCED_FACE('',(#8267),#8278,.T.);
#8267 = FACE_BOUND('',#8268,.T.);
#8268 = EDGE_LOOP('',(#8269,#8270,#8271,#8277));
#8269 = ORIENTED_EDGE('',*,*,#8238,.T.);
#8270 = ORIENTED_EDGE('',*,*,#7251,.T.);
#8271 = ORIENTED_EDGE('',*,*,#8272,.F.);
#8272 = EDGE_CURVE('',#3256,#7244,#8273,.T.);
#8273 = LINE('',#8274,#8275);
#8274 = CARTESIAN_POINT('',(107.50872,-61.296579,0.));
#8275 = VECTOR('',#8276,1.);
#8276 = DIRECTION('',(0.,0.,1.));
#8277 = ORIENTED_EDGE('',*,*,#3263,.F.);
#8278 = PLANE('',#8279);
#8279 = AXIS2_PLACEMENT_3D('',#8280,#8281,#8282);
#8280 = CARTESIAN_POINT('',(106.483367,-60.742475,0.));
#8281 = DIRECTION('',(0.475423498076,0.879757067307,-0.));
#8282 = DIRECTION('',(0.879757067307,-0.475423498076,0.));
#8283 = ADVANCED_FACE('',(#8284),#8295,.T.);
#8284 = FACE_BOUND('',#8285,.T.);
#8285 = EDGE_LOOP('',(#8286,#8292,#8293,#8294));
#8286 = ORIENTED_EDGE('',*,*,#8287,.T.);
#8287 = EDGE_CURVE('',#184,#4172,#8288,.T.);
#8288 = LINE('',#8289,#8290);
#8289 = CARTESIAN_POINT('',(100.062312,-60.236997,0.));
#8290 = VECTOR('',#8291,1.);
#8291 = DIRECTION('',(0.,0.,1.));
#8292 = ORIENTED_EDGE('',*,*,#4171,.T.);
#8293 = ORIENTED_EDGE('',*,*,#8253,.F.);
#8294 = ORIENTED_EDGE('',*,*,#183,.F.);
#8295 = PLANE('',#8296);
#8296 = AXIS2_PLACEMENT_3D('',#8297,#8298,#8299);
#8297 = CARTESIAN_POINT('',(100.062312,-60.236997,0.));
#8298 = DIRECTION('',(-0.556955183832,0.830542547497,0.));
#8299 = DIRECTION('',(0.830542547497,0.556955183832,0.));
#8300 = ADVANCED_FACE('',(#8301),#8312,.T.);
#8301 = FACE_BOUND('',#8302,.T.);
#8302 = EDGE_LOOP('',(#8303,#8304,#8305,#8311));
#8303 = ORIENTED_EDGE('',*,*,#8272,.T.);
#8304 = ORIENTED_EDGE('',*,*,#7243,.T.);
#8305 = ORIENTED_EDGE('',*,*,#8306,.F.);
#8306 = EDGE_CURVE('',#3248,#7236,#8307,.T.);
#8307 = LINE('',#8308,#8309);
#8308 = CARTESIAN_POINT('',(108.570409,-61.914565,0.));
#8309 = VECTOR('',#8310,1.);
#8310 = DIRECTION('',(0.,0.,1.));
#8311 = ORIENTED_EDGE('',*,*,#3255,.F.);
#8312 = PLANE('',#8313);
#8313 = AXIS2_PLACEMENT_3D('',#8314,#8315,#8316);
#8314 = CARTESIAN_POINT('',(107.50872,-61.296579,0.));
#8315 = DIRECTION('',(0.503061443923,0.864250648619,-0.));
#8316 = DIRECTION('',(0.864250648619,-0.503061443923,0.));
#8317 = ADVANCED_FACE('',(#8318),#8329,.T.);
#8318 = FACE_BOUND('',#8319,.T.);
#8319 = EDGE_LOOP('',(#8320,#8326,#8327,#8328));
#8320 = ORIENTED_EDGE('',*,*,#8321,.T.);
#8321 = EDGE_CURVE('',#192,#4180,#8322,.T.);
#8322 = LINE('',#8323,#8324);
#8323 = CARTESIAN_POINT('',(99.634212,-60.538996,0.));
#8324 = VECTOR('',#8325,1.);
#8325 = DIRECTION('',(0.,0.,1.));
#8326 = ORIENTED_EDGE('',*,*,#4179,.T.);
#8327 = ORIENTED_EDGE('',*,*,#8287,.F.);
#8328 = ORIENTED_EDGE('',*,*,#191,.F.);
#8329 = PLANE('',#8330);
#8330 = AXIS2_PLACEMENT_3D('',#8331,#8332,#8333);
#8331 = CARTESIAN_POINT('',(99.634212,-60.538996,0.));
#8332 = DIRECTION('',(-0.576442091888,0.817138002237,0.));
#8333 = DIRECTION('',(0.817138002237,0.576442091888,0.));
#8334 = ADVANCED_FACE('',(#8335),#8346,.T.);
#8335 = FACE_BOUND('',#8336,.T.);
#8336 = EDGE_LOOP('',(#8337,#8338,#8339,#8345));
#8337 = ORIENTED_EDGE('',*,*,#8306,.T.);
#8338 = ORIENTED_EDGE('',*,*,#7235,.T.);
#8339 = ORIENTED_EDGE('',*,*,#8340,.F.);
#8340 = EDGE_CURVE('',#3240,#7228,#8341,.T.);
#8341 = LINE('',#8342,#8343);
#8342 = CARTESIAN_POINT('',(109.66219,-62.595304,0.));
#8343 = VECTOR('',#8344,1.);
#8344 = DIRECTION('',(0.,0.,1.));
#8345 = ORIENTED_EDGE('',*,*,#3247,.F.);
#8346 = PLANE('',#8347);
#8347 = AXIS2_PLACEMENT_3D('',#8348,#8349,#8350);
#8348 = CARTESIAN_POINT('',(108.570409,-61.914565,0.));
#8349 = DIRECTION('',(0.529090901356,0.848565152538,-0.));
#8350 = DIRECTION('',(0.848565152538,-0.529090901356,0.));
#8351 = ADVANCED_FACE('',(#8352),#8363,.T.);
#8352 = FACE_BOUND('',#8353,.T.);
#8353 = EDGE_LOOP('',(#8354,#8360,#8361,#8362));
#8354 = ORIENTED_EDGE('',*,*,#8355,.T.);
#8355 = EDGE_CURVE('',#200,#4188,#8356,.T.);
#8356 = LINE('',#8357,#8358);
#8357 = CARTESIAN_POINT('',(99.174156,-60.880746,0.));
#8358 = VECTOR('',#8359,1.);
#8359 = DIRECTION('',(0.,0.,1.));
#8360 = ORIENTED_EDGE('',*,*,#4187,.T.);
#8361 = ORIENTED_EDGE('',*,*,#8321,.F.);
#8362 = ORIENTED_EDGE('',*,*,#199,.F.);
#8363 = PLANE('',#8364);
#8364 = AXIS2_PLACEMENT_3D('',#8365,#8366,#8367);
#8365 = CARTESIAN_POINT('',(99.174156,-60.880746,0.));
#8366 = DIRECTION('',(-0.596317383388,0.802748764103,0.));
#8367 = DIRECTION('',(0.802748764103,0.596317383388,0.));
#8368 = ADVANCED_FACE('',(#8369),#8380,.T.);
#8369 = FACE_BOUND('',#8370,.T.);
#8370 = EDGE_LOOP('',(#8371,#8372,#8373,#8379));
#8371 = ORIENTED_EDGE('',*,*,#8340,.T.);
#8372 = ORIENTED_EDGE('',*,*,#7227,.T.);
#8373 = ORIENTED_EDGE('',*,*,#8374,.F.);
#8374 = EDGE_CURVE('',#3232,#7220,#8375,.T.);
#8375 = LINE('',#8376,#8377);
#8376 = CARTESIAN_POINT('',(110.779201,-63.338013,0.));
#8377 = VECTOR('',#8378,1.);
#8378 = DIRECTION('',(0.,0.,1.));
#8379 = ORIENTED_EDGE('',*,*,#3239,.F.);
#8380 = PLANE('',#8381);
#8381 = AXIS2_PLACEMENT_3D('',#8382,#8383,#8384);
#8382 = CARTESIAN_POINT('',(109.66219,-62.595304,0.));
#8383 = DIRECTION('',(0.553685624659,0.832725782623,-0.));
#8384 = DIRECTION('',(0.832725782623,-0.553685624659,0.));
#8385 = ADVANCED_FACE('',(#8386),#8397,.T.);
#8386 = FACE_BOUND('',#8387,.T.);
#8387 = EDGE_LOOP('',(#8388,#8394,#8395,#8396));
#8388 = ORIENTED_EDGE('',*,*,#8389,.T.);
#8389 = EDGE_CURVE('',#208,#4196,#8390,.T.);
#8390 = LINE('',#8391,#8392);
#8391 = CARTESIAN_POINT('',(98.684011,-61.264396,0.));
#8392 = VECTOR('',#8393,1.);
#8393 = DIRECTION('',(0.,0.,1.));
#8394 = ORIENTED_EDGE('',*,*,#4195,.T.);
#8395 = ORIENTED_EDGE('',*,*,#8355,.F.);
#8396 = ORIENTED_EDGE('',*,*,#207,.F.);
#8397 = PLANE('',#8398);
#8398 = AXIS2_PLACEMENT_3D('',#8399,#8400,#8401);
#8399 = CARTESIAN_POINT('',(98.684011,-61.264396,0.));
#8400 = DIRECTION('',(-0.616366307988,0.787459569995,0.));
#8401 = DIRECTION('',(0.787459569995,0.616366307988,0.));
#8402 = ADVANCED_FACE('',(#8403),#8414,.T.);
#8403 = FACE_BOUND('',#8404,.T.);
#8404 = EDGE_LOOP('',(#8405,#8406,#8407,#8413));
#8405 = ORIENTED_EDGE('',*,*,#8374,.T.);
#8406 = ORIENTED_EDGE('',*,*,#7219,.T.);
#8407 = ORIENTED_EDGE('',*,*,#8408,.F.);
#8408 = EDGE_CURVE('',#3224,#7212,#8409,.T.);
#8409 = LINE('',#8410,#8411);
#8410 = CARTESIAN_POINT('',(111.917547,-64.142163,0.));
#8411 = VECTOR('',#8412,1.);
#8412 = DIRECTION('',(0.,0.,1.));
#8413 = ORIENTED_EDGE('',*,*,#3231,.F.);
#8414 = PLANE('',#8415);
#8415 = AXIS2_PLACEMENT_3D('',#8416,#8417,#8418);
#8416 = CARTESIAN_POINT('',(110.779201,-63.338013,0.));
#8417 = DIRECTION('',(0.576976068762,0.816761052007,-0.));
#8418 = DIRECTION('',(0.816761052007,-0.576976068762,0.));
#8419 = ADVANCED_FACE('',(#8420),#8431,.T.);
#8420 = FACE_BOUND('',#8421,.T.);
#8421 = EDGE_LOOP('',(#8422,#8428,#8429,#8430));
#8422 = ORIENTED_EDGE('',*,*,#8423,.T.);
#8423 = EDGE_CURVE('',#216,#4204,#8424,.T.);
#8424 = LINE('',#8425,#8426);
#8425 = CARTESIAN_POINT('',(98.165644,-61.692098,0.));
#8426 = VECTOR('',#8427,1.);
#8427 = DIRECTION('',(0.,0.,1.));
#8428 = ORIENTED_EDGE('',*,*,#4203,.T.);
#8429 = ORIENTED_EDGE('',*,*,#8389,.F.);
#8430 = ORIENTED_EDGE('',*,*,#215,.F.);
#8431 = PLANE('',#8432);
#8432 = AXIS2_PLACEMENT_3D('',#8433,#8434,#8435);
#8433 = CARTESIAN_POINT('',(98.165644,-61.692098,0.));
#8434 = DIRECTION('',(-0.63642653726,0.771337320938,0.));
#8435 = DIRECTION('',(0.771337320938,0.63642653726,0.));
#8436 = ADVANCED_FACE('',(#8437),#8448,.T.);
#8437 = FACE_BOUND('',#8438,.T.);
#8438 = EDGE_LOOP('',(#8439,#8440,#8441,#8447));
#8439 = ORIENTED_EDGE('',*,*,#8408,.T.);
#8440 = ORIENTED_EDGE('',*,*,#7211,.T.);
#8441 = ORIENTED_EDGE('',*,*,#8442,.F.);
#8442 = EDGE_CURVE('',#3216,#7204,#8443,.T.);
#8443 = LINE('',#8444,#8445);
#8444 = CARTESIAN_POINT('',(113.074033,-65.007426,0.));
#8445 = VECTOR('',#8446,1.);
#8446 = DIRECTION('',(0.,0.,1.));
#8447 = ORIENTED_EDGE('',*,*,#3223,.F.);
#8448 = PLANE('',#8449);
#8449 = AXIS2_PLACEMENT_3D('',#8450,#8451,#8452);
#8450 = CARTESIAN_POINT('',(111.917547,-64.142163,0.));
#8451 = DIRECTION('',(0.599068404941,0.800697849505,-0.));
#8452 = DIRECTION('',(0.800697849505,-0.599068404941,0.));
#8453 = ADVANCED_FACE('',(#8454),#8465,.T.);
#8454 = FACE_BOUND('',#8455,.T.);
#8455 = EDGE_LOOP('',(#8456,#8462,#8463,#8464));
#8456 = ORIENTED_EDGE('',*,*,#8457,.T.);
#8457 = EDGE_CURVE('',#224,#4212,#8458,.T.);
#8458 = LINE('',#8459,#8460);
#8459 = CARTESIAN_POINT('',(97.620922,-62.166003,0.));
#8460 = VECTOR('',#8461,1.);
#8461 = DIRECTION('',(0.,0.,1.));
#8462 = ORIENTED_EDGE('',*,*,#4211,.T.);
#8463 = ORIENTED_EDGE('',*,*,#8423,.F.);
#8464 = ORIENTED_EDGE('',*,*,#223,.F.);
#8465 = PLANE('',#8466);
#8466 = AXIS2_PLACEMENT_3D('',#8467,#8468,#8469);
#8467 = CARTESIAN_POINT('',(97.620922,-62.166003,0.));
#8468 = DIRECTION('',(-0.656363003016,0.754445232122,0.));
#8469 = DIRECTION('',(0.754445232122,0.656363003016,0.));
#8470 = ADVANCED_FACE('',(#8471),#8482,.T.);
#8471 = FACE_BOUND('',#8472,.T.);
#8472 = EDGE_LOOP('',(#8473,#8474,#8475,#8481));
#8473 = ORIENTED_EDGE('',*,*,#8442,.T.);
#8474 = ORIENTED_EDGE('',*,*,#7203,.T.);
#8475 = ORIENTED_EDGE('',*,*,#8476,.F.);
#8476 = EDGE_CURVE('',#3208,#7196,#8477,.T.);
#8477 = LINE('',#8478,#8479);
#8478 = CARTESIAN_POINT('',(114.245986,-65.933634,0.));
#8479 = VECTOR('',#8480,1.);
#8480 = DIRECTION('',(0.,0.,1.));
#8481 = ORIENTED_EDGE('',*,*,#3215,.F.);
#8482 = PLANE('',#8483);
#8483 = AXIS2_PLACEMENT_3D('',#8484,#8485,#8486);
#8484 = CARTESIAN_POINT('',(113.074033,-65.007426,0.));
#8485 = DIRECTION('',(0.620049169152,0.784562953391,-0.));
#8486 = DIRECTION('',(0.784562953391,-0.620049169152,0.));
#8487 = ADVANCED_FACE('',(#8488),#8499,.T.);
#8488 = FACE_BOUND('',#8489,.T.);
#8489 = EDGE_LOOP('',(#8490,#8496,#8497,#8498));
#8490 = ORIENTED_EDGE('',*,*,#8491,.T.);
#8491 = EDGE_CURVE('',#232,#4220,#8492,.T.);
#8492 = LINE('',#8493,#8494);
#8493 = CARTESIAN_POINT('',(97.051712,-62.688262,0.));
#8494 = VECTOR('',#8495,1.);
#8495 = DIRECTION('',(0.,0.,1.));
#8496 = ORIENTED_EDGE('',*,*,#4219,.T.);
#8497 = ORIENTED_EDGE('',*,*,#8457,.F.);
#8498 = ORIENTED_EDGE('',*,*,#231,.F.);
#8499 = PLANE('',#8500);
#8500 = AXIS2_PLACEMENT_3D('',#8501,#8502,#8503);
#8501 = CARTESIAN_POINT('',(97.051712,-62.688262,0.));
#8502 = DIRECTION('',(-0.676064428969,0.736842512266,0.));
#8503 = DIRECTION('',(0.736842512266,0.676064428969,0.));
#8504 = ADVANCED_FACE('',(#8505),#8516,.T.);
#8505 = FACE_BOUND('',#8506,.T.);
#8506 = EDGE_LOOP('',(#8507,#8508,#8509,#8515));
#8507 = ORIENTED_EDGE('',*,*,#8476,.T.);
#8508 = ORIENTED_EDGE('',*,*,#7195,.T.);
#8509 = ORIENTED_EDGE('',*,*,#8510,.F.);
#8510 = EDGE_CURVE('',#3200,#7188,#8511,.T.);
#8511 = LINE('',#8512,#8513);
#8512 = CARTESIAN_POINT('',(115.43113,-66.920749,0.));
#8513 = VECTOR('',#8514,1.);
#8514 = DIRECTION('',(0.,0.,1.));
#8515 = ORIENTED_EDGE('',*,*,#3207,.F.);
#8516 = PLANE('',#8517);
#8517 = AXIS2_PLACEMENT_3D('',#8518,#8519,#8520);
#8518 = CARTESIAN_POINT('',(114.245986,-65.933634,0.));
#8519 = DIRECTION('',(0.639991151323,0.768382278705,-0.));
#8520 = DIRECTION('',(0.768382278705,-0.639991151323,0.));
#8521 = ADVANCED_FACE('',(#8522),#8533,.T.);
#8522 = FACE_BOUND('',#8523,.T.);
#8523 = EDGE_LOOP('',(#8524,#8530,#8531,#8532));
#8524 = ORIENTED_EDGE('',*,*,#8525,.T.);
#8525 = EDGE_CURVE('',#240,#4228,#8526,.T.);
#8526 = LINE('',#8527,#8528);
#8527 = CARTESIAN_POINT('',(96.459881,-63.261025,0.));
#8528 = VECTOR('',#8529,1.);
#8529 = DIRECTION('',(0.,0.,1.));
#8530 = ORIENTED_EDGE('',*,*,#4227,.T.);
#8531 = ORIENTED_EDGE('',*,*,#8491,.F.);
#8532 = ORIENTED_EDGE('',*,*,#239,.F.);
#8533 = PLANE('',#8534);
#8534 = AXIS2_PLACEMENT_3D('',#8535,#8536,#8537);
#8535 = CARTESIAN_POINT('',(96.459881,-63.261025,0.));
#8536 = DIRECTION('',(-0.695436050351,0.718587990348,0.));
#8537 = DIRECTION('',(0.718587990348,0.695436050351,0.));
#8538 = ADVANCED_FACE('',(#8539),#8550,.T.);
#8539 = FACE_BOUND('',#8540,.T.);
#8540 = EDGE_LOOP('',(#8541,#8542,#8543,#8549));
#8541 = ORIENTED_EDGE('',*,*,#8510,.T.);
#8542 = ORIENTED_EDGE('',*,*,#7187,.T.);
#8543 = ORIENTED_EDGE('',*,*,#8544,.F.);
#8544 = EDGE_CURVE('',#3192,#7180,#8545,.T.);
#8545 = LINE('',#8546,#8547);
#8546 = CARTESIAN_POINT('',(116.627501,-67.968842,0.));
#8547 = VECTOR('',#8548,1.);
#8548 = DIRECTION('',(0.,0.,1.));
#8549 = ORIENTED_EDGE('',*,*,#3199,.F.);
#8550 = PLANE('',#8551);
#8551 = AXIS2_PLACEMENT_3D('',#8552,#8553,#8554);
#8552 = CARTESIAN_POINT('',(115.43113,-66.920749,0.));
#8553 = DIRECTION('',(0.658956143316,0.752181361897,-0.));
#8554 = DIRECTION('',(0.752181361897,-0.658956143316,0.));
#8555 = ADVANCED_FACE('',(#8556),#8567,.T.);
#8556 = FACE_BOUND('',#8557,.T.);
#8557 = EDGE_LOOP('',(#8558,#8564,#8565,#8566));
#8558 = ORIENTED_EDGE('',*,*,#8559,.T.);
#8559 = EDGE_CURVE('',#248,#4236,#8560,.T.);
#8560 = LINE('',#8561,#8562);
#8561 = CARTESIAN_POINT('',(95.847295,-63.886444,0.));
#8562 = VECTOR('',#8563,1.);
#8563 = DIRECTION('',(0.,0.,1.));
#8564 = ORIENTED_EDGE('',*,*,#4235,.T.);
#8565 = ORIENTED_EDGE('',*,*,#8525,.F.);
#8566 = ORIENTED_EDGE('',*,*,#247,.F.);
#8567 = PLANE('',#8568);
#8568 = AXIS2_PLACEMENT_3D('',#8569,#8570,#8571);
#8569 = CARTESIAN_POINT('',(95.847295,-63.886444,0.));
#8570 = DIRECTION('',(-0.714398178323,0.699739410645,0.));
#8571 = DIRECTION('',(0.699739410645,0.714398178323,0.));
#8572 = ADVANCED_FACE('',(#8573),#8584,.T.);
#8573 = FACE_BOUND('',#8574,.T.);
#8574 = EDGE_LOOP('',(#8575,#8576,#8577,#8583));
#8575 = ORIENTED_EDGE('',*,*,#8544,.T.);
#8576 = ORIENTED_EDGE('',*,*,#7179,.T.);
#8577 = ORIENTED_EDGE('',*,*,#8578,.F.);
#8578 = EDGE_CURVE('',#3184,#7172,#8579,.T.);
#8579 = LINE('',#8580,#8581);
#8580 = CARTESIAN_POINT('',(117.833375,-69.078078,0.));
#8581 = VECTOR('',#8582,1.);
#8582 = DIRECTION('',(0.,0.,1.));
#8583 = ORIENTED_EDGE('',*,*,#3191,.F.);
#8584 = PLANE('',#8585);
#8585 = AXIS2_PLACEMENT_3D('',#8586,#8587,#8588);
#8586 = CARTESIAN_POINT('',(116.627501,-67.968842,0.));
#8587 = DIRECTION('',(0.677000969743,0.735982124081,-0.));
#8588 = DIRECTION('',(0.735982124081,-0.677000969743,0.));
#8589 = ADVANCED_FACE('',(#8590),#8601,.T.);
#8590 = FACE_BOUND('',#8591,.T.);
#8591 = EDGE_LOOP('',(#8592,#8598,#8599,#8600));
#8592 = ORIENTED_EDGE('',*,*,#8593,.T.);
#8593 = EDGE_CURVE('',#256,#4244,#8594,.T.);
#8594 = LINE('',#8595,#8596);
#8595 = CARTESIAN_POINT('',(95.215821,-64.566669,0.));
#8596 = VECTOR('',#8597,1.);
#8597 = DIRECTION('',(0.,0.,1.));
#8598 = ORIENTED_EDGE('',*,*,#4243,.T.);
#8599 = ORIENTED_EDGE('',*,*,#8559,.F.);
#8600 = ORIENTED_EDGE('',*,*,#255,.F.);
#8601 = PLANE('',#8602);
#8602 = AXIS2_PLACEMENT_3D('',#8603,#8604,#8605);
#8603 = CARTESIAN_POINT('',(95.215821,-64.566669,0.));
#8604 = DIRECTION('',(-0.732881322491,0.680356500038,0.));
#8605 = DIRECTION('',(0.680356500038,0.732881322491,0.));
#8606 = ADVANCED_FACE('',(#8607),#8618,.T.);
#8607 = FACE_BOUND('',#8608,.T.);
#8608 = EDGE_LOOP('',(#8609,#8610,#8611,#8617));
#8609 = ORIENTED_EDGE('',*,*,#8578,.T.);
#8610 = ORIENTED_EDGE('',*,*,#7171,.T.);
#8611 = ORIENTED_EDGE('',*,*,#8612,.F.);
#8612 = EDGE_CURVE('',#3176,#7164,#8613,.T.);
#8613 = LINE('',#8614,#8615);
#8614 = CARTESIAN_POINT('',(119.047228,-70.248702,0.));
#8615 = VECTOR('',#8616,1.);
#8616 = DIRECTION('',(0.,0.,1.));
#8617 = ORIENTED_EDGE('',*,*,#3183,.F.);
#8618 = PLANE('',#8619);
#8619 = AXIS2_PLACEMENT_3D('',#8620,#8621,#8622);
#8620 = CARTESIAN_POINT('',(117.833375,-69.078078,0.));
#8621 = DIRECTION('',(0.694173331567,0.719807881133,-0.));
#8622 = DIRECTION('',(0.719807881133,-0.694173331567,0.));
#8623 = ADVANCED_FACE('',(#8624),#8635,.T.);
#8624 = FACE_BOUND('',#8625,.T.);
#8625 = EDGE_LOOP('',(#8626,#8632,#8633,#8634));
#8626 = ORIENTED_EDGE('',*,*,#8627,.T.);
#8627 = EDGE_CURVE('',#264,#4252,#8628,.T.);
#8628 = LINE('',#8629,#8630);
#8629 = CARTESIAN_POINT('',(94.567327,-65.30385,0.));
#8630 = VECTOR('',#8631,1.);
#8631 = DIRECTION('',(0.,0.,1.));
#8632 = ORIENTED_EDGE('',*,*,#4251,.T.);
#8633 = ORIENTED_EDGE('',*,*,#8593,.F.);
#8634 = ORIENTED_EDGE('',*,*,#263,.F.);
#8635 = PLANE('',#8636);
#8636 = AXIS2_PLACEMENT_3D('',#8637,#8638,#8639);
#8637 = CARTESIAN_POINT('',(94.567327,-65.30385,0.));
#8638 = DIRECTION('',(-0.750827299875,0.660498573627,0.));
#8639 = DIRECTION('',(0.660498573627,0.750827299875,0.));
#8640 = ADVANCED_FACE('',(#8641),#8652,.T.);
#8641 = FACE_BOUND('',#8642,.T.);
#8642 = EDGE_LOOP('',(#8643,#8644,#8645,#8651));
#8643 = ORIENTED_EDGE('',*,*,#8612,.T.);
#8644 = ORIENTED_EDGE('',*,*,#7163,.T.);
#8645 = ORIENTED_EDGE('',*,*,#8646,.F.);
#8646 = EDGE_CURVE('',#3168,#7156,#8647,.T.);
#8647 = LINE('',#8648,#8649);
#8648 = CARTESIAN_POINT('',(120.267691,-71.48103,0.));
#8649 = VECTOR('',#8650,1.);
#8650 = DIRECTION('',(0.,0.,1.));
#8651 = ORIENTED_EDGE('',*,*,#3175,.F.);
#8652 = PLANE('',#8653);
#8653 = AXIS2_PLACEMENT_3D('',#8654,#8655,#8656);
#8654 = CARTESIAN_POINT('',(119.047228,-70.248702,0.));
#8655 = DIRECTION('',(0.710518988716,0.703678027705,-0.));
#8656 = DIRECTION('',(0.703678027705,-0.710518988716,0.));
#8657 = ADVANCED_FACE('',(#8658),#8669,.T.);
#8658 = FACE_BOUND('',#8659,.T.);
#8659 = EDGE_LOOP('',(#8660,#8666,#8667,#8668));
#8660 = ORIENTED_EDGE('',*,*,#8661,.T.);
#8661 = EDGE_CURVE('',#272,#4260,#8662,.T.);
#8662 = LINE('',#8663,#8664);
#8663 = CARTESIAN_POINT('',(93.903679,-66.10014,0.));
#8664 = VECTOR('',#8665,1.);
#8665 = DIRECTION('',(0.,0.,1.));
#8666 = ORIENTED_EDGE('',*,*,#4259,.T.);
#8667 = ORIENTED_EDGE('',*,*,#8627,.F.);
#8668 = ORIENTED_EDGE('',*,*,#271,.F.);
#8669 = PLANE('',#8670);
#8670 = AXIS2_PLACEMENT_3D('',#8671,#8672,#8673);
#8671 = CARTESIAN_POINT('',(93.903679,-66.10014,0.));
#8672 = DIRECTION('',(-0.768186643906,0.640225960209,0.));
#8673 = DIRECTION('',(0.640225960209,0.768186643906,0.));
#8674 = ADVANCED_FACE('',(#8675),#8686,.T.);
#8675 = FACE_BOUND('',#8676,.T.);
#8676 = EDGE_LOOP('',(#8677,#8678,#8679,#8685));
#8677 = ORIENTED_EDGE('',*,*,#8646,.T.);
#8678 = ORIENTED_EDGE('',*,*,#7155,.T.);
#8679 = ORIENTED_EDGE('',*,*,#8680,.F.);
#8680 = EDGE_CURVE('',#3160,#7148,#8681,.T.);
#8681 = LINE('',#8682,#8683);
#8682 = CARTESIAN_POINT('',(121.493525,-72.775438,0.));
#8683 = VECTOR('',#8684,1.);
#8684 = DIRECTION('',(0.,0.,1.));
#8685 = ORIENTED_EDGE('',*,*,#3167,.F.);
#8686 = PLANE('',#8687);
#8687 = AXIS2_PLACEMENT_3D('',#8688,#8689,#8690);
#8688 = CARTESIAN_POINT('',(120.267691,-71.48103,0.));
#8689 = DIRECTION('',(0.726077931375,0.687612418132,-0.));
#8690 = DIRECTION('',(0.687612418132,-0.726077931375,0.));
#8691 = ADVANCED_FACE('',(#8692),#8703,.T.);
#8692 = FACE_BOUND('',#8693,.T.);
#8693 = EDGE_LOOP('',(#8694,#8700,#8701,#8702));
#8694 = ORIENTED_EDGE('',*,*,#8695,.T.);
#8695 = EDGE_CURVE('',#280,#4268,#8696,.T.);
#8696 = LINE('',#8697,#8698);
#8697 = CARTESIAN_POINT('',(93.226744,-66.957688,0.));
#8698 = VECTOR('',#8699,1.);
#8699 = DIRECTION('',(0.,0.,1.));
#8700 = ORIENTED_EDGE('',*,*,#4267,.T.);
#8701 = ORIENTED_EDGE('',*,*,#8661,.F.);
#8702 = ORIENTED_EDGE('',*,*,#279,.F.);
#8703 = PLANE('',#8704);
#8704 = AXIS2_PLACEMENT_3D('',#8705,#8706,#8707);
#8705 = CARTESIAN_POINT('',(93.226744,-66.957688,0.));
#8706 = DIRECTION('',(-0.784916853942,0.619601107487,0.));
#8707 = DIRECTION('',(0.619601107487,0.784916853942,0.));
#8708 = ADVANCED_FACE('',(#8709),#8720,.T.);
#8709 = FACE_BOUND('',#8710,.T.);
#8710 = EDGE_LOOP('',(#8711,#8712,#8713,#8719));
#8711 = ORIENTED_EDGE('',*,*,#8680,.T.);
#8712 = ORIENTED_EDGE('',*,*,#7147,.T.);
#8713 = ORIENTED_EDGE('',*,*,#8714,.F.);
#8714 = EDGE_CURVE('',#3152,#7140,#8715,.T.);
#8715 = LINE('',#8716,#8717);
#8716 = CARTESIAN_POINT('',(122.723598,-74.132356,0.));
#8717 = VECTOR('',#8718,1.);
#8718 = DIRECTION('',(0.,0.,1.));
#8719 = ORIENTED_EDGE('',*,*,#3159,.F.);
#8720 = PLANE('',#8721);
#8721 = AXIS2_PLACEMENT_3D('',#8722,#8723,#8724);
#8722 = CARTESIAN_POINT('',(121.493525,-72.775438,0.));
#8723 = DIRECTION('',(0.74088748913,0.671629159917,-0.));
#8724 = DIRECTION('',(0.671629159917,-0.74088748913,0.));
#8725 = ADVANCED_FACE('',(#8726),#8737,.T.);
#8726 = FACE_BOUND('',#8727,.T.);
#8727 = EDGE_LOOP('',(#8728,#8734,#8735,#8736));
#8728 = ORIENTED_EDGE('',*,*,#8729,.T.);
#8729 = EDGE_CURVE('',#288,#4276,#8730,.T.);
#8730 = LINE('',#8731,#8732);
#8731 = CARTESIAN_POINT('',(92.538389,-67.878646,0.));
#8732 = VECTOR('',#8733,1.);
#8733 = DIRECTION('',(0.,0.,1.));
#8734 = ORIENTED_EDGE('',*,*,#4275,.T.);
#8735 = ORIENTED_EDGE('',*,*,#8695,.F.);
#8736 = ORIENTED_EDGE('',*,*,#287,.F.);
#8737 = PLANE('',#8738);
#8738 = AXIS2_PLACEMENT_3D('',#8739,#8740,#8741);
#8739 = CARTESIAN_POINT('',(92.538389,-67.878646,0.));
#8740 = DIRECTION('',(-0.800985610551,0.598683598982,0.));
#8741 = DIRECTION('',(0.598683598982,0.800985610551,0.));
#8742 = ADVANCED_FACE('',(#8743),#8754,.T.);
#8743 = FACE_BOUND('',#8744,.T.);
#8744 = EDGE_LOOP('',(#8745,#8746,#8747,#8753));
#8745 = ORIENTED_EDGE('',*,*,#8714,.T.);
#8746 = ORIENTED_EDGE('',*,*,#7139,.T.);
#8747 = ORIENTED_EDGE('',*,*,#8748,.F.);
#8748 = EDGE_CURVE('',#3144,#7132,#8749,.T.);
#8749 = LINE('',#8750,#8751);
#8750 = CARTESIAN_POINT('',(123.956864,-75.552264,0.));
#8751 = VECTOR('',#8752,1.);
#8752 = DIRECTION('',(0.,0.,1.));
#8753 = ORIENTED_EDGE('',*,*,#3151,.F.);
#8754 = PLANE('',#8755);
#8755 = AXIS2_PLACEMENT_3D('',#8756,#8757,#8758);
#8756 = CARTESIAN_POINT('',(122.723598,-74.132356,0.));
#8757 = DIRECTION('',(0.754983628513,0.655743639448,-0.));
#8758 = DIRECTION('',(0.655743639448,-0.754983628513,0.));
#8759 = ADVANCED_FACE('',(#8760),#8771,.T.);
#8760 = FACE_BOUND('',#8761,.T.);
#8761 = EDGE_LOOP('',(#8762,#8768,#8769,#8770));
#8762 = ORIENTED_EDGE('',*,*,#8763,.T.);
#8763 = EDGE_CURVE('',#296,#4284,#8764,.T.);
#8764 = LINE('',#8765,#8766);
#8765 = CARTESIAN_POINT('',(91.840481,-68.865164,0.));
#8766 = VECTOR('',#8767,1.);
#8767 = DIRECTION('',(0.,0.,1.));
#8768 = ORIENTED_EDGE('',*,*,#4283,.T.);
#8769 = ORIENTED_EDGE('',*,*,#8729,.F.);
#8770 = ORIENTED_EDGE('',*,*,#295,.F.);
#8771 = PLANE('',#8772);
#8772 = AXIS2_PLACEMENT_3D('',#8773,#8774,#8775);
#8773 = CARTESIAN_POINT('',(91.840481,-68.865164,0.));
#8774 = DIRECTION('',(-0.816366098667,0.577534754752,0.));
#8775 = DIRECTION('',(0.577534754752,0.816366098667,0.));
#8776 = ADVANCED_FACE('',(#8777),#8788,.T.);
#8777 = FACE_BOUND('',#8778,.T.);
#8778 = EDGE_LOOP('',(#8779,#8780,#8781,#8787));
#8779 = ORIENTED_EDGE('',*,*,#8748,.T.);
#8780 = ORIENTED_EDGE('',*,*,#7131,.T.);
#8781 = ORIENTED_EDGE('',*,*,#8782,.F.);
#8782 = EDGE_CURVE('',#3136,#7124,#8783,.T.);
#8783 = LINE('',#8784,#8785);
#8784 = CARTESIAN_POINT('',(125.19235,-77.035687,0.));
#8785 = VECTOR('',#8786,1.);
#8786 = DIRECTION('',(0.,0.,1.));
#8787 = ORIENTED_EDGE('',*,*,#3143,.F.);
#8788 = PLANE('',#8789);
#8789 = AXIS2_PLACEMENT_3D('',#8790,#8791,#8792);
#8790 = CARTESIAN_POINT('',(123.956864,-75.552264,0.));
#8791 = DIRECTION('',(0.768399532067,0.63997043613,-0.));
#8792 = DIRECTION('',(0.63997043613,-0.768399532067,0.));
#8793 = ADVANCED_FACE('',(#8794),#8805,.T.);
#8794 = FACE_BOUND('',#8795,.T.);
#8795 = EDGE_LOOP('',(#8796,#8802,#8803,#8804));
#8796 = ORIENTED_EDGE('',*,*,#8797,.T.);
#8797 = EDGE_CURVE('',#304,#4292,#8798,.T.);
#8798 = LINE('',#8799,#8800);
#8799 = CARTESIAN_POINT('',(91.134887,-69.919394,0.));
#8800 = VECTOR('',#8801,1.);
#8801 = DIRECTION('',(0.,0.,1.));
#8802 = ORIENTED_EDGE('',*,*,#4291,.T.);
#8803 = ORIENTED_EDGE('',*,*,#8763,.F.);
#8804 = ORIENTED_EDGE('',*,*,#303,.F.);
#8805 = PLANE('',#8806);
#8806 = AXIS2_PLACEMENT_3D('',#8807,#8808,#8809);
#8807 = CARTESIAN_POINT('',(91.134887,-69.919394,0.));
#8808 = DIRECTION('',(-0.831039662517,0.556213159969,0.));
#8809 = DIRECTION('',(0.556213159969,0.831039662517,0.));
#8810 = ADVANCED_FACE('',(#8811),#8822,.T.);
#8811 = FACE_BOUND('',#8812,.T.);
#8812 = EDGE_LOOP('',(#8813,#8814,#8815,#8821));
#8813 = ORIENTED_EDGE('',*,*,#8782,.T.);
#8814 = ORIENTED_EDGE('',*,*,#7123,.T.);
#8815 = ORIENTED_EDGE('',*,*,#8816,.F.);
#8816 = EDGE_CURVE('',#3128,#7116,#8817,.T.);
#8817 = LINE('',#8818,#8819);
#8818 = CARTESIAN_POINT('',(125.617859,-76.810475,0.));
#8819 = VECTOR('',#8820,1.);
#8820 = DIRECTION('',(0.,0.,1.));
#8821 = ORIENTED_EDGE('',*,*,#3135,.F.);
#8822 = PLANE('',#8823);
#8823 = AXIS2_PLACEMENT_3D('',#8824,#8825,#8826);
#8824 = CARTESIAN_POINT('',(125.19235,-77.035687,0.));
#8825 = DIRECTION('',(-0.467794477158,0.883837274129,0.));
#8826 = DIRECTION('',(0.883837274129,0.467794477158,0.));
#8827 = ADVANCED_FACE('',(#8828),#8839,.T.);
#8828 = FACE_BOUND('',#8829,.T.);
#8829 = EDGE_LOOP('',(#8830,#8836,#8837,#8838));
#8830 = ORIENTED_EDGE('',*,*,#8831,.T.);
#8831 = EDGE_CURVE('',#312,#4300,#8832,.T.);
#8832 = LINE('',#8833,#8834);
#8833 = CARTESIAN_POINT('',(90.423474,-71.043485,0.));
#8834 = VECTOR('',#8835,1.);
#8835 = DIRECTION('',(0.,0.,1.));
#8836 = ORIENTED_EDGE('',*,*,#4299,.T.);
#8837 = ORIENTED_EDGE('',*,*,#8797,.F.);
#8838 = ORIENTED_EDGE('',*,*,#311,.F.);
#8839 = PLANE('',#8840);
#8840 = AXIS2_PLACEMENT_3D('',#8841,#8842,#8843);
#8841 = CARTESIAN_POINT('',(90.423474,-71.043485,0.));
#8842 = DIRECTION('',(-0.844992765923,0.534777734706,0.));
#8843 = DIRECTION('',(0.534777734706,0.844992765923,0.));
#8844 = ADVANCED_FACE('',(#8845),#8856,.T.);
#8845 = FACE_BOUND('',#8846,.T.);
#8846 = EDGE_LOOP('',(#8847,#8848,#8849,#8855));
#8847 = ORIENTED_EDGE('',*,*,#8816,.T.);
#8848 = ORIENTED_EDGE('',*,*,#7115,.T.);
#8849 = ORIENTED_EDGE('',*,*,#8850,.F.);
#8850 = EDGE_CURVE('',#3120,#7108,#8851,.T.);
#8851 = LINE('',#8852,#8853);
#8852 = CARTESIAN_POINT('',(126.052869,-76.593503,0.));
#8853 = VECTOR('',#8854,1.);
#8854 = DIRECTION('',(0.,0.,1.));
#8855 = ORIENTED_EDGE('',*,*,#3127,.F.);
#8856 = PLANE('',#8857);
#8857 = AXIS2_PLACEMENT_3D('',#8858,#8859,#8860);
#8858 = CARTESIAN_POINT('',(125.617859,-76.810475,0.));
#8859 = DIRECTION('',(-0.446336226864,0.894865337684,0.));
#8860 = DIRECTION('',(0.894865337684,0.446336226864,0.));
#8861 = ADVANCED_FACE('',(#8862),#8873,.T.);
#8862 = FACE_BOUND('',#8863,.T.);
#8863 = EDGE_LOOP('',(#8864,#8870,#8871,#8872));
#8864 = ORIENTED_EDGE('',*,*,#8865,.T.);
#8865 = EDGE_CURVE('',#320,#4308,#8866,.T.);
#8866 = LINE('',#8867,#8868);
#8867 = CARTESIAN_POINT('',(89.708108,-72.23959,0.));
#8868 = VECTOR('',#8869,1.);
#8869 = DIRECTION('',(0.,0.,1.));
#8870 = ORIENTED_EDGE('',*,*,#4307,.T.);
#8871 = ORIENTED_EDGE('',*,*,#8831,.F.);
#8872 = ORIENTED_EDGE('',*,*,#319,.F.);
#8873 = PLANE('',#8874);
#8874 = AXIS2_PLACEMENT_3D('',#8875,#8876,#8877);
#8875 = CARTESIAN_POINT('',(89.708108,-72.23959,0.));
#8876 = DIRECTION('',(-0.85821918295,0.513283385681,0.));
#8877 = DIRECTION('',(0.513283385681,0.85821918295,0.));
#8878 = ADVANCED_FACE('',(#8879),#8890,.T.);
#8879 = FACE_BOUND('',#8880,.T.);
#8880 = EDGE_LOOP('',(#8881,#8882,#8883,#8889));
#8881 = ORIENTED_EDGE('',*,*,#8850,.T.);
#8882 = ORIENTED_EDGE('',*,*,#7107,.T.);
#8883 = ORIENTED_EDGE('',*,*,#8884,.F.);
#8884 = EDGE_CURVE('',#3112,#7100,#8885,.T.);
#8885 = LINE('',#8886,#8887);
#8886 = CARTESIAN_POINT('',(126.496863,-76.384623,0.));
#8887 = VECTOR('',#8888,1.);
#8888 = DIRECTION('',(0.,0.,1.));
#8889 = ORIENTED_EDGE('',*,*,#3119,.F.);
#8890 = PLANE('',#8891);
#8891 = AXIS2_PLACEMENT_3D('',#8892,#8893,#8894);
#8892 = CARTESIAN_POINT('',(126.052869,-76.593503,0.));
#8893 = DIRECTION('',(-0.425699671224,0.904864514676,0.));
#8894 = DIRECTION('',(0.904864514676,0.425699671224,0.));
#8895 = ADVANCED_FACE('',(#8896),#8907,.T.);
#8896 = FACE_BOUND('',#8897,.T.);
#8897 = EDGE_LOOP('',(#8898,#8904,#8905,#8906));
#8898 = ORIENTED_EDGE('',*,*,#8899,.T.);
#8899 = EDGE_CURVE('',#328,#4316,#8900,.T.);
#8900 = LINE('',#8901,#8902);
#8901 = CARTESIAN_POINT('',(88.990657,-73.509858,0.));
#8902 = VECTOR('',#8903,1.);
#8903 = DIRECTION('',(0.,0.,1.));
#8904 = ORIENTED_EDGE('',*,*,#4315,.T.);
#8905 = ORIENTED_EDGE('',*,*,#8865,.F.);
#8906 = ORIENTED_EDGE('',*,*,#327,.F.);
#8907 = PLANE('',#8908);
#8908 = AXIS2_PLACEMENT_3D('',#8909,#8910,#8911);
#8909 = CARTESIAN_POINT('',(88.990657,-73.509858,0.));
#8910 = DIRECTION('',(-0.870717410095,0.491783683908,0.));
#8911 = DIRECTION('',(0.491783683908,0.870717410095,0.));
#8912 = ADVANCED_FACE('',(#8913),#8924,.T.);
#8913 = FACE_BOUND('',#8914,.T.);
#8914 = EDGE_LOOP('',(#8915,#8916,#8917,#8923));
#8915 = ORIENTED_EDGE('',*,*,#8884,.T.);
#8916 = ORIENTED_EDGE('',*,*,#7099,.T.);
#8917 = ORIENTED_EDGE('',*,*,#8918,.F.);
#8918 = EDGE_CURVE('',#3104,#7092,#8919,.T.);
#8919 = LINE('',#8920,#8921);
#8920 = CARTESIAN_POINT('',(126.949322,-76.183683,0.));
#8921 = VECTOR('',#8922,1.);
#8922 = DIRECTION('',(0.,0.,1.));
#8923 = ORIENTED_EDGE('',*,*,#3111,.F.);
#8924 = PLANE('',#8925);
#8925 = AXIS2_PLACEMENT_3D('',#8926,#8927,#8928);
#8926 = CARTESIAN_POINT('',(126.496863,-76.384623,0.));
#8927 = DIRECTION('',(-0.405880567857,0.913926126465,0.));
#8928 = DIRECTION('',(0.913926126465,0.405880567857,0.));
#8929 = ADVANCED_FACE('',(#8930),#8941,.T.);
#8930 = FACE_BOUND('',#8931,.T.);
#8931 = EDGE_LOOP('',(#8932,#8938,#8939,#8940));
#8932 = ORIENTED_EDGE('',*,*,#8933,.T.);
#8933 = EDGE_CURVE('',#336,#4324,#8934,.T.);
#8934 = LINE('',#8935,#8936);
#8935 = CARTESIAN_POINT('',(88.272988,-74.85644,0.));
#8936 = VECTOR('',#8937,1.);
#8937 = DIRECTION('',(0.,0.,1.));
#8938 = ORIENTED_EDGE('',*,*,#4323,.T.);
#8939 = ORIENTED_EDGE('',*,*,#8899,.F.);
#8940 = ORIENTED_EDGE('',*,*,#335,.F.);
#8941 = PLANE('',#8942);
#8942 = AXIS2_PLACEMENT_3D('',#8943,#8944,#8945);
#8943 = CARTESIAN_POINT('',(88.272988,-74.85644,0.));
#8944 = DIRECTION('',(-0.882491158357,0.470328986372,0.));
#8945 = DIRECTION('',(0.470328986372,0.882491158357,0.));
#8946 = ADVANCED_FACE('',(#8947),#8958,.T.);
#8947 = FACE_BOUND('',#8948,.T.);
#8948 = EDGE_LOOP('',(#8949,#8950,#8951,#8957));
#8949 = ORIENTED_EDGE('',*,*,#8918,.T.);
#8950 = ORIENTED_EDGE('',*,*,#7091,.T.);
#8951 = ORIENTED_EDGE('',*,*,#8952,.F.);
#8952 = EDGE_CURVE('',#3096,#7084,#8953,.T.);
#8953 = LINE('',#8954,#8955);
#8954 = CARTESIAN_POINT('',(127.877561,-75.805024,0.));
#8955 = VECTOR('',#8956,1.);
#8956 = DIRECTION('',(0.,0.,1.));
#8957 = ORIENTED_EDGE('',*,*,#3103,.F.);
#8958 = PLANE('',#8959);
#8959 = AXIS2_PLACEMENT_3D('',#8960,#8961,#8962);
#8960 = CARTESIAN_POINT('',(126.949322,-76.183683,0.));
#8961 = DIRECTION('',(-0.377713956028,0.925922333364,0.));
#8962 = DIRECTION('',(0.925922333364,0.377713956028,0.));
#8963 = ADVANCED_FACE('',(#8964),#8975,.T.);
#8964 = FACE_BOUND('',#8965,.T.);
#8965 = EDGE_LOOP('',(#8966,#8972,#8973,#8974));
#8966 = ORIENTED_EDGE('',*,*,#8967,.T.);
#8967 = EDGE_CURVE('',#344,#4332,#8968,.T.);
#8968 = LINE('',#8969,#8970);
#8969 = CARTESIAN_POINT('',(87.556966,-76.281489,0.));
#8970 = VECTOR('',#8971,1.);
#8971 = DIRECTION('',(0.,0.,1.));
#8972 = ORIENTED_EDGE('',*,*,#4331,.T.);
#8973 = ORIENTED_EDGE('',*,*,#8933,.F.);
#8974 = ORIENTED_EDGE('',*,*,#343,.F.);
#8975 = PLANE('',#8976);
#8976 = AXIS2_PLACEMENT_3D('',#8977,#8978,#8979);
#8977 = CARTESIAN_POINT('',(87.556966,-76.281489,0.));
#8978 = DIRECTION('',(-0.893548255576,0.448967164676,0.));
#8979 = DIRECTION('',(0.448967164676,0.893548255576,0.));
#8980 = ADVANCED_FACE('',(#8981),#8992,.T.);
#8981 = FACE_BOUND('',#8982,.T.);
#8982 = EDGE_LOOP('',(#8983,#8984,#8985,#8991));
#8983 = ORIENTED_EDGE('',*,*,#8952,.T.);
#8984 = ORIENTED_EDGE('',*,*,#7083,.T.);
#8985 = ORIENTED_EDGE('',*,*,#8986,.F.);
#8986 = EDGE_CURVE('',#3088,#7076,#8987,.T.);
#8987 = LINE('',#8988,#8989);
#8988 = CARTESIAN_POINT('',(128.833437,-75.456325,0.));
#8989 = VECTOR('',#8990,1.);
#8990 = DIRECTION('',(0.,0.,1.));
#8991 = ORIENTED_EDGE('',*,*,#3095,.F.);
#8992 = PLANE('',#8993);
#8993 = AXIS2_PLACEMENT_3D('',#8994,#8995,#8996);
#8994 = CARTESIAN_POINT('',(127.877561,-75.805024,0.));
#8995 = DIRECTION('',(-0.342704422674,0.939443281247,0.));
#8996 = DIRECTION('',(0.939443281247,0.342704422674,0.));
#8997 = ADVANCED_FACE('',(#8998),#9009,.T.);
#8998 = FACE_BOUND('',#8999,.T.);
#8999 = EDGE_LOOP('',(#9000,#9006,#9007,#9008));
#9000 = ORIENTED_EDGE('',*,*,#9001,.T.);
#9001 = EDGE_CURVE('',#352,#4340,#9002,.T.);
#9002 = LINE('',#9003,#9004);
#9003 = CARTESIAN_POINT('',(86.84446,-77.787153,0.));
#9004 = VECTOR('',#9005,1.);
#9005 = DIRECTION('',(0.,0.,1.));
#9006 = ORIENTED_EDGE('',*,*,#4339,.T.);
#9007 = ORIENTED_EDGE('',*,*,#8967,.F.);
#9008 = ORIENTED_EDGE('',*,*,#351,.F.);
#9009 = PLANE('',#9010);
#9010 = AXIS2_PLACEMENT_3D('',#9011,#9012,#9013);
#9011 = CARTESIAN_POINT('',(86.84446,-77.787153,0.));
#9012 = DIRECTION('',(-0.903901110104,0.427741491034,0.));
#9013 = DIRECTION('',(0.427741491034,0.903901110104,0.));
#9014 = ADVANCED_FACE('',(#9015),#9026,.T.);
#9015 = FACE_BOUND('',#9016,.T.);
#9016 = EDGE_LOOP('',(#9017,#9018,#9019,#9025));
#9017 = ORIENTED_EDGE('',*,*,#8986,.T.);
#9018 = ORIENTED_EDGE('',*,*,#7075,.T.);
#9019 = ORIENTED_EDGE('',*,*,#9020,.F.);
#9020 = EDGE_CURVE('',#3080,#7068,#9021,.T.);
#9021 = LINE('',#9022,#9023);
#9022 = CARTESIAN_POINT('',(129.812804,-75.136384,0.));
#9023 = VECTOR('',#9024,1.);
#9024 = DIRECTION('',(0.,0.,1.));
#9025 = ORIENTED_EDGE('',*,*,#3087,.F.);
#9026 = PLANE('',#9027);
#9027 = AXIS2_PLACEMENT_3D('',#9028,#9029,#9030);
#9028 = CARTESIAN_POINT('',(128.833437,-75.456325,0.));
#9029 = DIRECTION('',(-0.310531317252,0.950563149404,0.));
#9030 = DIRECTION('',(0.950563149404,0.310531317252,0.));
#9031 = ADVANCED_FACE('',(#9032),#9043,.T.);
#9032 = FACE_BOUND('',#9033,.T.);
#9033 = EDGE_LOOP('',(#9034,#9040,#9041,#9042));
#9034 = ORIENTED_EDGE('',*,*,#9035,.T.);
#9035 = EDGE_CURVE('',#360,#4348,#9036,.T.);
#9036 = LINE('',#9037,#9038);
#9037 = CARTESIAN_POINT('',(86.490109,-78.570889,0.));
#9038 = VECTOR('',#9039,1.);
#9039 = DIRECTION('',(0.,0.,1.));
#9040 = ORIENTED_EDGE('',*,*,#4347,.T.);
#9041 = ORIENTED_EDGE('',*,*,#9001,.F.);
#9042 = ORIENTED_EDGE('',*,*,#359,.F.);
#9043 = PLANE('',#9044);
#9044 = AXIS2_PLACEMENT_3D('',#9045,#9046,#9047);
#9045 = CARTESIAN_POINT('',(86.490109,-78.570889,0.));
#9046 = DIRECTION('',(-0.911193580919,0.411978467995,0.));
#9047 = DIRECTION('',(0.411978467995,0.911193580919,0.));
#9048 = ADVANCED_FACE('',(#9049),#9060,.T.);
#9049 = FACE_BOUND('',#9050,.T.);
#9050 = EDGE_LOOP('',(#9051,#9052,#9053,#9059));
#9051 = ORIENTED_EDGE('',*,*,#9020,.T.);
#9052 = ORIENTED_EDGE('',*,*,#7067,.T.);
#9053 = ORIENTED_EDGE('',*,*,#9054,.F.);
#9054 = EDGE_CURVE('',#3072,#7060,#9055,.T.);
#9055 = LINE('',#9056,#9057);
#9056 = CARTESIAN_POINT('',(130.811512,-74.843999,0.));
#9057 = VECTOR('',#9058,1.);
#9058 = DIRECTION('',(0.,0.,1.));
#9059 = ORIENTED_EDGE('',*,*,#3079,.F.);
#9060 = PLANE('',#9061);
#9061 = AXIS2_PLACEMENT_3D('',#9062,#9063,#9064);
#9062 = CARTESIAN_POINT('',(129.812804,-75.136384,0.));
#9063 = DIRECTION('',(-0.28096975757,0.95971662241,0.));
#9064 = DIRECTION('',(0.95971662241,0.28096975757,0.));
#9065 = ADVANCED_FACE('',(#9066),#9077,.T.);
#9066 = FACE_BOUND('',#9067,.T.);
#9067 = EDGE_LOOP('',(#9068,#9074,#9075,#9076));
#9068 = ORIENTED_EDGE('',*,*,#9069,.T.);
#9069 = EDGE_CURVE('',#368,#4356,#9070,.T.);
#9070 = LINE('',#9071,#9072);
#9071 = CARTESIAN_POINT('',(86.137336,-79.375585,0.));
#9072 = VECTOR('',#9073,1.);
#9073 = DIRECTION('',(0.,0.,1.));
#9074 = ORIENTED_EDGE('',*,*,#4355,.T.);
#9075 = ORIENTED_EDGE('',*,*,#9035,.F.);
#9076 = ORIENTED_EDGE('',*,*,#367,.F.);
#9077 = PLANE('',#9078);
#9078 = AXIS2_PLACEMENT_3D('',#9079,#9080,#9081);
#9079 = CARTESIAN_POINT('',(86.137336,-79.375585,0.));
#9080 = DIRECTION('',(-0.915856787919,0.401505098378,0.));
#9081 = DIRECTION('',(0.401505098378,0.915856787919,0.));
#9082 = ADVANCED_FACE('',(#9083),#9094,.T.);
#9083 = FACE_BOUND('',#9084,.T.);
#9084 = EDGE_LOOP('',(#9085,#9086,#9087,#9093));
#9085 = ORIENTED_EDGE('',*,*,#9054,.T.);
#9086 = ORIENTED_EDGE('',*,*,#7059,.T.);
#9087 = ORIENTED_EDGE('',*,*,#9088,.F.);
#9088 = EDGE_CURVE('',#3064,#7052,#9089,.T.);
#9089 = LINE('',#9090,#9091);
#9090 = CARTESIAN_POINT('',(131.825414,-74.577969,0.));
#9091 = VECTOR('',#9092,1.);
#9092 = DIRECTION('',(0.,0.,1.));
#9093 = ORIENTED_EDGE('',*,*,#3071,.F.);
#9094 = PLANE('',#9095);
#9095 = AXIS2_PLACEMENT_3D('',#9096,#9097,#9098);
#9096 = CARTESIAN_POINT('',(130.811512,-74.843999,0.));
#9097 = DIRECTION('',(-0.253791674203,0.967258903348,0.));
#9098 = DIRECTION('',(0.967258903348,0.253791674203,0.));
#9099 = ADVANCED_FACE('',(#9100),#9111,.T.);
#9100 = FACE_BOUND('',#9101,.T.);
#9101 = EDGE_LOOP('',(#9102,#9108,#9109,#9110));
#9102 = ORIENTED_EDGE('',*,*,#9103,.T.);
#9103 = EDGE_CURVE('',#376,#4364,#9104,.T.);
#9104 = LINE('',#9105,#9106);
#9105 = CARTESIAN_POINT('',(85.786376,-80.201511,0.));
#9106 = VECTOR('',#9107,1.);
#9107 = DIRECTION('',(0.,0.,1.));
#9108 = ORIENTED_EDGE('',*,*,#4363,.T.);
#9109 = ORIENTED_EDGE('',*,*,#9069,.F.);
#9110 = ORIENTED_EDGE('',*,*,#375,.F.);
#9111 = PLANE('',#9112);
#9112 = AXIS2_PLACEMENT_3D('',#9113,#9114,#9115);
#9113 = CARTESIAN_POINT('',(85.786376,-80.201511,0.));
#9114 = DIRECTION('',(-0.920354403273,0.391085377349,0.));
#9115 = DIRECTION('',(0.391085377349,0.920354403273,0.));
#9116 = ADVANCED_FACE('',(#9117),#9128,.T.);
#9117 = FACE_BOUND('',#9118,.T.);
#9118 = EDGE_LOOP('',(#9119,#9120,#9121,#9127));
#9119 = ORIENTED_EDGE('',*,*,#9088,.T.);
#9120 = ORIENTED_EDGE('',*,*,#7051,.T.);
#9121 = ORIENTED_EDGE('',*,*,#9122,.F.);
#9122 = EDGE_CURVE('',#3056,#7044,#9123,.T.);
#9123 = LINE('',#9124,#9125);
#9124 = CARTESIAN_POINT('',(132.850362,-74.337091,0.));
#9125 = VECTOR('',#9126,1.);
#9126 = DIRECTION('',(0.,0.,1.));
#9127 = ORIENTED_EDGE('',*,*,#3063,.F.);
#9128 = PLANE('',#9129);
#9129 = AXIS2_PLACEMENT_3D('',#9130,#9131,#9132);
#9130 = CARTESIAN_POINT('',(131.825414,-74.577969,0.));
#9131 = DIRECTION('',(-0.228781725988,0.973477745947,0.));
#9132 = DIRECTION('',(0.973477745947,0.228781725988,0.));
#9133 = ADVANCED_FACE('',(#9134),#9145,.T.);
#9134 = FACE_BOUND('',#9135,.T.);
#9135 = EDGE_LOOP('',(#9136,#9142,#9143,#9144));
#9136 = ORIENTED_EDGE('',*,*,#9137,.T.);
#9137 = EDGE_CURVE('',#384,#4372,#9138,.T.);
#9138 = LINE('',#9139,#9140);
#9139 = CARTESIAN_POINT('',(85.437462,-81.048935,0.));
#9140 = VECTOR('',#9141,1.);
#9141 = DIRECTION('',(0.,0.,1.));
#9142 = ORIENTED_EDGE('',*,*,#4371,.T.);
#9143 = ORIENTED_EDGE('',*,*,#9103,.F.);
#9144 = ORIENTED_EDGE('',*,*,#383,.F.);
#9145 = PLANE('',#9146);
#9146 = AXIS2_PLACEMENT_3D('',#9147,#9148,#9149);
#9147 = CARTESIAN_POINT('',(85.437462,-81.048935,0.));
#9148 = DIRECTION('',(-0.924687815441,0.380726206051,0.));
#9149 = DIRECTION('',(0.380726206051,0.924687815441,0.));
#9150 = ADVANCED_FACE('',(#9151),#9162,.T.);
#9151 = FACE_BOUND('',#9152,.T.);
#9152 = EDGE_LOOP('',(#9153,#9154,#9155,#9161));
#9153 = ORIENTED_EDGE('',*,*,#9122,.T.);
#9154 = ORIENTED_EDGE('',*,*,#7043,.T.);
#9155 = ORIENTED_EDGE('',*,*,#9156,.F.);
#9156 = EDGE_CURVE('',#3048,#7036,#9157,.T.);
#9157 = LINE('',#9158,#9159);
#9158 = CARTESIAN_POINT('',(133.882207,-74.120164,0.));
#9159 = VECTOR('',#9160,1.);
#9160 = DIRECTION('',(0.,0.,1.));
#9161 = ORIENTED_EDGE('',*,*,#3055,.F.);
#9162 = PLANE('',#9163);
#9163 = AXIS2_PLACEMENT_3D('',#9164,#9165,#9166);
#9164 = CARTESIAN_POINT('',(132.850362,-74.337091,0.));
#9165 = DIRECTION('',(-0.205734823889,0.978607777529,0.));
#9166 = DIRECTION('',(0.978607777529,0.205734823889,0.));
#9167 = ADVANCED_FACE('',(#9168),#9179,.T.);
#9168 = FACE_BOUND('',#9169,.T.);
#9169 = EDGE_LOOP('',(#9170,#9176,#9177,#9178));
#9170 = ORIENTED_EDGE('',*,*,#9171,.T.);
#9171 = EDGE_CURVE('',#392,#4380,#9172,.T.);
#9172 = LINE('',#9173,#9174);
#9173 = CARTESIAN_POINT('',(85.090826,-81.918126,0.));
#9174 = VECTOR('',#9175,1.);
#9175 = DIRECTION('',(0.,0.,1.));
#9176 = ORIENTED_EDGE('',*,*,#4379,.T.);
#9177 = ORIENTED_EDGE('',*,*,#9137,.F.);
#9178 = ORIENTED_EDGE('',*,*,#391,.F.);
#9179 = PLANE('',#9180);
#9180 = AXIS2_PLACEMENT_3D('',#9181,#9182,#9183);
#9181 = CARTESIAN_POINT('',(85.090826,-81.918126,0.));
#9182 = DIRECTION('',(-0.928859583003,0.370432011392,0.));
#9183 = DIRECTION('',(0.370432011392,0.928859583003,0.));
#9184 = ADVANCED_FACE('',(#9185),#9196,.T.);
#9185 = FACE_BOUND('',#9186,.T.);
#9186 = EDGE_LOOP('',(#9187,#9188,#9189,#9195));
#9187 = ORIENTED_EDGE('',*,*,#9156,.T.);
#9188 = ORIENTED_EDGE('',*,*,#7035,.T.);
#9189 = ORIENTED_EDGE('',*,*,#9190,.F.);
#9190 = EDGE_CURVE('',#3040,#7028,#9191,.T.);
#9191 = LINE('',#9192,#9193);
#9192 = CARTESIAN_POINT('',(134.916802,-73.925986,0.));
#9193 = VECTOR('',#9194,1.);
#9194 = DIRECTION('',(0.,0.,1.));
#9195 = ORIENTED_EDGE('',*,*,#3047,.F.);
#9196 = PLANE('',#9197);
#9197 = AXIS2_PLACEMENT_3D('',#9198,#9199,#9200);
#9198 = CARTESIAN_POINT('',(133.882207,-74.120164,0.));
#9199 = DIRECTION('',(-0.184464216512,0.982839230407,0.));
#9200 = DIRECTION('',(0.982839230407,0.184464216512,0.));
#9201 = ADVANCED_FACE('',(#9202),#9213,.T.);
#9202 = FACE_BOUND('',#9203,.T.);
#9203 = EDGE_LOOP('',(#9204,#9210,#9211,#9212));
#9204 = ORIENTED_EDGE('',*,*,#9205,.T.);
#9205 = EDGE_CURVE('',#400,#4388,#9206,.T.);
#9206 = LINE('',#9207,#9208);
#9207 = CARTESIAN_POINT('',(84.746703,-82.809353,0.));
#9208 = VECTOR('',#9209,1.);
#9209 = DIRECTION('',(0.,0.,1.));
#9210 = ORIENTED_EDGE('',*,*,#4387,.T.);
#9211 = ORIENTED_EDGE('',*,*,#9171,.F.);
#9212 = ORIENTED_EDGE('',*,*,#399,.F.);
#9213 = PLANE('',#9214);
#9214 = AXIS2_PLACEMENT_3D('',#9215,#9216,#9217);
#9215 = CARTESIAN_POINT('',(84.746703,-82.809353,0.));
#9216 = DIRECTION('',(-0.932873666145,0.36020372432,0.));
#9217 = DIRECTION('',(0.36020372432,0.932873666145,0.));
#9218 = ADVANCED_FACE('',(#9219),#9230,.T.);
#9219 = FACE_BOUND('',#9220,.T.);
#9220 = EDGE_LOOP('',(#9221,#9222,#9223,#9229));
#9221 = ORIENTED_EDGE('',*,*,#9190,.T.);
#9222 = ORIENTED_EDGE('',*,*,#7027,.T.);
#9223 = ORIENTED_EDGE('',*,*,#9224,.F.);
#9224 = EDGE_CURVE('',#3032,#7020,#9225,.T.);
#9225 = LINE('',#9226,#9227);
#9226 = CARTESIAN_POINT('',(135.949999,-73.753356,0.));
#9227 = VECTOR('',#9228,1.);
#9228 = DIRECTION('',(0.,0.,1.));
#9229 = ORIENTED_EDGE('',*,*,#3039,.F.);
#9230 = PLANE('',#9231);
#9231 = AXIS2_PLACEMENT_3D('',#9232,#9233,#9234);
#9232 = CARTESIAN_POINT('',(134.916802,-73.925986,0.));
#9233 = DIRECTION('',(-0.164798837336,0.986327198861,0.));
#9234 = DIRECTION('',(0.986327198861,0.164798837336,0.));
#9235 = ADVANCED_FACE('',(#9236),#9247,.T.);
#9236 = FACE_BOUND('',#9237,.T.);
#9237 = EDGE_LOOP('',(#9238,#9244,#9245,#9246));
#9238 = ORIENTED_EDGE('',*,*,#9239,.T.);
#9239 = EDGE_CURVE('',#408,#4396,#9240,.T.);
#9240 = LINE('',#9241,#9242);
#9241 = CARTESIAN_POINT('',(84.405325,-83.722885,0.));
#9242 = VECTOR('',#9243,1.);
#9243 = DIRECTION('',(0.,0.,1.));
#9244 = ORIENTED_EDGE('',*,*,#4395,.T.);
#9245 = ORIENTED_EDGE('',*,*,#9205,.F.);
#9246 = ORIENTED_EDGE('',*,*,#407,.F.);
#9247 = PLANE('',#9248);
#9248 = AXIS2_PLACEMENT_3D('',#9249,#9250,#9251);
#9249 = CARTESIAN_POINT('',(84.405325,-83.722885,0.));
#9250 = DIRECTION('',(-0.93673191957,0.350047583707,0.));
#9251 = DIRECTION('',(0.350047583707,0.93673191957,0.));
#9252 = ADVANCED_FACE('',(#9253),#9264,.T.);
#9253 = FACE_BOUND('',#9254,.T.);
#9254 = EDGE_LOOP('',(#9255,#9256,#9257,#9263));
#9255 = ORIENTED_EDGE('',*,*,#9224,.T.);
#9256 = ORIENTED_EDGE('',*,*,#7019,.T.);
#9257 = ORIENTED_EDGE('',*,*,#9258,.F.);
#9258 = EDGE_CURVE('',#3024,#7012,#9259,.T.);
#9259 = LINE('',#9260,#9261);
#9260 = CARTESIAN_POINT('',(136.977649,-73.601071,0.));
#9261 = VECTOR('',#9262,1.);
#9262 = DIRECTION('',(0.,0.,1.));
#9263 = ORIENTED_EDGE('',*,*,#3031,.F.);
#9264 = PLANE('',#9265);
#9265 = AXIS2_PLACEMENT_3D('',#9266,#9267,#9268);
#9266 = CARTESIAN_POINT('',(135.949999,-73.753356,0.));
#9267 = DIRECTION('',(-0.146586860643,0.989197802407,0.));
#9268 = DIRECTION('',(0.989197802407,0.146586860643,0.));
#9269 = ADVANCED_FACE('',(#9270),#9281,.T.);
#9270 = FACE_BOUND('',#9271,.T.);
#9271 = EDGE_LOOP('',(#9272,#9278,#9279,#9280));
#9272 = ORIENTED_EDGE('',*,*,#9273,.T.);
#9273 = EDGE_CURVE('',#416,#4404,#9274,.T.);
#9274 = LINE('',#9275,#9276);
#9275 = CARTESIAN_POINT('',(84.066926,-84.658991,0.));
#9276 = VECTOR('',#9277,1.);
#9277 = DIRECTION('',(0.,0.,1.));
#9278 = ORIENTED_EDGE('',*,*,#4403,.T.);
#9279 = ORIENTED_EDGE('',*,*,#9239,.F.);
#9280 = ORIENTED_EDGE('',*,*,#415,.F.);
#9281 = PLANE('',#9282);
#9282 = AXIS2_PLACEMENT_3D('',#9283,#9284,#9285);
#9283 = CARTESIAN_POINT('',(84.066926,-84.658991,0.));
#9284 = DIRECTION('',(-0.94043807765,0.339965030711,0.));
#9285 = DIRECTION('',(0.339965030711,0.94043807765,0.));
#9286 = ADVANCED_FACE('',(#9287),#9298,.T.);
#9287 = FACE_BOUND('',#9288,.T.);
#9288 = EDGE_LOOP('',(#9289,#9290,#9291,#9297));
#9289 = ORIENTED_EDGE('',*,*,#9258,.T.);
#9290 = ORIENTED_EDGE('',*,*,#7011,.T.);
#9291 = ORIENTED_EDGE('',*,*,#9292,.F.);
#9292 = EDGE_CURVE('',#3016,#7004,#9293,.T.);
#9293 = LINE('',#9294,#9295);
#9294 = CARTESIAN_POINT('',(137.995605,-73.467929,0.));
#9295 = VECTOR('',#9296,1.);
#9296 = DIRECTION('',(0.,0.,1.));
#9297 = ORIENTED_EDGE('',*,*,#3023,.F.);
#9298 = PLANE('',#9299);
#9299 = AXIS2_PLACEMENT_3D('',#9300,#9301,#9302);
#9300 = CARTESIAN_POINT('',(136.977649,-73.601071,0.));
#9301 = DIRECTION('',(-0.129688886882,0.99155473506,0.));
#9302 = DIRECTION('',(0.99155473506,0.129688886882,0.));
#9303 = ADVANCED_FACE('',(#9304),#9315,.T.);
#9304 = FACE_BOUND('',#9305,.T.);
#9305 = EDGE_LOOP('',(#9306,#9312,#9313,#9314));
#9306 = ORIENTED_EDGE('',*,*,#9307,.T.);
#9307 = EDGE_CURVE('',#424,#4412,#9308,.T.);
#9308 = LINE('',#9309,#9310);
#9309 = CARTESIAN_POINT('',(83.73174,-85.61794,0.));
#9310 = VECTOR('',#9311,1.);
#9311 = DIRECTION('',(0.,0.,1.));
#9312 = ORIENTED_EDGE('',*,*,#4411,.T.);
#9313 = ORIENTED_EDGE('',*,*,#9273,.F.);
#9314 = ORIENTED_EDGE('',*,*,#423,.F.);
#9315 = PLANE('',#9316);
#9316 = AXIS2_PLACEMENT_3D('',#9317,#9318,#9319);
#9317 = CARTESIAN_POINT('',(83.73174,-85.61794,0.));
#9318 = DIRECTION('',(-0.943995217336,0.329959133299,0.));
#9319 = DIRECTION('',(0.329959133299,0.943995217336,0.));
#9320 = ADVANCED_FACE('',(#9321),#9332,.T.);
#9321 = FACE_BOUND('',#9322,.T.);
#9322 = EDGE_LOOP('',(#9323,#9324,#9325,#9331));
#9323 = ORIENTED_EDGE('',*,*,#9292,.T.);
#9324 = ORIENTED_EDGE('',*,*,#7003,.T.);
#9325 = ORIENTED_EDGE('',*,*,#9326,.F.);
#9326 = EDGE_CURVE('',#3008,#6996,#9327,.T.);
#9327 = LINE('',#9328,#9329);
#9328 = CARTESIAN_POINT('',(138.999718,-73.352729,0.));
#9329 = VECTOR('',#9330,1.);
#9330 = DIRECTION('',(0.,0.,1.));
#9331 = ORIENTED_EDGE('',*,*,#3015,.F.);
#9332 = PLANE('',#9333);
#9333 = AXIS2_PLACEMENT_3D('',#9334,#9335,#9336);
#9334 = CARTESIAN_POINT('',(137.995605,-73.467929,0.));
#9335 = DIRECTION('',(-0.113980439366,0.993482994038,0.));
#9336 = DIRECTION('',(0.993482994038,0.113980439366,0.));
#9337 = ADVANCED_FACE('',(#9338),#9349,.T.);
#9338 = FACE_BOUND('',#9339,.T.);
#9339 = EDGE_LOOP('',(#9340,#9346,#9347,#9348));
#9340 = ORIENTED_EDGE('',*,*,#9341,.T.);
#9341 = EDGE_CURVE('',#432,#4420,#9342,.T.);
#9342 = LINE('',#9343,#9344);
#9343 = CARTESIAN_POINT('',(83.4,-86.6,0.));
#9344 = VECTOR('',#9345,1.);
#9345 = DIRECTION('',(0.,0.,1.));
#9346 = ORIENTED_EDGE('',*,*,#4419,.T.);
#9347 = ORIENTED_EDGE('',*,*,#9307,.F.);
#9348 = ORIENTED_EDGE('',*,*,#431,.F.);
#9349 = PLANE('',#9350);
#9350 = AXIS2_PLACEMENT_3D('',#9351,#9352,#9353);
#9351 = CARTESIAN_POINT('',(83.4,-86.6,0.));
#9352 = DIRECTION('',(-0.947406090272,0.320033904636,0.));
#9353 = DIRECTION('',(0.320033904636,0.947406090272,0.));
#9354 = ADVANCED_FACE('',(#9355),#9366,.T.);
#9355 = FACE_BOUND('',#9356,.T.);
#9356 = EDGE_LOOP('',(#9357,#9358,#9359,#9365));
#9357 = ORIENTED_EDGE('',*,*,#9326,.T.);
#9358 = ORIENTED_EDGE('',*,*,#6995,.T.);
#9359 = ORIENTED_EDGE('',*,*,#9360,.F.);
#9360 = EDGE_CURVE('',#3000,#6988,#9361,.T.);
#9361 = LINE('',#9362,#9363);
#9362 = CARTESIAN_POINT('',(139.985841,-73.25427,0.));
#9363 = VECTOR('',#9364,1.);
#9364 = DIRECTION('',(0.,0.,1.));
#9365 = ORIENTED_EDGE('',*,*,#3007,.F.);
#9366 = PLANE('',#9367);
#9367 = AXIS2_PLACEMENT_3D('',#9368,#9369,#9370);
#9368 = CARTESIAN_POINT('',(138.999718,-73.352729,0.));
#9369 = DIRECTION('',(-9.935056125332E-02,0.995052494082,0.));
#9370 = DIRECTION('',(0.995052494082,9.935056125332E-02,0.));
#9371 = ADVANCED_FACE('',(#9372),#9383,.T.);
#9372 = FACE_BOUND('',#9373,.T.);
#9373 = EDGE_LOOP('',(#9374,#9380,#9381,#9382));
#9374 = ORIENTED_EDGE('',*,*,#9375,.T.);
#9375 = EDGE_CURVE('',#440,#4428,#9376,.T.);
#9376 = LINE('',#9377,#9378);
#9377 = CARTESIAN_POINT('',(83.,-87.4,0.));
#9378 = VECTOR('',#9379,1.);
#9379 = DIRECTION('',(0.,0.,1.));
#9380 = ORIENTED_EDGE('',*,*,#4427,.T.);
#9381 = ORIENTED_EDGE('',*,*,#9341,.F.);
#9382 = ORIENTED_EDGE('',*,*,#439,.F.);
#9383 = PLANE('',#9384);
#9384 = AXIS2_PLACEMENT_3D('',#9385,#9386,#9387);
#9385 = CARTESIAN_POINT('',(83.,-87.4,0.));
#9386 = DIRECTION('',(-0.894427191,0.4472135955,0.));
#9387 = DIRECTION('',(0.4472135955,0.894427191,0.));
#9388 = ADVANCED_FACE('',(#9389),#9400,.T.);
#9389 = FACE_BOUND('',#9390,.T.);
#9390 = EDGE_LOOP('',(#9391,#9392,#9393,#9399));
#9391 = ORIENTED_EDGE('',*,*,#9360,.T.);
#9392 = ORIENTED_EDGE('',*,*,#6987,.T.);
#9393 = ORIENTED_EDGE('',*,*,#9394,.F.);
#9394 = EDGE_CURVE('',#2992,#6980,#9395,.T.);
#9395 = LINE('',#9396,#9397);
#9396 = CARTESIAN_POINT('',(140.949826,-73.171348,0.));
#9397 = VECTOR('',#9398,1.);
#9398 = DIRECTION('',(0.,0.,1.));
#9399 = ORIENTED_EDGE('',*,*,#2999,.F.);
#9400 = PLANE('',#9401);
#9401 = AXIS2_PLACEMENT_3D('',#9402,#9403,#9404);
#9402 = CARTESIAN_POINT('',(139.985841,-73.25427,0.));
#9403 = DIRECTION('',(-8.570351596885E-02,0.996320684996,0.));
#9404 = DIRECTION('',(0.996320684996,8.570351596885E-02,0.));
#9405 = ADVANCED_FACE('',(#9406),#9417,.T.);
#9406 = FACE_BOUND('',#9407,.T.);
#9407 = EDGE_LOOP('',(#9408,#9414,#9415,#9416));
#9408 = ORIENTED_EDGE('',*,*,#9409,.T.);
#9409 = EDGE_CURVE('',#448,#4436,#9410,.T.);
#9410 = LINE('',#9411,#9412);
#9411 = CARTESIAN_POINT('',(82.970007,-87.47435,0.));
#9412 = VECTOR('',#9413,1.);
#9413 = DIRECTION('',(0.,0.,1.));
#9414 = ORIENTED_EDGE('',*,*,#4435,.T.);
#9415 = ORIENTED_EDGE('',*,*,#9375,.F.);
#9416 = ORIENTED_EDGE('',*,*,#447,.F.);
#9417 = PLANE('',#9418);
#9418 = AXIS2_PLACEMENT_3D('',#9419,#9420,#9421);
#9419 = CARTESIAN_POINT('',(82.970007,-87.47435,0.));
#9420 = DIRECTION('',(-0.927384523745,0.374109536257,0.));
#9421 = DIRECTION('',(0.374109536257,0.927384523745,0.));
#9422 = ADVANCED_FACE('',(#9423),#9434,.T.);
#9423 = FACE_BOUND('',#9424,.T.);
#9424 = EDGE_LOOP('',(#9425,#9426,#9427,#9433));
#9425 = ORIENTED_EDGE('',*,*,#9394,.T.);
#9426 = ORIENTED_EDGE('',*,*,#6979,.T.);
#9427 = ORIENTED_EDGE('',*,*,#9428,.F.);
#9428 = EDGE_CURVE('',#2984,#6972,#9429,.T.);
#9429 = LINE('',#9430,#9431);
#9430 = CARTESIAN_POINT('',(141.887524,-73.102763,0.));
#9431 = VECTOR('',#9432,1.);
#9432 = DIRECTION('',(0.,0.,1.));
#9433 = ORIENTED_EDGE('',*,*,#2991,.F.);
#9434 = PLANE('',#9435);
#9435 = AXIS2_PLACEMENT_3D('',#9436,#9437,#9438);
#9436 = CARTESIAN_POINT('',(140.949826,-73.171348,0.));
#9437 = DIRECTION('',(-7.294702240031E-02,0.997335817026,0.));
#9438 = DIRECTION('',(0.997335817026,7.294702240031E-02,0.));
#9439 = ADVANCED_FACE('',(#9440),#9451,.T.);
#9440 = FACE_BOUND('',#9441,.T.);
#9441 = EDGE_LOOP('',(#9442,#9448,#9449,#9450));
#9442 = ORIENTED_EDGE('',*,*,#9443,.T.);
#9443 = EDGE_CURVE('',#456,#4444,#9444,.T.);
#9444 = LINE('',#9445,#9446);
#9445 = CARTESIAN_POINT('',(82.667135,-88.217946,0.));
#9446 = VECTOR('',#9447,1.);
#9447 = DIRECTION('',(0.,0.,1.));
#9448 = ORIENTED_EDGE('',*,*,#4443,.T.);
#9449 = ORIENTED_EDGE('',*,*,#9409,.F.);
#9450 = ORIENTED_EDGE('',*,*,#455,.F.);
#9451 = PLANE('',#9452);
#9452 = AXIS2_PLACEMENT_3D('',#9453,#9454,#9455);
#9453 = CARTESIAN_POINT('',(82.667135,-88.217946,0.));
#9454 = DIRECTION('',(-0.926124785397,0.377217287348,0.));
#9455 = DIRECTION('',(0.377217287348,0.926124785397,0.));
#9456 = ADVANCED_FACE('',(#9457),#9468,.T.);
#9457 = FACE_BOUND('',#9458,.T.);
#9458 = EDGE_LOOP('',(#9459,#9460,#9461,#9467));
#9459 = ORIENTED_EDGE('',*,*,#9428,.T.);
#9460 = ORIENTED_EDGE('',*,*,#6971,.T.);
#9461 = ORIENTED_EDGE('',*,*,#9462,.F.);
#9462 = EDGE_CURVE('',#2976,#6964,#9463,.T.);
#9463 = LINE('',#9464,#9465);
#9464 = CARTESIAN_POINT('',(142.794787,-73.047313,0.));
#9465 = VECTOR('',#9466,1.);
#9466 = DIRECTION('',(0.,0.,1.));
#9467 = ORIENTED_EDGE('',*,*,#2983,.F.);
#9468 = PLANE('',#9469);
#9469 = AXIS2_PLACEMENT_3D('',#9470,#9471,#9472);
#9470 = CARTESIAN_POINT('',(141.887524,-73.102763,0.));
#9471 = DIRECTION('',(-6.100405877059E-02,0.998137517987,0.));
#9472 = DIRECTION('',(0.998137517987,6.100405877059E-02,0.));
#9473 = ADVANCED_FACE('',(#9474),#9485,.T.);
#9474 = FACE_BOUND('',#9475,.T.);
#9475 = EDGE_LOOP('',(#9476,#9482,#9483,#9484));
#9476 = ORIENTED_EDGE('',*,*,#9477,.T.);
#9477 = EDGE_CURVE('',#464,#4452,#9478,.T.);
#9478 = LINE('',#9479,#9480);
#9479 = CARTESIAN_POINT('',(82.41752,-88.864936,0.));
#9480 = VECTOR('',#9481,1.);
#9481 = DIRECTION('',(0.,0.,1.));
#9482 = ORIENTED_EDGE('',*,*,#4451,.T.);
#9483 = ORIENTED_EDGE('',*,*,#9443,.F.);
#9484 = ORIENTED_EDGE('',*,*,#463,.F.);
#9485 = PLANE('',#9486);
#9486 = AXIS2_PLACEMENT_3D('',#9487,#9488,#9489);
#9487 = CARTESIAN_POINT('',(82.41752,-88.864936,0.));
#9488 = DIRECTION('',(-0.932971774694,0.359949534831,0.));
#9489 = DIRECTION('',(0.359949534831,0.932971774694,0.));
#9490 = ADVANCED_FACE('',(#9491),#9502,.T.);
#9491 = FACE_BOUND('',#9492,.T.);
#9492 = EDGE_LOOP('',(#9493,#9494,#9495,#9501));
#9493 = ORIENTED_EDGE('',*,*,#9462,.T.);
#9494 = ORIENTED_EDGE('',*,*,#6963,.T.);
#9495 = ORIENTED_EDGE('',*,*,#9496,.F.);
#9496 = EDGE_CURVE('',#2968,#6956,#9497,.T.);
#9497 = LINE('',#9498,#9499);
#9498 = CARTESIAN_POINT('',(144.501418,-72.971009,0.));
#9499 = VECTOR('',#9500,1.);
#9500 = DIRECTION('',(0.,0.,1.));
#9501 = ORIENTED_EDGE('',*,*,#2975,.F.);
#9502 = PLANE('',#9503);
#9503 = AXIS2_PLACEMENT_3D('',#9504,#9505,#9506);
#9504 = CARTESIAN_POINT('',(142.794787,-73.047313,0.));
#9505 = DIRECTION('',(-4.466568804618E-02,0.999001990144,0.));
#9506 = DIRECTION('',(0.999001990144,4.466568804618E-02,0.));
#9507 = ADVANCED_FACE('',(#9508),#9519,.T.);
#9508 = FACE_BOUND('',#9509,.T.);
#9509 = EDGE_LOOP('',(#9510,#9516,#9517,#9518));
#9510 = ORIENTED_EDGE('',*,*,#9511,.T.);
#9511 = EDGE_CURVE('',#472,#4460,#9512,.T.);
#9512 = LINE('',#9513,#9514);
#9513 = CARTESIAN_POINT('',(82.117775,-89.680899,0.));
#9514 = VECTOR('',#9515,1.);
#9515 = DIRECTION('',(0.,0.,1.));
#9516 = ORIENTED_EDGE('',*,*,#4459,.T.);
#9517 = ORIENTED_EDGE('',*,*,#9477,.F.);
#9518 = ORIENTED_EDGE('',*,*,#471,.F.);
#9519 = PLANE('',#9520);
#9520 = AXIS2_PLACEMENT_3D('',#9521,#9522,#9523);
#9521 = CARTESIAN_POINT('',(82.117775,-89.680899,0.));
#9522 = DIRECTION('',(-0.938668460107,0.344820999941,0.));
#9523 = DIRECTION('',(0.344820999941,0.938668460107,0.));
#9524 = ADVANCED_FACE('',(#9525),#9536,.T.);
#9525 = FACE_BOUND('',#9526,.T.);
#9526 = EDGE_LOOP('',(#9527,#9528,#9529,#9535));
#9527 = ORIENTED_EDGE('',*,*,#9496,.T.);
#9528 = ORIENTED_EDGE('',*,*,#6955,.T.);
#9529 = ORIENTED_EDGE('',*,*,#9530,.F.);
#9530 = EDGE_CURVE('',#2960,#6948,#9531,.T.);
#9531 = LINE('',#9532,#9533);
#9532 = CARTESIAN_POINT('',(146.036534,-72.932822,0.));
#9533 = VECTOR('',#9534,1.);
#9534 = DIRECTION('',(0.,0.,1.));
#9535 = ORIENTED_EDGE('',*,*,#2967,.F.);
#9536 = PLANE('',#9537);
#9537 = AXIS2_PLACEMENT_3D('',#9538,#9539,#9540);
#9538 = CARTESIAN_POINT('',(144.501418,-72.971009,0.));
#9539 = DIRECTION('',(-2.486795165104E-02,0.999690744671,0.));
#9540 = DIRECTION('',(0.999690744671,2.486795165104E-02,0.));
#9541 = ADVANCED_FACE('',(#9542),#9553,.T.);
#9542 = FACE_BOUND('',#9543,.T.);
#9543 = EDGE_LOOP('',(#9544,#9550,#9551,#9552));
#9544 = ORIENTED_EDGE('',*,*,#9545,.T.);
#9545 = EDGE_CURVE('',#480,#4468,#9546,.T.);
#9546 = LINE('',#9547,#9548);
#9547 = CARTESIAN_POINT('',(81.779392,-90.654971,0.));
#9548 = VECTOR('',#9549,1.);
#9549 = DIRECTION('',(0.,0.,1.));
#9550 = ORIENTED_EDGE('',*,*,#4467,.T.);
#9551 = ORIENTED_EDGE('',*,*,#9511,.F.);
#9552 = ORIENTED_EDGE('',*,*,#479,.F.);
#9553 = PLANE('',#9554);
#9554 = AXIS2_PLACEMENT_3D('',#9555,#9556,#9557);
#9555 = CARTESIAN_POINT('',(81.779392,-90.654971,0.));
#9556 = DIRECTION('',(-0.944624505774,0.328153231114,0.));
#9557 = DIRECTION('',(0.328153231114,0.944624505774,0.));
#9558 = ADVANCED_FACE('',(#9559),#9570,.T.);
#9559 = FACE_BOUND('',#9560,.T.);
#9560 = EDGE_LOOP('',(#9561,#9562,#9563,#9569));
#9561 = ORIENTED_EDGE('',*,*,#9530,.T.);
#9562 = ORIENTED_EDGE('',*,*,#6947,.T.);
#9563 = ORIENTED_EDGE('',*,*,#9564,.F.);
#9564 = EDGE_CURVE('',#2952,#6940,#9565,.T.);
#9565 = LINE('',#9566,#9567);
#9566 = CARTESIAN_POINT('',(147.366951,-72.923138,0.));
#9567 = VECTOR('',#9568,1.);
#9568 = DIRECTION('',(0.,0.,1.));
#9569 = ORIENTED_EDGE('',*,*,#2959,.F.);
#9570 = PLANE('',#9571);
#9571 = AXIS2_PLACEMENT_3D('',#9572,#9573,#9574);
#9572 = CARTESIAN_POINT('',(146.036534,-72.932822,0.));
#9573 = DIRECTION('',(-7.278727998834E-03,0.999973509708,0.));
#9574 = DIRECTION('',(0.999973509708,7.278727998834E-03,0.));
#9575 = ADVANCED_FACE('',(#9576),#9587,.T.);
#9576 = FACE_BOUND('',#9577,.T.);
#9577 = EDGE_LOOP('',(#9578,#9584,#9585,#9586));
#9578 = ORIENTED_EDGE('',*,*,#9579,.T.);
#9579 = EDGE_CURVE('',#488,#4476,#9580,.T.);
#9580 = LINE('',#9581,#9582);
#9581 = CARTESIAN_POINT('',(81.413864,-91.776285,0.));
#9582 = VECTOR('',#9583,1.);
#9583 = DIRECTION('',(0.,0.,1.));
#9584 = ORIENTED_EDGE('',*,*,#4475,.T.);
#9585 = ORIENTED_EDGE('',*,*,#9545,.F.);
#9586 = ORIENTED_EDGE('',*,*,#487,.F.);
#9587 = PLANE('',#9588);
#9588 = AXIS2_PLACEMENT_3D('',#9589,#9590,#9591);
#9589 = CARTESIAN_POINT('',(81.413864,-91.776285,0.));
#9590 = DIRECTION('',(-0.950759292473,0.309930262762,0.));
#9591 = DIRECTION('',(0.309930262762,0.950759292473,0.));
#9592 = ADVANCED_FACE('',(#9593),#9604,.T.);
#9593 = FACE_BOUND('',#9594,.T.);
#9594 = EDGE_LOOP('',(#9595,#9596,#9597,#9603));
#9595 = ORIENTED_EDGE('',*,*,#9564,.T.);
#9596 = ORIENTED_EDGE('',*,*,#6939,.T.);
#9597 = ORIENTED_EDGE('',*,*,#9598,.F.);
#9598 = EDGE_CURVE('',#2944,#6932,#9599,.T.);
#9599 = LINE('',#9600,#9601);
#9600 = CARTESIAN_POINT('',(148.459485,-72.932342,0.));
#9601 = VECTOR('',#9602,1.);
#9602 = DIRECTION('',(0.,0.,1.));
#9603 = ORIENTED_EDGE('',*,*,#2951,.F.);
#9604 = PLANE('',#9605);
#9605 = AXIS2_PLACEMENT_3D('',#9606,#9607,#9608);
#9606 = CARTESIAN_POINT('',(147.366951,-72.923138,0.));
#9607 = DIRECTION('',(8.42415284748E-03,0.999964516195,-0.));
#9608 = DIRECTION('',(0.999964516195,-8.42415284748E-03,0.));
#9609 = ADVANCED_FACE('',(#9610),#9621,.T.);
#9610 = FACE_BOUND('',#9611,.T.);
#9611 = EDGE_LOOP('',(#9612,#9618,#9619,#9620));
#9612 = ORIENTED_EDGE('',*,*,#9613,.T.);
#9613 = EDGE_CURVE('',#496,#4484,#9614,.T.);
#9614 = LINE('',#9615,#9616);
#9615 = CARTESIAN_POINT('',(81.032683,-93.033976,0.));
#9616 = VECTOR('',#9617,1.);
#9617 = DIRECTION('',(0.,0.,1.));
#9618 = ORIENTED_EDGE('',*,*,#4483,.T.);
#9619 = ORIENTED_EDGE('',*,*,#9579,.F.);
#9620 = ORIENTED_EDGE('',*,*,#495,.F.);
#9621 = PLANE('',#9622);
#9622 = AXIS2_PLACEMENT_3D('',#9623,#9624,#9625);
#9623 = CARTESIAN_POINT('',(81.032683,-93.033976,0.));
#9624 = DIRECTION('',(-0.957011200812,0.29005096366,0.));
#9625 = DIRECTION('',(0.29005096366,0.957011200812,0.));
#9626 = ADVANCED_FACE('',(#9627),#9638,.T.);
#9627 = FACE_BOUND('',#9628,.T.);
#9628 = EDGE_LOOP('',(#9629,#9630,#9631,#9637));
#9629 = ORIENTED_EDGE('',*,*,#9598,.T.);
#9630 = ORIENTED_EDGE('',*,*,#6931,.T.);
#9631 = ORIENTED_EDGE('',*,*,#9632,.F.);
#9632 = EDGE_CURVE('',#2936,#6924,#9633,.T.);
#9633 = LINE('',#9634,#9635);
#9634 = CARTESIAN_POINT('',(149.280952,-72.95082,0.));
#9635 = VECTOR('',#9636,1.);
#9636 = DIRECTION('',(0.,0.,1.));
#9637 = ORIENTED_EDGE('',*,*,#2943,.F.);
#9638 = PLANE('',#9639);
#9639 = AXIS2_PLACEMENT_3D('',#9640,#9641,#9642);
#9640 = CARTESIAN_POINT('',(148.459485,-72.932342,0.));
#9641 = DIRECTION('',(2.248821567205E-02,0.999747108101,-0.));
#9642 = DIRECTION('',(0.999747108101,-2.248821567205E-02,0.));
#9643 = ADVANCED_FACE('',(#9644),#9655,.T.);
#9644 = FACE_BOUND('',#9645,.T.);
#9645 = EDGE_LOOP('',(#9646,#9652,#9653,#9654));
#9646 = ORIENTED_EDGE('',*,*,#9647,.T.);
#9647 = EDGE_CURVE('',#504,#4492,#9648,.T.);
#9648 = LINE('',#9649,#9650);
#9649 = CARTESIAN_POINT('',(80.647342,-94.417179,0.));
#9650 = VECTOR('',#9651,1.);
#9651 = DIRECTION('',(0.,0.,1.));
#9652 = ORIENTED_EDGE('',*,*,#4491,.T.);
#9653 = ORIENTED_EDGE('',*,*,#9613,.F.);
#9654 = ORIENTED_EDGE('',*,*,#503,.F.);
#9655 = PLANE('',#9656);
#9656 = AXIS2_PLACEMENT_3D('',#9657,#9658,#9659);
#9657 = CARTESIAN_POINT('',(80.647342,-94.417179,0.));
#9658 = DIRECTION('',(-0.96331685847,0.268366596631,0.));
#9659 = DIRECTION('',(0.268366596631,0.96331685847,0.));
#9660 = ADVANCED_FACE('',(#9661),#9672,.T.);
#9661 = FACE_BOUND('',#9662,.T.);
#9662 = EDGE_LOOP('',(#9663,#9664,#9665,#9671));
#9663 = ORIENTED_EDGE('',*,*,#9632,.T.);
#9664 = ORIENTED_EDGE('',*,*,#6923,.T.);
#9665 = ORIENTED_EDGE('',*,*,#9666,.F.);
#9666 = EDGE_CURVE('',#2928,#6916,#9667,.T.);
#9667 = LINE('',#9668,#9669);
#9668 = CARTESIAN_POINT('',(149.977946,-72.977139,0.));
#9669 = VECTOR('',#9670,1.);
#9670 = DIRECTION('',(0.,0.,1.));
#9671 = ORIENTED_EDGE('',*,*,#2935,.F.);
#9672 = PLANE('',#9673);
#9673 = AXIS2_PLACEMENT_3D('',#9674,#9675,#9676);
#9674 = CARTESIAN_POINT('',(149.280952,-72.95082,0.));
#9675 = DIRECTION('',(3.77338345427E-02,0.999287825269,-0.));
#9676 = DIRECTION('',(0.999287825269,-3.77338345427E-02,0.));
#9677 = ADVANCED_FACE('',(#9678),#9689,.T.);
#9678 = FACE_BOUND('',#9679,.T.);
#9679 = EDGE_LOOP('',(#9680,#9686,#9687,#9688));
#9680 = ORIENTED_EDGE('',*,*,#9681,.T.);
#9681 = EDGE_CURVE('',#512,#4500,#9682,.T.);
#9682 = LINE('',#9683,#9684);
#9683 = CARTESIAN_POINT('',(80.456701,-95.152451,0.));
#9684 = VECTOR('',#9685,1.);
#9685 = DIRECTION('',(0.,0.,1.));
#9686 = ORIENTED_EDGE('',*,*,#4499,.T.);
#9687 = ORIENTED_EDGE('',*,*,#9647,.F.);
#9688 = ORIENTED_EDGE('',*,*,#511,.F.);
#9689 = PLANE('',#9690);
#9690 = AXIS2_PLACEMENT_3D('',#9691,#9692,#9693);
#9691 = CARTESIAN_POINT('',(80.456701,-95.152451,0.));
#9692 = DIRECTION('',(-0.967992124377,0.250980571249,0.));
#9693 = DIRECTION('',(0.250980571249,0.967992124377,0.));
#9694 = ADVANCED_FACE('',(#9695),#9706,.T.);
#9695 = FACE_BOUND('',#9696,.T.);
#9696 = EDGE_LOOP('',(#9697,#9698,#9699,#9705));
#9697 = ORIENTED_EDGE('',*,*,#9666,.T.);
#9698 = ORIENTED_EDGE('',*,*,#6915,.T.);
#9699 = ORIENTED_EDGE('',*,*,#9700,.F.);
#9700 = EDGE_CURVE('',#2920,#6908,#9701,.T.);
#9701 = LINE('',#9702,#9703);
#9702 = CARTESIAN_POINT('',(150.67494,-72.95082,0.));
#9703 = VECTOR('',#9704,1.);
#9704 = DIRECTION('',(0.,0.,1.));
#9705 = ORIENTED_EDGE('',*,*,#2927,.F.);
#9706 = PLANE('',#9707);
#9707 = AXIS2_PLACEMENT_3D('',#9708,#9709,#9710);
#9708 = CARTESIAN_POINT('',(149.977946,-72.977139,0.));
#9709 = DIRECTION('',(-3.77338345427E-02,0.999287825269,0.));
#9710 = DIRECTION('',(0.999287825269,3.77338345427E-02,0.));
#9711 = ADVANCED_FACE('',(#9712),#9723,.T.);
#9712 = FACE_BOUND('',#9713,.T.);
#9713 = EDGE_LOOP('',(#9714,#9720,#9721,#9722));
#9714 = ORIENTED_EDGE('',*,*,#9715,.T.);
#9715 = EDGE_CURVE('',#520,#4508,#9716,.T.);
#9716 = LINE('',#9717,#9718);
#9717 = CARTESIAN_POINT('',(80.269331,-95.915027,0.));
#9718 = VECTOR('',#9719,1.);
#9719 = DIRECTION('',(0.,0.,1.));
#9720 = ORIENTED_EDGE('',*,*,#4507,.T.);
#9721 = ORIENTED_EDGE('',*,*,#9681,.F.);
#9722 = ORIENTED_EDGE('',*,*,#519,.F.);
#9723 = PLANE('',#9724);
#9724 = AXIS2_PLACEMENT_3D('',#9725,#9726,#9727);
#9725 = CARTESIAN_POINT('',(80.269331,-95.915027,0.));
#9726 = DIRECTION('',(-0.971115583232,0.238609563939,0.));
#9727 = DIRECTION('',(0.238609563939,0.971115583232,0.));
#9728 = ADVANCED_FACE('',(#9729),#9740,.T.);
#9729 = FACE_BOUND('',#9730,.T.);
#9730 = EDGE_LOOP('',(#9731,#9732,#9733,#9739));
#9731 = ORIENTED_EDGE('',*,*,#9700,.T.);
#9732 = ORIENTED_EDGE('',*,*,#6907,.T.);
#9733 = ORIENTED_EDGE('',*,*,#9734,.F.);
#9734 = EDGE_CURVE('',#2912,#6900,#9735,.T.);
#9735 = LINE('',#9736,#9737);
#9736 = CARTESIAN_POINT('',(151.496407,-72.932342,0.));
#9737 = VECTOR('',#9738,1.);
#9738 = DIRECTION('',(0.,0.,1.));
#9739 = ORIENTED_EDGE('',*,*,#2919,.F.);
#9740 = PLANE('',#9741);
#9741 = AXIS2_PLACEMENT_3D('',#9742,#9743,#9744);
#9742 = CARTESIAN_POINT('',(150.67494,-72.95082,0.));
#9743 = DIRECTION('',(-2.248821567205E-02,0.999747108101,0.));
#9744 = DIRECTION('',(0.999747108101,2.248821567205E-02,0.));
#9745 = ADVANCED_FACE('',(#9746),#9757,.T.);
#9746 = FACE_BOUND('',#9747,.T.);
#9747 = EDGE_LOOP('',(#9748,#9754,#9755,#9756));
#9748 = ORIENTED_EDGE('',*,*,#9749,.T.);
#9749 = EDGE_CURVE('',#528,#4516,#9750,.T.);
#9750 = LINE('',#9751,#9752);
#9751 = CARTESIAN_POINT('',(80.086666,-96.703548,0.));
#9752 = VECTOR('',#9753,1.);
#9753 = DIRECTION('',(0.,0.,1.));
#9754 = ORIENTED_EDGE('',*,*,#4515,.T.);
#9755 = ORIENTED_EDGE('',*,*,#9715,.F.);
#9756 = ORIENTED_EDGE('',*,*,#527,.F.);
#9757 = PLANE('',#9758);
#9758 = AXIS2_PLACEMENT_3D('',#9759,#9760,#9761);
#9759 = CARTESIAN_POINT('',(80.086666,-96.703548,0.));
#9760 = DIRECTION('',(-0.974201739398,0.225678911186,0.));
#9761 = DIRECTION('',(0.225678911186,0.974201739398,0.));
#9762 = ADVANCED_FACE('',(#9763),#9774,.T.);
#9763 = FACE_BOUND('',#9764,.T.);
#9764 = EDGE_LOOP('',(#9765,#9766,#9767,#9773));
#9765 = ORIENTED_EDGE('',*,*,#9734,.T.);
#9766 = ORIENTED_EDGE('',*,*,#6899,.T.);
#9767 = ORIENTED_EDGE('',*,*,#9768,.F.);
#9768 = EDGE_CURVE('',#2904,#6892,#9769,.T.);
#9769 = LINE('',#9770,#9771);
#9770 = CARTESIAN_POINT('',(152.588941,-72.923138,0.));
#9771 = VECTOR('',#9772,1.);
#9772 = DIRECTION('',(0.,0.,1.));
#9773 = ORIENTED_EDGE('',*,*,#2911,.F.);
#9774 = PLANE('',#9775);
#9775 = AXIS2_PLACEMENT_3D('',#9776,#9777,#9778);
#9776 = CARTESIAN_POINT('',(151.496407,-72.932342,0.));
#9777 = DIRECTION('',(-8.42415284748E-03,0.999964516195,0.));
#9778 = DIRECTION('',(0.999964516195,8.42415284748E-03,0.));
#9779 = ADVANCED_FACE('',(#9780),#9791,.T.);
#9780 = FACE_BOUND('',#9781,.T.);
#9781 = EDGE_LOOP('',(#9782,#9788,#9789,#9790));
#9782 = ORIENTED_EDGE('',*,*,#9783,.T.);
#9783 = EDGE_CURVE('',#536,#4524,#9784,.T.);
#9784 = LINE('',#9785,#9786);
#9785 = CARTESIAN_POINT('',(79.910143,-97.516656,0.));
#9786 = VECTOR('',#9787,1.);
#9787 = DIRECTION('',(0.,0.,1.));
#9788 = ORIENTED_EDGE('',*,*,#4523,.T.);
#9789 = ORIENTED_EDGE('',*,*,#9749,.F.);
#9790 = ORIENTED_EDGE('',*,*,#535,.F.);
#9791 = PLANE('',#9792);
#9792 = AXIS2_PLACEMENT_3D('',#9793,#9794,#9795);
#9793 = CARTESIAN_POINT('',(79.910143,-97.516656,0.));
#9794 = DIRECTION('',(-0.977236103307,0.212154656779,0.));
#9795 = DIRECTION('',(0.212154656779,0.977236103307,0.));
#9796 = ADVANCED_FACE('',(#9797),#9808,.T.);
#9797 = FACE_BOUND('',#9798,.T.);
#9798 = EDGE_LOOP('',(#9799,#9800,#9801,#9807));
#9799 = ORIENTED_EDGE('',*,*,#9768,.T.);
#9800 = ORIENTED_EDGE('',*,*,#6891,.T.);
#9801 = ORIENTED_EDGE('',*,*,#9802,.F.);
#9802 = EDGE_CURVE('',#2896,#6884,#9803,.T.);
#9803 = LINE('',#9804,#9805);
#9804 = CARTESIAN_POINT('',(153.919358,-72.932822,0.));
#9805 = VECTOR('',#9806,1.);
#9806 = DIRECTION('',(0.,0.,1.));
#9807 = ORIENTED_EDGE('',*,*,#2903,.F.);
#9808 = PLANE('',#9809);
#9809 = AXIS2_PLACEMENT_3D('',#9810,#9811,#9812);
#9810 = CARTESIAN_POINT('',(152.588941,-72.923138,0.));
#9811 = DIRECTION('',(7.278727998834E-03,0.999973509708,-0.));
#9812 = DIRECTION('',(0.999973509708,-7.278727998834E-03,0.));
#9813 = ADVANCED_FACE('',(#9814),#9825,.T.);
#9814 = FACE_BOUND('',#9815,.T.);
#9815 = EDGE_LOOP('',(#9816,#9822,#9823,#9824));
#9816 = ORIENTED_EDGE('',*,*,#9817,.T.);
#9817 = EDGE_CURVE('',#544,#4532,#9818,.T.);
#9818 = LINE('',#9819,#9820);
#9819 = CARTESIAN_POINT('',(79.7412,-98.352993,0.));
#9820 = VECTOR('',#9821,1.);
#9821 = DIRECTION('',(0.,0.,1.));
#9822 = ORIENTED_EDGE('',*,*,#4531,.T.);
#9823 = ORIENTED_EDGE('',*,*,#9783,.F.);
#9824 = ORIENTED_EDGE('',*,*,#543,.F.);
#9825 = PLANE('',#9826);
#9826 = AXIS2_PLACEMENT_3D('',#9827,#9828,#9829);
#9827 = CARTESIAN_POINT('',(79.7412,-98.352993,0.));
#9828 = DIRECTION('',(-0.980201197599,0.198004071237,0.));
#9829 = DIRECTION('',(0.198004071237,0.980201197599,0.));
#9830 = ADVANCED_FACE('',(#9831),#9842,.T.);
#9831 = FACE_BOUND('',#9832,.T.);
#9832 = EDGE_LOOP('',(#9833,#9834,#9835,#9841));
#9833 = ORIENTED_EDGE('',*,*,#9802,.T.);
#9834 = ORIENTED_EDGE('',*,*,#6883,.T.);
#9835 = ORIENTED_EDGE('',*,*,#9836,.F.);
#9836 = EDGE_CURVE('',#2888,#6876,#9837,.T.);
#9837 = LINE('',#9838,#9839);
#9838 = CARTESIAN_POINT('',(155.454474,-72.971009,0.));
#9839 = VECTOR('',#9840,1.);
#9840 = DIRECTION('',(0.,0.,1.));
#9841 = ORIENTED_EDGE('',*,*,#2895,.F.);
#9842 = PLANE('',#9843);
#9843 = AXIS2_PLACEMENT_3D('',#9844,#9845,#9846);
#9844 = CARTESIAN_POINT('',(153.919358,-72.932822,0.));
#9845 = DIRECTION('',(2.486795165104E-02,0.999690744671,-0.));
#9846 = DIRECTION('',(0.999690744671,-2.486795165104E-02,0.));
#9847 = ADVANCED_FACE('',(#9848),#9859,.T.);
#9848 = FACE_BOUND('',#9849,.T.);
#9849 = EDGE_LOOP('',(#9850,#9856,#9857,#9858));
#9850 = ORIENTED_EDGE('',*,*,#9851,.T.);
#9851 = EDGE_CURVE('',#552,#4540,#9852,.T.);
#9852 = LINE('',#9853,#9854);
#9853 = CARTESIAN_POINT('',(79.581272,-99.211201,0.));
#9854 = VECTOR('',#9855,1.);
#9855 = DIRECTION('',(0.,0.,1.));
#9856 = ORIENTED_EDGE('',*,*,#4539,.T.);
#9857 = ORIENTED_EDGE('',*,*,#9817,.F.);
#9858 = ORIENTED_EDGE('',*,*,#551,.F.);
#9859 = PLANE('',#9860);
#9860 = AXIS2_PLACEMENT_3D('',#9861,#9862,#9863);
#9861 = CARTESIAN_POINT('',(79.581272,-99.211201,0.));
#9862 = DIRECTION('',(-0.983076163057,0.183197318838,0.));
#9863 = DIRECTION('',(0.183197318838,0.983076163057,0.));
#9864 = ADVANCED_FACE('',(#9865),#9876,.T.);
#9865 = FACE_BOUND('',#9866,.T.);
#9866 = EDGE_LOOP('',(#9867,#9868,#9869,#9875));
#9867 = ORIENTED_EDGE('',*,*,#9836,.T.);
#9868 = ORIENTED_EDGE('',*,*,#6875,.T.);
#9869 = ORIENTED_EDGE('',*,*,#9870,.F.);
#9870 = EDGE_CURVE('',#2880,#6868,#9871,.T.);
#9871 = LINE('',#9872,#9873);
#9872 = CARTESIAN_POINT('',(157.161105,-73.047313,0.));
#9873 = VECTOR('',#9874,1.);
#9874 = DIRECTION('',(0.,0.,1.));
#9875 = ORIENTED_EDGE('',*,*,#2887,.F.);
#9876 = PLANE('',#9877);
#9877 = AXIS2_PLACEMENT_3D('',#9878,#9879,#9880);
#9878 = CARTESIAN_POINT('',(155.454474,-72.971009,0.));
#9879 = DIRECTION('',(4.466568804618E-02,0.999001990144,-0.));
#9880 = DIRECTION('',(0.999001990144,-4.466568804618E-02,0.));
#9881 = ADVANCED_FACE('',(#9882),#9893,.T.);
#9882 = FACE_BOUND('',#9883,.T.);
#9883 = EDGE_LOOP('',(#9884,#9890,#9891,#9892));
#9884 = ORIENTED_EDGE('',*,*,#9885,.T.);
#9885 = EDGE_CURVE('',#560,#4548,#9886,.T.);
#9886 = LINE('',#9887,#9888);
#9887 = CARTESIAN_POINT('',(79.431796,-100.08992,0.));
#9888 = VECTOR('',#9889,1.);
#9889 = DIRECTION('',(0.,0.,1.));
#9890 = ORIENTED_EDGE('',*,*,#4547,.T.);
#9891 = ORIENTED_EDGE('',*,*,#9851,.F.);
#9892 = ORIENTED_EDGE('',*,*,#559,.F.);
#9893 = PLANE('',#9894);
#9894 = AXIS2_PLACEMENT_3D('',#9895,#9896,#9897);
#9895 = CARTESIAN_POINT('',(79.431796,-100.08992,0.));
#9896 = DIRECTION('',(-0.985838459541,0.167697739071,0.));
#9897 = DIRECTION('',(0.167697739071,0.985838459541,0.));
#9898 = ADVANCED_FACE('',(#9899),#9910,.T.);
#9899 = FACE_BOUND('',#9900,.T.);
#9900 = EDGE_LOOP('',(#9901,#9902,#9903,#9909));
#9901 = ORIENTED_EDGE('',*,*,#9870,.T.);
#9902 = ORIENTED_EDGE('',*,*,#6867,.T.);
#9903 = ORIENTED_EDGE('',*,*,#9904,.F.);
#9904 = EDGE_CURVE('',#2872,#6860,#9905,.T.);
#9905 = LINE('',#9906,#9907);
#9906 = CARTESIAN_POINT('',(158.068368,-73.102763,0.));
#9907 = VECTOR('',#9908,1.);
#9908 = DIRECTION('',(0.,0.,1.));
#9909 = ORIENTED_EDGE('',*,*,#2879,.F.);
#9910 = PLANE('',#9911);
#9911 = AXIS2_PLACEMENT_3D('',#9912,#9913,#9914);
#9912 = CARTESIAN_POINT('',(157.161105,-73.047313,0.));
#9913 = DIRECTION('',(6.100405877059E-02,0.998137517987,-0.));
#9914 = DIRECTION('',(0.998137517987,-6.100405877059E-02,0.));
#9915 = ADVANCED_FACE('',(#9916),#9927,.T.);
#9916 = FACE_BOUND('',#9917,.T.);
#9917 = EDGE_LOOP('',(#9918,#9924,#9925,#9926));
#9918 = ORIENTED_EDGE('',*,*,#9919,.T.);
#9919 = EDGE_CURVE('',#568,#4556,#9920,.T.);
#9920 = LINE('',#9921,#9922);
#9921 = CARTESIAN_POINT('',(79.294208,-100.987794,0.));
#9922 = VECTOR('',#9923,1.);
#9923 = DIRECTION('',(0.,0.,1.));
#9924 = ORIENTED_EDGE('',*,*,#4555,.T.);
#9925 = ORIENTED_EDGE('',*,*,#9885,.F.);
#9926 = ORIENTED_EDGE('',*,*,#567,.F.);
#9927 = PLANE('',#9928);
#9928 = AXIS2_PLACEMENT_3D('',#9929,#9930,#9931);
#9929 = CARTESIAN_POINT('',(79.294208,-100.987794,0.));
#9930 = DIRECTION('',(-0.98846193604,0.151469472171,0.));
#9931 = DIRECTION('',(0.151469472171,0.98846193604,0.));
#9932 = ADVANCED_FACE('',(#9933),#9944,.T.);
#9933 = FACE_BOUND('',#9934,.T.);
#9934 = EDGE_LOOP('',(#9935,#9936,#9937,#9943));
#9935 = ORIENTED_EDGE('',*,*,#9904,.T.);
#9936 = ORIENTED_EDGE('',*,*,#6859,.T.);
#9937 = ORIENTED_EDGE('',*,*,#9938,.F.);
#9938 = EDGE_CURVE('',#2864,#6852,#9939,.T.);
#9939 = LINE('',#9940,#9941);
#9940 = CARTESIAN_POINT('',(159.006066,-73.171348,0.));
#9941 = VECTOR('',#9942,1.);
#9942 = DIRECTION('',(0.,0.,1.));
#9943 = ORIENTED_EDGE('',*,*,#2871,.F.);
#9944 = PLANE('',#9945);
#9945 = AXIS2_PLACEMENT_3D('',#9946,#9947,#9948);
#9946 = CARTESIAN_POINT('',(158.068368,-73.102763,0.));
#9947 = DIRECTION('',(7.294702240031E-02,0.997335817026,-0.));
#9948 = DIRECTION('',(0.997335817026,-7.294702240031E-02,0.));
#9949 = ADVANCED_FACE('',(#9950),#9961,.T.);
#9950 = FACE_BOUND('',#9951,.T.);
#9951 = EDGE_LOOP('',(#9952,#9958,#9959,#9960));
#9952 = ORIENTED_EDGE('',*,*,#9953,.T.);
#9953 = EDGE_CURVE('',#576,#4564,#9954,.T.);
#9954 = LINE('',#9955,#9956);
#9955 = CARTESIAN_POINT('',(79.169945,-101.903464,0.));
#9956 = VECTOR('',#9957,1.);
#9957 = DIRECTION('',(0.,0.,1.));
#9958 = ORIENTED_EDGE('',*,*,#4563,.T.);
#9959 = ORIENTED_EDGE('',*,*,#9919,.F.);
#9960 = ORIENTED_EDGE('',*,*,#575,.F.);
#9961 = PLANE('',#9962);
#9962 = AXIS2_PLACEMENT_3D('',#9963,#9964,#9965);
#9963 = CARTESIAN_POINT('',(79.169945,-101.903464,0.));
#9964 = DIRECTION('',(-0.990917045667,0.134474564904,0.));
#9965 = DIRECTION('',(0.134474564904,0.990917045667,0.));
#9966 = ADVANCED_FACE('',(#9967),#9978,.T.);
#9967 = FACE_BOUND('',#9968,.T.);
#9968 = EDGE_LOOP('',(#9969,#9970,#9971,#9977));
#9969 = ORIENTED_EDGE('',*,*,#9938,.T.);
#9970 = ORIENTED_EDGE('',*,*,#6851,.T.);
#9971 = ORIENTED_EDGE('',*,*,#9972,.F.);
#9972 = EDGE_CURVE('',#2856,#6844,#9973,.T.);
#9973 = LINE('',#9974,#9975);
#9974 = CARTESIAN_POINT('',(159.970051,-73.25427,0.));
#9975 = VECTOR('',#9976,1.);
#9976 = DIRECTION('',(0.,0.,1.));
#9977 = ORIENTED_EDGE('',*,*,#2863,.F.);
#9978 = PLANE('',#9979);
#9979 = AXIS2_PLACEMENT_3D('',#9980,#9981,#9982);
#9980 = CARTESIAN_POINT('',(159.006066,-73.171348,0.));
#9981 = DIRECTION('',(8.570351596885E-02,0.996320684996,-0.));
#9982 = DIRECTION('',(0.996320684996,-8.570351596885E-02,0.));
#9983 = ADVANCED_FACE('',(#9984),#9995,.T.);
#9984 = FACE_BOUND('',#9985,.T.);
#9985 = EDGE_LOOP('',(#9986,#9992,#9993,#9994));
#9986 = ORIENTED_EDGE('',*,*,#9987,.T.);
#9987 = EDGE_CURVE('',#584,#4572,#9988,.T.);
#9988 = LINE('',#9989,#9990);
#9989 = CARTESIAN_POINT('',(79.060444,-102.835572,0.));
#9990 = VECTOR('',#9991,1.);
#9991 = DIRECTION('',(0.,0.,1.));
#9992 = ORIENTED_EDGE('',*,*,#4571,.T.);
#9993 = ORIENTED_EDGE('',*,*,#9953,.F.);
#9994 = ORIENTED_EDGE('',*,*,#583,.F.);
#9995 = PLANE('',#9996);
#9996 = AXIS2_PLACEMENT_3D('',#9997,#9998,#9999);
#9997 = CARTESIAN_POINT('',(79.060444,-102.835572,0.));
#9998 = DIRECTION('',(-0.993170220416,0.116674389991,0.));
#9999 = DIRECTION('',(0.116674389991,0.993170220416,0.));
#10000 = ADVANCED_FACE('',(#10001),#10012,.T.);
#10001 = FACE_BOUND('',#10002,.T.);
#10002 = EDGE_LOOP('',(#10003,#10004,#10005,#10011));
#10003 = ORIENTED_EDGE('',*,*,#9972,.T.);
#10004 = ORIENTED_EDGE('',*,*,#6843,.T.);
#10005 = ORIENTED_EDGE('',*,*,#10006,.F.);
#10006 = EDGE_CURVE('',#2848,#6836,#10007,.T.);
#10007 = LINE('',#10008,#10009);
#10008 = CARTESIAN_POINT('',(160.956174,-73.352729,0.));
#10009 = VECTOR('',#10010,1.);
#10010 = DIRECTION('',(0.,0.,1.));
#10011 = ORIENTED_EDGE('',*,*,#2855,.F.);
#10012 = PLANE('',#10013);
#10013 = AXIS2_PLACEMENT_3D('',#10014,#10015,#10016);
#10014 = CARTESIAN_POINT('',(159.970051,-73.25427,0.));
#10015 = DIRECTION('',(9.935056125332E-02,0.995052494082,-0.));
#10016 = DIRECTION('',(0.995052494082,-9.935056125332E-02,0.));
#10017 = ADVANCED_FACE('',(#10018),#10029,.T.);
#10018 = FACE_BOUND('',#10019,.T.);
#10019 = EDGE_LOOP('',(#10020,#10026,#10027,#10028));
#10020 = ORIENTED_EDGE('',*,*,#10021,.T.);
#10021 = EDGE_CURVE('',#592,#4580,#10022,.T.);
#10022 = LINE('',#10023,#10024);
#10023 = CARTESIAN_POINT('',(78.967141,-103.782759,0.));
#10024 = VECTOR('',#10025,1.);
#10025 = DIRECTION('',(0.,0.,1.));
#10026 = ORIENTED_EDGE('',*,*,#4579,.T.);
#10027 = ORIENTED_EDGE('',*,*,#9987,.F.);
#10028 = ORIENTED_EDGE('',*,*,#591,.F.);
#10029 = PLANE('',#10030);
#10030 = AXIS2_PLACEMENT_3D('',#10031,#10032,#10033);
#10031 = CARTESIAN_POINT('',(78.967141,-103.782759,0.));
#10032 = DIRECTION('',(-0.995183371365,9.803090002128E-02,0.));
#10033 = DIRECTION('',(9.803090002128E-02,0.995183371365,0.));
#10034 = ADVANCED_FACE('',(#10035),#10046,.T.);
#10035 = FACE_BOUND('',#10036,.T.);
#10036 = EDGE_LOOP('',(#10037,#10038,#10039,#10045));
#10037 = ORIENTED_EDGE('',*,*,#10006,.T.);
#10038 = ORIENTED_EDGE('',*,*,#6835,.T.);
#10039 = ORIENTED_EDGE('',*,*,#10040,.F.);
#10040 = EDGE_CURVE('',#2840,#6828,#10041,.T.);
#10041 = LINE('',#10042,#10043);
#10042 = CARTESIAN_POINT('',(161.960287,-73.467929,0.));
#10043 = VECTOR('',#10044,1.);
#10044 = DIRECTION('',(0.,0.,1.));
#10045 = ORIENTED_EDGE('',*,*,#2847,.F.);
#10046 = PLANE('',#10047);
#10047 = AXIS2_PLACEMENT_3D('',#10048,#10049,#10050);
#10048 = CARTESIAN_POINT('',(160.956174,-73.352729,0.));
#10049 = DIRECTION('',(0.113980439366,0.993482994038,-0.));
#10050 = DIRECTION('',(0.993482994038,-0.113980439366,0.));
#10051 = ADVANCED_FACE('',(#10052),#10063,.T.);
#10052 = FACE_BOUND('',#10053,.T.);
#10053 = EDGE_LOOP('',(#10054,#10060,#10061,#10062));
#10054 = ORIENTED_EDGE('',*,*,#10055,.T.);
#10055 = EDGE_CURVE('',#600,#4588,#10056,.T.);
#10056 = LINE('',#10057,#10058);
#10057 = CARTESIAN_POINT('',(78.891472,-104.743668,0.));
#10058 = VECTOR('',#10059,1.);
#10059 = DIRECTION('',(0.,0.,1.));
#10060 = ORIENTED_EDGE('',*,*,#4587,.T.);
#10061 = ORIENTED_EDGE('',*,*,#10021,.F.);
#10062 = ORIENTED_EDGE('',*,*,#599,.F.);
#10063 = PLANE('',#10064);
#10064 = AXIS2_PLACEMENT_3D('',#10065,#10066,#10067);
#10065 = CARTESIAN_POINT('',(78.891472,-104.743668,0.));
#10066 = DIRECTION('',(-0.996913776675,7.850427935131E-02,0.));
#10067 = DIRECTION('',(7.850427935131E-02,0.996913776675,0.));
#10068 = ADVANCED_FACE('',(#10069),#10080,.T.);
#10069 = FACE_BOUND('',#10070,.T.);
#10070 = EDGE_LOOP('',(#10071,#10072,#10073,#10079));
#10071 = ORIENTED_EDGE('',*,*,#10040,.T.);
#10072 = ORIENTED_EDGE('',*,*,#6827,.T.);
#10073 = ORIENTED_EDGE('',*,*,#10074,.F.);
#10074 = EDGE_CURVE('',#2832,#6820,#10075,.T.);
#10075 = LINE('',#10076,#10077);
#10076 = CARTESIAN_POINT('',(162.978243,-73.601071,0.));
#10077 = VECTOR('',#10078,1.);
#10078 = DIRECTION('',(0.,0.,1.));
#10079 = ORIENTED_EDGE('',*,*,#2839,.F.);
#10080 = PLANE('',#10081);
#10081 = AXIS2_PLACEMENT_3D('',#10082,#10083,#10084);
#10082 = CARTESIAN_POINT('',(161.960287,-73.467929,0.));
#10083 = DIRECTION('',(0.129688886882,0.99155473506,-0.));
#10084 = DIRECTION('',(0.99155473506,-0.129688886882,0.));
#10085 = ADVANCED_FACE('',(#10086),#10097,.T.);
#10086 = FACE_BOUND('',#10087,.T.);
#10087 = EDGE_LOOP('',(#10088,#10094,#10095,#10096));
#10088 = ORIENTED_EDGE('',*,*,#10089,.T.);
#10089 = EDGE_CURVE('',#608,#4596,#10090,.T.);
#10090 = LINE('',#10091,#10092);
#10091 = CARTESIAN_POINT('',(78.834875,-105.71694,0.));
#10092 = VECTOR('',#10093,1.);
#10093 = DIRECTION('',(0.,0.,1.));
#10094 = ORIENTED_EDGE('',*,*,#4595,.T.);
#10095 = ORIENTED_EDGE('',*,*,#10055,.F.);
#10096 = ORIENTED_EDGE('',*,*,#607,.F.);
#10097 = PLANE('',#10098);
#10098 = AXIS2_PLACEMENT_3D('',#10099,#10100,#10101);
#10099 = CARTESIAN_POINT('',(78.834875,-105.71694,0.));
#10100 = DIRECTION('',(-0.998313491152,5.805319443969E-02,0.));
#10101 = DIRECTION('',(5.805319443969E-02,0.998313491152,0.));
#10102 = ADVANCED_FACE('',(#10103),#10114,.T.);
#10103 = FACE_BOUND('',#10104,.T.);
#10104 = EDGE_LOOP('',(#10105,#10106,#10107,#10113));
#10105 = ORIENTED_EDGE('',*,*,#10074,.T.);
#10106 = ORIENTED_EDGE('',*,*,#6819,.T.);
#10107 = ORIENTED_EDGE('',*,*,#10108,.F.);
#10108 = EDGE_CURVE('',#2824,#6812,#10109,.T.);
#10109 = LINE('',#10110,#10111);
#10110 = CARTESIAN_POINT('',(164.005893,-73.753356,0.));
#10111 = VECTOR('',#10112,1.);
#10112 = DIRECTION('',(0.,0.,1.));
#10113 = ORIENTED_EDGE('',*,*,#2831,.F.);
#10114 = PLANE('',#10115);
#10115 = AXIS2_PLACEMENT_3D('',#10116,#10117,#10118);
#10116 = CARTESIAN_POINT('',(162.978243,-73.601071,0.));
#10117 = DIRECTION('',(0.146586860643,0.989197802407,-0.));
#10118 = DIRECTION('',(0.989197802407,-0.146586860643,0.));
#10119 = ADVANCED_FACE('',(#10120),#10131,.T.);
#10120 = FACE_BOUND('',#10121,.T.);
#10121 = EDGE_LOOP('',(#10122,#10128,#10129,#10130));
#10122 = ORIENTED_EDGE('',*,*,#10123,.T.);
#10123 = EDGE_CURVE('',#616,#4604,#10124,.T.);
#10124 = LINE('',#10125,#10126);
#10125 = CARTESIAN_POINT('',(78.798785,-106.701217,0.));
#10126 = VECTOR('',#10127,1.);
#10127 = DIRECTION('',(0.,0.,1.));
#10128 = ORIENTED_EDGE('',*,*,#4603,.T.);
#10129 = ORIENTED_EDGE('',*,*,#10089,.F.);
#10130 = ORIENTED_EDGE('',*,*,#615,.F.);
#10131 = PLANE('',#10132);
#10132 = AXIS2_PLACEMENT_3D('',#10133,#10134,#10135);
#10133 = CARTESIAN_POINT('',(78.798785,-106.701217,0.));
#10134 = DIRECTION('',(-0.999328460668,3.664188449542E-02,0.));
#10135 = DIRECTION('',(3.664188449542E-02,0.999328460668,0.));
#10136 = ADVANCED_FACE('',(#10137),#10148,.T.);
#10137 = FACE_BOUND('',#10138,.T.);
#10138 = EDGE_LOOP('',(#10139,#10140,#10141,#10147));
#10139 = ORIENTED_EDGE('',*,*,#10108,.T.);
#10140 = ORIENTED_EDGE('',*,*,#6811,.T.);
#10141 = ORIENTED_EDGE('',*,*,#10142,.F.);
#10142 = EDGE_CURVE('',#2816,#6804,#10143,.T.);
#10143 = LINE('',#10144,#10145);
#10144 = CARTESIAN_POINT('',(165.03909,-73.925986,0.));
#10145 = VECTOR('',#10146,1.);
#10146 = DIRECTION('',(0.,0.,1.));
#10147 = ORIENTED_EDGE('',*,*,#2823,.F.);
#10148 = PLANE('',#10149);
#10149 = AXIS2_PLACEMENT_3D('',#10150,#10151,#10152);
#10150 = CARTESIAN_POINT('',(164.005893,-73.753356,0.));
#10151 = DIRECTION('',(0.164798837336,0.986327198861,-0.));
#10152 = DIRECTION('',(0.986327198861,-0.164798837336,0.));
#10153 = ADVANCED_FACE('',(#10154),#10165,.T.);
#10154 = FACE_BOUND('',#10155,.T.);
#10155 = EDGE_LOOP('',(#10156,#10162,#10163,#10164));
#10156 = ORIENTED_EDGE('',*,*,#10157,.T.);
#10157 = EDGE_CURVE('',#624,#4612,#10158,.T.);
#10158 = LINE('',#10159,#10160);
#10159 = CARTESIAN_POINT('',(78.784639,-107.69514,0.));
#10160 = VECTOR('',#10161,1.);
#10161 = DIRECTION('',(0.,0.,1.));
#10162 = ORIENTED_EDGE('',*,*,#4611,.T.);
#10163 = ORIENTED_EDGE('',*,*,#10123,.F.);
#10164 = ORIENTED_EDGE('',*,*,#623,.F.);
#10165 = PLANE('',#10166);
#10166 = AXIS2_PLACEMENT_3D('',#10167,#10168,#10169);
#10167 = CARTESIAN_POINT('',(78.784639,-107.69514,0.));
#10168 = DIRECTION('',(-0.999898733487,1.423104957215E-02,0.));
#10169 = DIRECTION('',(1.423104957215E-02,0.999898733487,0.));
#10170 = ADVANCED_FACE('',(#10171),#10182,.T.);
#10171 = FACE_BOUND('',#10172,.T.);
#10172 = EDGE_LOOP('',(#10173,#10174,#10175,#10181));
#10173 = ORIENTED_EDGE('',*,*,#10142,.T.);
#10174 = ORIENTED_EDGE('',*,*,#6803,.T.);
#10175 = ORIENTED_EDGE('',*,*,#10176,.F.);
#10176 = EDGE_CURVE('',#2808,#6796,#10177,.T.);
#10177 = LINE('',#10178,#10179);
#10178 = CARTESIAN_POINT('',(166.073685,-74.120164,0.));
#10179 = VECTOR('',#10180,1.);
#10180 = DIRECTION('',(0.,0.,1.));
#10181 = ORIENTED_EDGE('',*,*,#2815,.F.);
#10182 = PLANE('',#10183);
#10183 = AXIS2_PLACEMENT_3D('',#10184,#10185,#10186);
#10184 = CARTESIAN_POINT('',(165.03909,-73.925986,0.));
#10185 = DIRECTION('',(0.184464216512,0.982839230407,-0.));
#10186 = DIRECTION('',(0.982839230407,-0.184464216512,0.));
#10187 = ADVANCED_FACE('',(#10188),#10199,.T.);
#10188 = FACE_BOUND('',#10189,.T.);
#10189 = EDGE_LOOP('',(#10190,#10196,#10197,#10198));
#10190 = ORIENTED_EDGE('',*,*,#10191,.T.);
#10191 = EDGE_CURVE('',#632,#4620,#10192,.T.);
#10192 = LINE('',#10193,#10194);
#10193 = CARTESIAN_POINT('',(78.793874,-108.697353,0.));
#10194 = VECTOR('',#10195,1.);
#10195 = DIRECTION('',(0.,0.,1.));
#10196 = ORIENTED_EDGE('',*,*,#4619,.T.);
#10197 = ORIENTED_EDGE('',*,*,#10157,.F.);
#10198 = ORIENTED_EDGE('',*,*,#631,.F.);
#10199 = PLANE('',#10200);
#10200 = AXIS2_PLACEMENT_3D('',#10201,#10202,#10203);
#10201 = CARTESIAN_POINT('',(78.793874,-108.697353,0.));
#10202 = DIRECTION('',(-0.999957548202,-9.214216895663E-03,0.));
#10203 = DIRECTION('',(-9.214216895663E-03,0.999957548202,0.));
#10204 = ADVANCED_FACE('',(#10205),#10216,.T.);
#10205 = FACE_BOUND('',#10206,.T.);
#10206 = EDGE_LOOP('',(#10207,#10208,#10209,#10215));
#10207 = ORIENTED_EDGE('',*,*,#10176,.T.);
#10208 = ORIENTED_EDGE('',*,*,#6795,.T.);
#10209 = ORIENTED_EDGE('',*,*,#10210,.F.);
#10210 = EDGE_CURVE('',#2800,#6788,#10211,.T.);
#10211 = LINE('',#10212,#10213);
#10212 = CARTESIAN_POINT('',(167.10553,-74.337091,0.));
#10213 = VECTOR('',#10214,1.);
#10214 = DIRECTION('',(0.,0.,1.));
#10215 = ORIENTED_EDGE('',*,*,#2807,.F.);
#10216 = PLANE('',#10217);
#10217 = AXIS2_PLACEMENT_3D('',#10218,#10219,#10220);
#10218 = CARTESIAN_POINT('',(166.073685,-74.120164,0.));
#10219 = DIRECTION('',(0.205734823889,0.978607777529,-0.));
#10220 = DIRECTION('',(0.978607777529,-0.205734823889,0.));
#10221 = ADVANCED_FACE('',(#10222),#10233,.T.);
#10222 = FACE_BOUND('',#10223,.T.);
#10223 = EDGE_LOOP('',(#10224,#10230,#10231,#10232));
#10224 = ORIENTED_EDGE('',*,*,#10225,.T.);
#10225 = EDGE_CURVE('',#640,#4628,#10226,.T.);
#10226 = LINE('',#10227,#10228);
#10227 = CARTESIAN_POINT('',(78.827926,-109.706496,0.));
#10228 = VECTOR('',#10229,1.);
#10229 = DIRECTION('',(0.,0.,1.));
#10230 = ORIENTED_EDGE('',*,*,#4627,.T.);
#10231 = ORIENTED_EDGE('',*,*,#10191,.F.);
#10232 = ORIENTED_EDGE('',*,*,#639,.F.);
#10233 = PLANE('',#10234);
#10234 = AXIS2_PLACEMENT_3D('',#10235,#10236,#10237);
#10235 = CARTESIAN_POINT('',(78.827926,-109.706496,0.));
#10236 = DIRECTION('',(-0.999431174379,-3.372428917402E-02,0.));
#10237 = DIRECTION('',(-3.372428917402E-02,0.999431174379,0.));
#10238 = ADVANCED_FACE('',(#10239),#10250,.T.);
#10239 = FACE_BOUND('',#10240,.T.);
#10240 = EDGE_LOOP('',(#10241,#10242,#10243,#10249));
#10241 = ORIENTED_EDGE('',*,*,#10210,.T.);
#10242 = ORIENTED_EDGE('',*,*,#6787,.T.);
#10243 = ORIENTED_EDGE('',*,*,#10244,.F.);
#10244 = EDGE_CURVE('',#2792,#6780,#10245,.T.);
#10245 = LINE('',#10246,#10247);
#10246 = CARTESIAN_POINT('',(168.130478,-74.577969,0.));
#10247 = VECTOR('',#10248,1.);
#10248 = DIRECTION('',(0.,0.,1.));
#10249 = ORIENTED_EDGE('',*,*,#2799,.F.);
#10250 = PLANE('',#10251);
#10251 = AXIS2_PLACEMENT_3D('',#10252,#10253,#10254);
#10252 = CARTESIAN_POINT('',(167.10553,-74.337091,0.));
#10253 = DIRECTION('',(0.228781725988,0.973477745947,-0.));
#10254 = DIRECTION('',(0.973477745947,-0.228781725988,0.));
#10255 = ADVANCED_FACE('',(#10256),#10267,.T.);
#10256 = FACE_BOUND('',#10257,.T.);
#10257 = EDGE_LOOP('',(#10258,#10264,#10265,#10266));
#10258 = ORIENTED_EDGE('',*,*,#10259,.T.);
#10259 = EDGE_CURVE('',#648,#4636,#10260,.T.);
#10260 = LINE('',#10261,#10262);
#10261 = CARTESIAN_POINT('',(78.888232,-110.721211,0.));
#10262 = VECTOR('',#10263,1.);
#10263 = DIRECTION('',(0.,0.,1.));
#10264 = ORIENTED_EDGE('',*,*,#4635,.T.);
#10265 = ORIENTED_EDGE('',*,*,#10225,.F.);
#10266 = ORIENTED_EDGE('',*,*,#647,.F.);
#10267 = PLANE('',#10268);
#10268 = AXIS2_PLACEMENT_3D('',#10269,#10270,#10271);
#10269 = CARTESIAN_POINT('',(78.888232,-110.721211,0.));
#10270 = DIRECTION('',(-0.998238615094,-5.932678429104E-02,0.));
#10271 = DIRECTION('',(-5.932678429104E-02,0.998238615094,0.));
#10272 = ADVANCED_FACE('',(#10273),#10284,.T.);
#10273 = FACE_BOUND('',#10274,.T.);
#10274 = EDGE_LOOP('',(#10275,#10276,#10277,#10283));
#10275 = ORIENTED_EDGE('',*,*,#10244,.T.);
#10276 = ORIENTED_EDGE('',*,*,#6779,.T.);
#10277 = ORIENTED_EDGE('',*,*,#10278,.F.);
#10278 = EDGE_CURVE('',#2784,#6772,#10279,.T.);
#10279 = LINE('',#10280,#10281);
#10280 = CARTESIAN_POINT('',(169.14438,-74.843999,0.));
#10281 = VECTOR('',#10282,1.);
#10282 = DIRECTION('',(0.,0.,1.));
#10283 = ORIENTED_EDGE('',*,*,#2791,.F.);
#10284 = PLANE('',#10285);
#10285 = AXIS2_PLACEMENT_3D('',#10286,#10287,#10288);
#10286 = CARTESIAN_POINT('',(168.130478,-74.577969,0.));
#10287 = DIRECTION('',(0.253791674203,0.967258903348,-0.));
#10288 = DIRECTION('',(0.967258903348,-0.253791674203,0.));
#10289 = ADVANCED_FACE('',(#10290),#10301,.T.);
#10290 = FACE_BOUND('',#10291,.T.);
#10291 = EDGE_LOOP('',(#10292,#10298,#10299,#10300));
#10292 = ORIENTED_EDGE('',*,*,#10293,.T.);
#10293 = EDGE_CURVE('',#656,#4644,#10294,.T.);
#10294 = LINE('',#10295,#10296);
#10295 = CARTESIAN_POINT('',(78.976228,-111.740141,0.));
#10296 = VECTOR('',#10297,1.);
#10297 = DIRECTION('',(0.,0.,1.));
#10298 = ORIENTED_EDGE('',*,*,#4643,.T.);
#10299 = ORIENTED_EDGE('',*,*,#10259,.F.);
#10300 = ORIENTED_EDGE('',*,*,#655,.F.);
#10301 = PLANE('',#10302);
#10302 = AXIS2_PLACEMENT_3D('',#10303,#10304,#10305);
#10303 = CARTESIAN_POINT('',(78.976228,-111.740141,0.));
#10304 = DIRECTION('',(-0.996291603827,-8.604092132962E-02,0.));
#10305 = DIRECTION('',(-8.604092132962E-02,0.996291603827,0.));
#10306 = ADVANCED_FACE('',(#10307),#10318,.T.);
#10307 = FACE_BOUND('',#10308,.T.);
#10308 = EDGE_LOOP('',(#10309,#10310,#10311,#10317));
#10309 = ORIENTED_EDGE('',*,*,#10278,.T.);
#10310 = ORIENTED_EDGE('',*,*,#6771,.T.);
#10311 = ORIENTED_EDGE('',*,*,#10312,.F.);
#10312 = EDGE_CURVE('',#2776,#6764,#10313,.T.);
#10313 = LINE('',#10314,#10315);
#10314 = CARTESIAN_POINT('',(170.143088,-75.136384,0.));
#10315 = VECTOR('',#10316,1.);
#10316 = DIRECTION('',(0.,0.,1.));
#10317 = ORIENTED_EDGE('',*,*,#2783,.F.);
#10318 = PLANE('',#10319);
#10319 = AXIS2_PLACEMENT_3D('',#10320,#10321,#10322);
#10320 = CARTESIAN_POINT('',(169.14438,-74.843999,0.));
#10321 = DIRECTION('',(0.28096975757,0.95971662241,-0.));
#10322 = DIRECTION('',(0.95971662241,-0.28096975757,0.));
#10323 = ADVANCED_FACE('',(#10324),#10335,.T.);
#10324 = FACE_BOUND('',#10325,.T.);
#10325 = EDGE_LOOP('',(#10326,#10332,#10333,#10334));
#10326 = ORIENTED_EDGE('',*,*,#10327,.T.);
#10327 = EDGE_CURVE('',#664,#4652,#10328,.T.);
#10328 = LINE('',#10329,#10330);
#10329 = CARTESIAN_POINT('',(79.093351,-112.761926,0.));
#10330 = VECTOR('',#10331,1.);
#10331 = DIRECTION('',(0.,0.,1.));
#10332 = ORIENTED_EDGE('',*,*,#4651,.T.);
#10333 = ORIENTED_EDGE('',*,*,#10293,.F.);
#10334 = ORIENTED_EDGE('',*,*,#663,.F.);
#10335 = PLANE('',#10336);
#10336 = AXIS2_PLACEMENT_3D('',#10337,#10338,#10339);
#10337 = CARTESIAN_POINT('',(79.093351,-112.761926,0.));
#10338 = DIRECTION('',(-0.993494491968,-0.113880175754,0.));
#10339 = DIRECTION('',(-0.113880175754,0.993494491968,0.));
#10340 = ADVANCED_FACE('',(#10341),#10352,.T.);
#10341 = FACE_BOUND('',#10342,.T.);
#10342 = EDGE_LOOP('',(#10343,#10344,#10345,#10351));
#10343 = ORIENTED_EDGE('',*,*,#10312,.T.);
#10344 = ORIENTED_EDGE('',*,*,#6763,.T.);
#10345 = ORIENTED_EDGE('',*,*,#10346,.F.);
#10346 = EDGE_CURVE('',#2768,#6756,#10347,.T.);
#10347 = LINE('',#10348,#10349);
#10348 = CARTESIAN_POINT('',(171.122455,-75.456325,0.));
#10349 = VECTOR('',#10350,1.);
#10350 = DIRECTION('',(0.,0.,1.));
#10351 = ORIENTED_EDGE('',*,*,#2775,.F.);
#10352 = PLANE('',#10353);
#10353 = AXIS2_PLACEMENT_3D('',#10354,#10355,#10356);
#10354 = CARTESIAN_POINT('',(170.143088,-75.136384,0.));
#10355 = DIRECTION('',(0.310531317252,0.950563149404,-0.));
#10356 = DIRECTION('',(0.950563149404,-0.310531317252,0.));
#10357 = ADVANCED_FACE('',(#10358),#10369,.T.);
#10358 = FACE_BOUND('',#10359,.T.);
#10359 = EDGE_LOOP('',(#10360,#10366,#10367,#10368));
#10360 = ORIENTED_EDGE('',*,*,#10361,.T.);
#10361 = EDGE_CURVE('',#672,#4660,#10362,.T.);
#10362 = LINE('',#10363,#10364);
#10363 = CARTESIAN_POINT('',(79.241037,-113.785209,0.));
#10364 = VECTOR('',#10365,1.);
#10365 = DIRECTION('',(0.,0.,1.));
#10366 = ORIENTED_EDGE('',*,*,#4659,.T.);
#10367 = ORIENTED_EDGE('',*,*,#10327,.F.);
#10368 = ORIENTED_EDGE('',*,*,#671,.F.);
#10369 = PLANE('',#10370);
#10370 = AXIS2_PLACEMENT_3D('',#10371,#10372,#10373);
#10371 = CARTESIAN_POINT('',(79.241037,-113.785209,0.));
#10372 = DIRECTION('',(-0.9897449841,-0.142845603535,0.));
#10373 = DIRECTION('',(-0.142845603535,0.9897449841,0.));
#10374 = ADVANCED_FACE('',(#10375),#10386,.T.);
#10375 = FACE_BOUND('',#10376,.T.);
#10376 = EDGE_LOOP('',(#10377,#10378,#10379,#10385));
#10377 = ORIENTED_EDGE('',*,*,#10346,.T.);
#10378 = ORIENTED_EDGE('',*,*,#6755,.T.);
#10379 = ORIENTED_EDGE('',*,*,#10380,.F.);
#10380 = EDGE_CURVE('',#2760,#6748,#10381,.T.);
#10381 = LINE('',#10382,#10383);
#10382 = CARTESIAN_POINT('',(172.078331,-75.805024,0.));
#10383 = VECTOR('',#10384,1.);
#10384 = DIRECTION('',(0.,0.,1.));
#10385 = ORIENTED_EDGE('',*,*,#2767,.F.);
#10386 = PLANE('',#10387);
#10387 = AXIS2_PLACEMENT_3D('',#10388,#10389,#10390);
#10388 = CARTESIAN_POINT('',(171.122455,-75.456325,0.));
#10389 = DIRECTION('',(0.342704422674,0.939443281247,-0.));
#10390 = DIRECTION('',(0.939443281247,-0.342704422674,0.));
#10391 = ADVANCED_FACE('',(#10392),#10403,.T.);
#10392 = FACE_BOUND('',#10393,.T.);
#10393 = EDGE_LOOP('',(#10394,#10400,#10401,#10402));
#10394 = ORIENTED_EDGE('',*,*,#10395,.T.);
#10395 = EDGE_CURVE('',#680,#4668,#10396,.T.);
#10396 = LINE('',#10397,#10398);
#10397 = CARTESIAN_POINT('',(79.420723,-114.808631,0.));
#10398 = VECTOR('',#10399,1.);
#10399 = DIRECTION('',(0.,0.,1.));
#10400 = ORIENTED_EDGE('',*,*,#4667,.T.);
#10401 = ORIENTED_EDGE('',*,*,#10361,.F.);
#10402 = ORIENTED_EDGE('',*,*,#679,.F.);
#10403 = PLANE('',#10404);
#10404 = AXIS2_PLACEMENT_3D('',#10405,#10406,#10407);
#10405 = CARTESIAN_POINT('',(79.420723,-114.808631,0.));
#10406 = DIRECTION('',(-0.984934365892,-0.172928583194,0.));
#10407 = DIRECTION('',(-0.172928583194,0.984934365892,0.));
#10408 = ADVANCED_FACE('',(#10409),#10420,.T.);
#10409 = FACE_BOUND('',#10410,.T.);
#10410 = EDGE_LOOP('',(#10411,#10412,#10413,#10419));
#10411 = ORIENTED_EDGE('',*,*,#10380,.T.);
#10412 = ORIENTED_EDGE('',*,*,#6747,.T.);
#10413 = ORIENTED_EDGE('',*,*,#10414,.F.);
#10414 = EDGE_CURVE('',#2752,#6740,#10415,.T.);
#10415 = LINE('',#10416,#10417);
#10416 = CARTESIAN_POINT('',(173.00657,-76.183683,0.));
#10417 = VECTOR('',#10418,1.);
#10418 = DIRECTION('',(0.,0.,1.));
#10419 = ORIENTED_EDGE('',*,*,#2759,.F.);
#10420 = PLANE('',#10421);
#10421 = AXIS2_PLACEMENT_3D('',#10422,#10423,#10424);
#10422 = CARTESIAN_POINT('',(172.078331,-75.805024,0.));
#10423 = DIRECTION('',(0.377713956028,0.925922333364,-0.));
#10424 = DIRECTION('',(0.925922333364,-0.377713956028,0.));
#10425 = ADVANCED_FACE('',(#10426),#10437,.T.);
#10426 = FACE_BOUND('',#10427,.T.);
#10427 = EDGE_LOOP('',(#10428,#10434,#10435,#10436));
#10428 = ORIENTED_EDGE('',*,*,#10429,.T.);
#10429 = EDGE_CURVE('',#688,#4676,#10430,.T.);
#10430 = LINE('',#10431,#10432);
#10431 = CARTESIAN_POINT('',(79.633845,-115.830835,0.));
#10432 = VECTOR('',#10433,1.);
#10433 = DIRECTION('',(0.,0.,1.));
#10434 = ORIENTED_EDGE('',*,*,#4675,.T.);
#10435 = ORIENTED_EDGE('',*,*,#10395,.F.);
#10436 = ORIENTED_EDGE('',*,*,#687,.F.);
#10437 = PLANE('',#10438);
#10438 = AXIS2_PLACEMENT_3D('',#10439,#10440,#10441);
#10439 = CARTESIAN_POINT('',(79.633845,-115.830835,0.));
#10440 = DIRECTION('',(-0.978949271621,-0.204103707935,0.));
#10441 = DIRECTION('',(-0.204103707935,0.978949271621,0.));
#10442 = ADVANCED_FACE('',(#10443),#10454,.T.);
#10443 = FACE_BOUND('',#10444,.T.);
#10444 = EDGE_LOOP('',(#10445,#10446,#10447,#10453));
#10445 = ORIENTED_EDGE('',*,*,#10414,.T.);
#10446 = ORIENTED_EDGE('',*,*,#6739,.T.);
#10447 = ORIENTED_EDGE('',*,*,#10448,.F.);
#10448 = EDGE_CURVE('',#2744,#6732,#10449,.T.);
#10449 = LINE('',#10450,#10451);
#10450 = CARTESIAN_POINT('',(173.459029,-76.384623,0.));
#10451 = VECTOR('',#10452,1.);
#10452 = DIRECTION('',(0.,0.,1.));
#10453 = ORIENTED_EDGE('',*,*,#2751,.F.);
#10454 = PLANE('',#10455);
#10455 = AXIS2_PLACEMENT_3D('',#10456,#10457,#10458);
#10456 = CARTESIAN_POINT('',(173.00657,-76.183683,0.));
#10457 = DIRECTION('',(0.405880567857,0.913926126465,-0.));
#10458 = DIRECTION('',(0.913926126465,-0.405880567857,0.));
#10459 = ADVANCED_FACE('',(#10460),#10471,.T.);
#10460 = FACE_BOUND('',#10461,.T.);
#10461 = EDGE_LOOP('',(#10462,#10468,#10469,#10470));
#10462 = ORIENTED_EDGE('',*,*,#10463,.T.);
#10463 = EDGE_CURVE('',#696,#4684,#10464,.T.);
#10464 = LINE('',#10465,#10466);
#10465 = CARTESIAN_POINT('',(79.88184,-116.850462,0.));
#10466 = VECTOR('',#10467,1.);
#10467 = DIRECTION('',(0.,0.,1.));
#10468 = ORIENTED_EDGE('',*,*,#4683,.T.);
#10469 = ORIENTED_EDGE('',*,*,#10429,.F.);
#10470 = ORIENTED_EDGE('',*,*,#695,.F.);
#10471 = PLANE('',#10472);
#10472 = AXIS2_PLACEMENT_3D('',#10473,#10474,#10475);
#10473 = CARTESIAN_POINT('',(79.88184,-116.850462,0.));
#10474 = DIRECTION('',(-0.971672500555,-0.236331444514,0.));
#10475 = DIRECTION('',(-0.236331444514,0.971672500555,0.));
#10476 = ADVANCED_FACE('',(#10477),#10488,.T.);
#10477 = FACE_BOUND('',#10478,.T.);
#10478 = EDGE_LOOP('',(#10479,#10480,#10481,#10487));
#10479 = ORIENTED_EDGE('',*,*,#10448,.T.);
#10480 = ORIENTED_EDGE('',*,*,#6731,.T.);
#10481 = ORIENTED_EDGE('',*,*,#10482,.F.);
#10482 = EDGE_CURVE('',#2736,#6724,#10483,.T.);
#10483 = LINE('',#10484,#10485);
#10484 = CARTESIAN_POINT('',(173.903023,-76.593503,0.));
#10485 = VECTOR('',#10486,1.);
#10486 = DIRECTION('',(0.,0.,1.));
#10487 = ORIENTED_EDGE('',*,*,#2743,.F.);
#10488 = PLANE('',#10489);
#10489 = AXIS2_PLACEMENT_3D('',#10490,#10491,#10492);
#10490 = CARTESIAN_POINT('',(173.459029,-76.384623,0.));
#10491 = DIRECTION('',(0.425699671224,0.904864514676,-0.));
#10492 = DIRECTION('',(0.904864514676,-0.425699671224,0.));
#10493 = ADVANCED_FACE('',(#10494),#10505,.T.);
#10494 = FACE_BOUND('',#10495,.T.);
#10495 = EDGE_LOOP('',(#10496,#10502,#10503,#10504));
#10496 = ORIENTED_EDGE('',*,*,#10497,.T.);
#10497 = EDGE_CURVE('',#704,#4692,#10498,.T.);
#10498 = LINE('',#10499,#10500);
#10499 = CARTESIAN_POINT('',(80.166144,-117.866154,0.));
#10500 = VECTOR('',#10501,1.);
#10501 = DIRECTION('',(0.,0.,1.));
#10502 = ORIENTED_EDGE('',*,*,#4691,.T.);
#10503 = ORIENTED_EDGE('',*,*,#10463,.F.);
#10504 = ORIENTED_EDGE('',*,*,#703,.F.);
#10505 = PLANE('',#10506);
#10506 = AXIS2_PLACEMENT_3D('',#10507,#10508,#10509);
#10507 = CARTESIAN_POINT('',(80.166144,-117.866154,0.));
#10508 = DIRECTION('',(-0.962986112752,-0.269551009361,0.));
#10509 = DIRECTION('',(-0.269551009361,0.962986112752,0.));
#10510 = ADVANCED_FACE('',(#10511),#10522,.T.);
#10511 = FACE_BOUND('',#10512,.T.);
#10512 = EDGE_LOOP('',(#10513,#10514,#10515,#10521));
#10513 = ORIENTED_EDGE('',*,*,#10482,.T.);
#10514 = ORIENTED_EDGE('',*,*,#6723,.T.);
#10515 = ORIENTED_EDGE('',*,*,#10516,.F.);
#10516 = EDGE_CURVE('',#2728,#6716,#10517,.T.);
#10517 = LINE('',#10518,#10519);
#10518 = CARTESIAN_POINT('',(174.338033,-76.810475,0.));
#10519 = VECTOR('',#10520,1.);
#10520 = DIRECTION('',(0.,0.,1.));
#10521 = ORIENTED_EDGE('',*,*,#2735,.F.);
#10522 = PLANE('',#10523);
#10523 = AXIS2_PLACEMENT_3D('',#10524,#10525,#10526);
#10524 = CARTESIAN_POINT('',(173.903023,-76.593503,0.));
#10525 = DIRECTION('',(0.446336226864,0.894865337684,-0.));
#10526 = DIRECTION('',(0.894865337684,-0.446336226864,0.));
#10527 = ADVANCED_FACE('',(#10528),#10539,.T.);
#10528 = FACE_BOUND('',#10529,.T.);
#10529 = EDGE_LOOP('',(#10530,#10536,#10537,#10538));
#10530 = ORIENTED_EDGE('',*,*,#10531,.T.);
#10531 = EDGE_CURVE('',#712,#4700,#10532,.T.);
#10532 = LINE('',#10533,#10534);
#10533 = CARTESIAN_POINT('',(80.488195,-118.876553,0.));
#10534 = VECTOR('',#10535,1.);
#10535 = DIRECTION('',(0.,0.,1.));
#10536 = ORIENTED_EDGE('',*,*,#4699,.T.);
#10537 = ORIENTED_EDGE('',*,*,#10497,.F.);
#10538 = ORIENTED_EDGE('',*,*,#711,.F.);
#10539 = PLANE('',#10540);
#10540 = AXIS2_PLACEMENT_3D('',#10541,#10542,#10543);
#10541 = CARTESIAN_POINT('',(80.488195,-118.876553,0.));
#10542 = DIRECTION('',(-0.9527729746,-0.303683484686,0.));
#10543 = DIRECTION('',(-0.303683484686,0.9527729746,0.));
#10544 = ADVANCED_FACE('',(#10545),#10556,.T.);
#10545 = FACE_BOUND('',#10546,.T.);
#10546 = EDGE_LOOP('',(#10547,#10548,#10549,#10555));
#10547 = ORIENTED_EDGE('',*,*,#10516,.T.);
#10548 = ORIENTED_EDGE('',*,*,#6715,.T.);
#10549 = ORIENTED_EDGE('',*,*,#10550,.F.);
#10550 = EDGE_CURVE('',#2720,#6708,#10551,.T.);
#10551 = LINE('',#10552,#10553);
#10552 = CARTESIAN_POINT('',(174.763542,-77.035687,0.));
#10553 = VECTOR('',#10554,1.);
#10554 = DIRECTION('',(0.,0.,1.));
#10555 = ORIENTED_EDGE('',*,*,#2727,.F.);
#10556 = PLANE('',#10557);
#10557 = AXIS2_PLACEMENT_3D('',#10558,#10559,#10560);
#10558 = CARTESIAN_POINT('',(174.338033,-76.810475,0.));
#10559 = DIRECTION('',(0.467794477158,0.883837274129,-0.));
#10560 = DIRECTION('',(0.883837274129,-0.467794477158,0.));
#10561 = ADVANCED_FACE('',(#10562),#10573,.T.);
#10562 = FACE_BOUND('',#10563,.T.);
#10563 = EDGE_LOOP('',(#10564,#10570,#10571,#10572));
#10564 = ORIENTED_EDGE('',*,*,#10565,.T.);
#10565 = EDGE_CURVE('',#720,#4708,#10566,.T.);
#10566 = LINE('',#10567,#10568);
#10567 = CARTESIAN_POINT('',(80.663823,-119.379343,0.));
#10568 = VECTOR('',#10569,1.);
#10569 = DIRECTION('',(0.,0.,1.));
#10570 = ORIENTED_EDGE('',*,*,#4707,.T.);
#10571 = ORIENTED_EDGE('',*,*,#10531,.F.);
#10572 = ORIENTED_EDGE('',*,*,#719,.F.);
#10573 = PLANE('',#10574);
#10574 = AXIS2_PLACEMENT_3D('',#10575,#10576,#10577);
#10575 = CARTESIAN_POINT('',(80.663823,-119.379343,0.));
#10576 = DIRECTION('',(-0.944062208425,-0.329767412919,0.));
#10577 = DIRECTION('',(-0.329767412919,0.944062208425,0.));
#10578 = ADVANCED_FACE('',(#10579),#10590,.T.);
#10579 = FACE_BOUND('',#10580,.T.);
#10580 = EDGE_LOOP('',(#10581,#10582,#10583,#10589));
#10581 = ORIENTED_EDGE('',*,*,#10550,.T.);
#10582 = ORIENTED_EDGE('',*,*,#6707,.T.);
#10583 = ORIENTED_EDGE('',*,*,#10584,.F.);
#10584 = EDGE_CURVE('',#2712,#6700,#10585,.T.);
#10585 = LINE('',#10586,#10587);
#10586 = CARTESIAN_POINT('',(175.988053,-75.564847,0.));
#10587 = VECTOR('',#10588,1.);
#10588 = DIRECTION('',(0.,0.,1.));
#10589 = ORIENTED_EDGE('',*,*,#2719,.F.);
#10590 = PLANE('',#10591);
#10591 = AXIS2_PLACEMENT_3D('',#10592,#10593,#10594);
#10592 = CARTESIAN_POINT('',(174.763542,-77.035687,0.));
#10593 = DIRECTION('',(-0.768526731221,0.639817679811,0.));
#10594 = DIRECTION('',(0.639817679811,0.768526731221,0.));
#10595 = ADVANCED_FACE('',(#10596),#10607,.T.);
#10596 = FACE_BOUND('',#10597,.T.);
#10597 = EDGE_LOOP('',(#10598,#10604,#10605,#10606));
#10598 = ORIENTED_EDGE('',*,*,#10599,.T.);
#10599 = EDGE_CURVE('',#728,#4716,#10600,.T.);
#10600 = LINE('',#10601,#10602);
#10601 = CARTESIAN_POINT('',(80.849427,-119.8803,0.));
#10602 = VECTOR('',#10603,1.);
#10603 = DIRECTION('',(0.,0.,1.));
#10604 = ORIENTED_EDGE('',*,*,#4715,.T.);
#10605 = ORIENTED_EDGE('',*,*,#10565,.F.);
#10606 = ORIENTED_EDGE('',*,*,#727,.F.);
#10607 = PLANE('',#10608);
#10608 = AXIS2_PLACEMENT_3D('',#10609,#10610,#10611);
#10609 = CARTESIAN_POINT('',(80.849427,-119.8803,0.));
#10610 = DIRECTION('',(-0.937709511655,-0.347420309929,0.));
#10611 = DIRECTION('',(-0.347420309929,0.937709511655,0.));
#10612 = ADVANCED_FACE('',(#10613),#10624,.T.);
#10613 = FACE_BOUND('',#10614,.T.);
#10614 = EDGE_LOOP('',(#10615,#10616,#10617,#10623));
#10615 = ORIENTED_EDGE('',*,*,#10584,.T.);
#10616 = ORIENTED_EDGE('',*,*,#6699,.T.);
#10617 = ORIENTED_EDGE('',*,*,#10618,.F.);
#10618 = EDGE_CURVE('',#2704,#6692,#10619,.T.);
#10619 = LINE('',#10620,#10621);
#10620 = CARTESIAN_POINT('',(177.20909,-74.159036,0.));
#10621 = VECTOR('',#10622,1.);
#10622 = DIRECTION('',(0.,0.,1.));
#10623 = ORIENTED_EDGE('',*,*,#2711,.F.);
#10624 = PLANE('',#10625);
#10625 = AXIS2_PLACEMENT_3D('',#10626,#10627,#10628);
#10626 = CARTESIAN_POINT('',(175.988053,-75.564847,0.));
#10627 = DIRECTION('',(-0.754979640867,0.655748230555,0.));
#10628 = DIRECTION('',(0.655748230555,0.754979640867,0.));
#10629 = ADVANCED_FACE('',(#10630),#10641,.T.);
#10630 = FACE_BOUND('',#10631,.T.);
#10631 = EDGE_LOOP('',(#10632,#10638,#10639,#10640));
#10632 = ORIENTED_EDGE('',*,*,#10633,.T.);
#10633 = EDGE_CURVE('',#736,#4724,#10634,.T.);
#10634 = LINE('',#10635,#10636);
#10635 = CARTESIAN_POINT('',(81.045186,-120.379255,0.));
#10636 = VECTOR('',#10637,1.);
#10637 = DIRECTION('',(0.,0.,1.));
#10638 = ORIENTED_EDGE('',*,*,#4723,.T.);
#10639 = ORIENTED_EDGE('',*,*,#10599,.F.);
#10640 = ORIENTED_EDGE('',*,*,#735,.F.);
#10641 = PLANE('',#10642);
#10642 = AXIS2_PLACEMENT_3D('',#10643,#10644,#10645);
#10643 = CARTESIAN_POINT('',(81.045186,-120.379255,0.));
#10644 = DIRECTION('',(-0.930915878422,-0.36523366124,0.));
#10645 = DIRECTION('',(-0.36523366124,0.930915878422,0.));
#10646 = ADVANCED_FACE('',(#10647),#10658,.T.);
#10647 = FACE_BOUND('',#10648,.T.);
#10648 = EDGE_LOOP('',(#10649,#10650,#10651,#10657));
#10649 = ORIENTED_EDGE('',*,*,#10618,.T.);
#10650 = ORIENTED_EDGE('',*,*,#6691,.T.);
#10651 = ORIENTED_EDGE('',*,*,#10652,.F.);
#10652 = EDGE_CURVE('',#2696,#6684,#10653,.T.);
#10653 = LINE('',#10654,#10655);
#10654 = CARTESIAN_POINT('',(178.425834,-72.817477,0.));
#10655 = VECTOR('',#10656,1.);
#10656 = DIRECTION('',(0.,0.,1.));
#10657 = ORIENTED_EDGE('',*,*,#2703,.F.);
#10658 = PLANE('',#10659);
#10659 = AXIS2_PLACEMENT_3D('',#10660,#10661,#10662);
#10660 = CARTESIAN_POINT('',(177.20909,-74.159036,0.));
#10661 = DIRECTION('',(-0.740724203998,0.671809239004,0.));
#10662 = DIRECTION('',(0.671809239004,0.740724203998,0.));
#10663 = ADVANCED_FACE('',(#10664),#10675,.T.);
#10664 = FACE_BOUND('',#10665,.T.);
#10665 = EDGE_LOOP('',(#10666,#10672,#10673,#10674));
#10666 = ORIENTED_EDGE('',*,*,#10667,.T.);
#10667 = EDGE_CURVE('',#744,#4732,#10668,.T.);
#10668 = LINE('',#10669,#10670);
#10669 = CARTESIAN_POINT('',(81.251279,-120.876038,0.));
#10670 = VECTOR('',#10671,1.);
#10671 = DIRECTION('',(0.,0.,1.));
#10672 = ORIENTED_EDGE('',*,*,#4731,.T.);
#10673 = ORIENTED_EDGE('',*,*,#10633,.F.);
#10674 = ORIENTED_EDGE('',*,*,#743,.F.);
#10675 = PLANE('',#10676);
#10676 = AXIS2_PLACEMENT_3D('',#10677,#10678,#10679);
#10677 = CARTESIAN_POINT('',(81.251279,-120.876038,0.));
#10678 = DIRECTION('',(-0.923669863715,-0.383189225925,0.));
#10679 = DIRECTION('',(-0.383189225925,0.923669863715,0.));
#10680 = ADVANCED_FACE('',(#10681),#10692,.T.);
#10681 = FACE_BOUND('',#10682,.T.);
#10682 = EDGE_LOOP('',(#10683,#10684,#10685,#10691));
#10683 = ORIENTED_EDGE('',*,*,#10652,.T.);
#10684 = ORIENTED_EDGE('',*,*,#6683,.T.);
#10685 = ORIENTED_EDGE('',*,*,#10686,.F.);
#10686 = EDGE_CURVE('',#2688,#6676,#10687,.T.);
#10687 = LINE('',#10688,#10689);
#10688 = CARTESIAN_POINT('',(179.637417,-71.539425,0.));
#10689 = VECTOR('',#10690,1.);
#10690 = DIRECTION('',(0.,0.,1.));
#10691 = ORIENTED_EDGE('',*,*,#2695,.F.);
#10692 = PLANE('',#10693);
#10693 = AXIS2_PLACEMENT_3D('',#10694,#10695,#10696);
#10694 = CARTESIAN_POINT('',(178.425834,-72.817477,0.));
#10695 = DIRECTION('',(-0.725726721405,0.68798308543,0.));
#10696 = DIRECTION('',(0.68798308543,0.725726721405,0.));
#10697 = ADVANCED_FACE('',(#10698),#10709,.T.);
#10698 = FACE_BOUND('',#10699,.T.);
#10699 = EDGE_LOOP('',(#10700,#10706,#10707,#10708));
#10700 = ORIENTED_EDGE('',*,*,#10701,.T.);
#10701 = EDGE_CURVE('',#752,#4740,#10702,.T.);
#10702 = LINE('',#10703,#10704);
#10703 = CARTESIAN_POINT('',(81.467886,-121.370479,0.));
#10704 = VECTOR('',#10705,1.);
#10705 = DIRECTION('',(0.,0.,1.));
#10706 = ORIENTED_EDGE('',*,*,#4739,.T.);
#10707 = ORIENTED_EDGE('',*,*,#10667,.F.);
#10708 = ORIENTED_EDGE('',*,*,#751,.F.);
#10709 = PLANE('',#10710);
#10710 = AXIS2_PLACEMENT_3D('',#10711,#10712,#10713);
#10711 = CARTESIAN_POINT('',(81.467886,-121.370479,0.));
#10712 = DIRECTION('',(-0.915960584477,-0.401268249036,0.));
#10713 = DIRECTION('',(-0.401268249036,0.915960584477,0.));
#10714 = ADVANCED_FACE('',(#10715),#10726,.T.);
#10715 = FACE_BOUND('',#10716,.T.);
#10716 = EDGE_LOOP('',(#10717,#10718,#10719,#10725));
#10717 = ORIENTED_EDGE('',*,*,#10686,.T.);
#10718 = ORIENTED_EDGE('',*,*,#6675,.T.);
#10719 = ORIENTED_EDGE('',*,*,#10720,.F.);
#10720 = EDGE_CURVE('',#2680,#6668,#10721,.T.);
#10721 = LINE('',#10722,#10723);
#10722 = CARTESIAN_POINT('',(180.842911,-70.324172,0.));
#10723 = VECTOR('',#10724,1.);
#10724 = DIRECTION('',(0.,0.,1.));
#10725 = ORIENTED_EDGE('',*,*,#2687,.F.);
#10726 = PLANE('',#10727);
#10727 = AXIS2_PLACEMENT_3D('',#10728,#10729,#10730);
#10728 = CARTESIAN_POINT('',(179.637417,-71.539425,0.));
#10729 = DIRECTION('',(-0.709951642513,0.704250427968,0.));
#10730 = DIRECTION('',(0.704250427968,0.709951642513,0.));
#10731 = ADVANCED_FACE('',(#10732),#10743,.T.);
#10732 = FACE_BOUND('',#10733,.T.);
#10733 = EDGE_LOOP('',(#10734,#10740,#10741,#10742));
#10734 = ORIENTED_EDGE('',*,*,#10735,.T.);
#10735 = EDGE_CURVE('',#760,#4748,#10736,.T.);
#10736 = LINE('',#10737,#10738);
#10737 = CARTESIAN_POINT('',(81.695186,-121.862408,0.));
#10738 = VECTOR('',#10739,1.);
#10739 = DIRECTION('',(0.,0.,1.));
#10740 = ORIENTED_EDGE('',*,*,#4747,.T.);
#10741 = ORIENTED_EDGE('',*,*,#10701,.F.);
#10742 = ORIENTED_EDGE('',*,*,#759,.F.);
#10743 = PLANE('',#10744);
#10744 = AXIS2_PLACEMENT_3D('',#10745,#10746,#10747);
#10745 = CARTESIAN_POINT('',(81.695186,-121.862408,0.));
#10746 = DIRECTION('',(-0.907779663307,-0.41944735413,0.));
#10747 = DIRECTION('',(-0.41944735413,0.907779663307,0.));
#10748 = ADVANCED_FACE('',(#10749),#10760,.T.);
#10749 = FACE_BOUND('',#10750,.T.);
#10750 = EDGE_LOOP('',(#10751,#10752,#10753,#10759));
#10751 = ORIENTED_EDGE('',*,*,#10720,.T.);
#10752 = ORIENTED_EDGE('',*,*,#6667,.T.);
#10753 = ORIENTED_EDGE('',*,*,#10754,.F.);
#10754 = EDGE_CURVE('',#2672,#6660,#10755,.T.);
#10755 = LINE('',#10756,#10757);
#10756 = CARTESIAN_POINT('',(182.041314,-69.17105,0.));
#10757 = VECTOR('',#10758,1.);
#10758 = DIRECTION('',(0.,0.,1.));
#10759 = ORIENTED_EDGE('',*,*,#2679,.F.);
#10760 = PLANE('',#10761);
#10761 = AXIS2_PLACEMENT_3D('',#10762,#10763,#10764);
#10762 = CARTESIAN_POINT('',(180.842911,-70.324172,0.));
#10763 = DIRECTION('',(-0.693362187213,0.720589257028,0.));
#10764 = DIRECTION('',(0.720589257028,0.693362187213,0.));
#10765 = ADVANCED_FACE('',(#10766),#10777,.T.);
#10766 = FACE_BOUND('',#10767,.T.);
#10767 = EDGE_LOOP('',(#10768,#10774,#10775,#10776));
#10768 = ORIENTED_EDGE('',*,*,#10769,.T.);
#10769 = EDGE_CURVE('',#768,#4756,#10770,.T.);
#10770 = LINE('',#10771,#10772);
#10771 = CARTESIAN_POINT('',(81.933359,-122.351655,0.));
#10772 = VECTOR('',#10773,1.);
#10773 = DIRECTION('',(0.,0.,1.));
#10774 = ORIENTED_EDGE('',*,*,#4755,.T.);
#10775 = ORIENTED_EDGE('',*,*,#10735,.F.);
#10776 = ORIENTED_EDGE('',*,*,#767,.F.);
#10777 = PLANE('',#10778);
#10778 = AXIS2_PLACEMENT_3D('',#10779,#10780,#10781);
#10779 = CARTESIAN_POINT('',(81.933359,-122.351655,0.));
#10780 = DIRECTION('',(-0.899118701638,-0.43770487816,0.));
#10781 = DIRECTION('',(-0.43770487816,0.899118701638,0.));
#10782 = ADVANCED_FACE('',(#10783),#10794,.T.);
#10783 = FACE_BOUND('',#10784,.T.);
#10784 = EDGE_LOOP('',(#10785,#10786,#10787,#10793));
#10785 = ORIENTED_EDGE('',*,*,#10754,.T.);
#10786 = ORIENTED_EDGE('',*,*,#6659,.T.);
#10787 = ORIENTED_EDGE('',*,*,#10788,.F.);
#10788 = EDGE_CURVE('',#2664,#6652,#10789,.T.);
#10789 = LINE('',#10790,#10791);
#10790 = CARTESIAN_POINT('',(183.231539,-68.079435,0.));
#10791 = VECTOR('',#10792,1.);
#10792 = DIRECTION('',(0.,0.,1.));
#10793 = ORIENTED_EDGE('',*,*,#2671,.F.);
#10794 = PLANE('',#10795);
#10795 = AXIS2_PLACEMENT_3D('',#10796,#10797,#10798);
#10796 = CARTESIAN_POINT('',(182.041314,-69.17105,0.));
#10797 = DIRECTION('',(-0.675918213394,0.736976640608,0.));
#10798 = DIRECTION('',(0.736976640608,0.675918213394,0.));
#10799 = ADVANCED_FACE('',(#10800),#10811,.T.);
#10800 = FACE_BOUND('',#10801,.T.);
#10801 = EDGE_LOOP('',(#10802,#10808,#10809,#10810));
#10802 = ORIENTED_EDGE('',*,*,#10803,.T.);
#10803 = EDGE_CURVE('',#776,#4764,#10804,.T.);
#10804 = LINE('',#10805,#10806);
#10805 = CARTESIAN_POINT('',(82.182585,-122.838052,0.));
#10806 = VECTOR('',#10807,1.);
#10807 = DIRECTION('',(0.,0.,1.));
#10808 = ORIENTED_EDGE('',*,*,#4763,.T.);
#10809 = ORIENTED_EDGE('',*,*,#10769,.F.);
#10810 = ORIENTED_EDGE('',*,*,#775,.F.);
#10811 = PLANE('',#10812);
#10812 = AXIS2_PLACEMENT_3D('',#10813,#10814,#10815);
#10813 = CARTESIAN_POINT('',(82.182585,-122.838052,0.));
#10814 = DIRECTION('',(-0.889972209492,-0.456014765475,0.));
#10815 = DIRECTION('',(-0.456014765475,0.889972209492,0.));
#10816 = ADVANCED_FACE('',(#10817),#10828,.T.);
#10817 = FACE_BOUND('',#10818,.T.);
#10818 = EDGE_LOOP('',(#10819,#10820,#10821,#10827));
#10819 = ORIENTED_EDGE('',*,*,#10788,.T.);
#10820 = ORIENTED_EDGE('',*,*,#6651,.T.);
#10821 = ORIENTED_EDGE('',*,*,#10822,.F.);
#10822 = EDGE_CURVE('',#2656,#6644,#10823,.T.);
#10823 = LINE('',#10824,#10825);
#10824 = CARTESIAN_POINT('',(184.412387,-67.048751,0.));
#10825 = VECTOR('',#10826,1.);
#10826 = DIRECTION('',(0.,0.,1.));
#10827 = ORIENTED_EDGE('',*,*,#2663,.F.);
#10828 = PLANE('',#10829);
#10829 = AXIS2_PLACEMENT_3D('',#10830,#10831,#10832);
#10830 = CARTESIAN_POINT('',(183.231539,-68.079435,0.));
#10831 = DIRECTION('',(-0.657579785568,0.753384911989,0.));
#10832 = DIRECTION('',(0.753384911989,0.657579785568,0.));
#10833 = ADVANCED_FACE('',(#10834),#10845,.T.);
#10834 = FACE_BOUND('',#10835,.T.);
#10835 = EDGE_LOOP('',(#10836,#10842,#10843,#10844));
#10836 = ORIENTED_EDGE('',*,*,#10837,.T.);
#10837 = EDGE_CURVE('',#784,#4772,#10838,.T.);
#10838 = LINE('',#10839,#10840);
#10839 = CARTESIAN_POINT('',(82.443043,-123.321427,0.));
#10840 = VECTOR('',#10841,1.);
#10841 = DIRECTION('',(0.,0.,1.));
#10842 = ORIENTED_EDGE('',*,*,#4771,.T.);
#10843 = ORIENTED_EDGE('',*,*,#10803,.F.);
#10844 = ORIENTED_EDGE('',*,*,#783,.F.);
#10845 = PLANE('',#10846);
#10846 = AXIS2_PLACEMENT_3D('',#10847,#10848,#10849);
#10847 = CARTESIAN_POINT('',(82.443043,-123.321427,0.));
#10848 = DIRECTION('',(-0.880334864329,-0.474352744956,0.));
#10849 = DIRECTION('',(-0.474352744956,0.880334864329,0.));
#10850 = ADVANCED_FACE('',(#10851),#10862,.T.);
#10851 = FACE_BOUND('',#10852,.T.);
#10852 = EDGE_LOOP('',(#10853,#10854,#10855,#10861));
#10853 = ORIENTED_EDGE('',*,*,#10822,.T.);
#10854 = ORIENTED_EDGE('',*,*,#6643,.T.);
#10855 = ORIENTED_EDGE('',*,*,#10856,.F.);
#10856 = EDGE_CURVE('',#2648,#6636,#10857,.T.);
#10857 = LINE('',#10858,#10859);
#10858 = CARTESIAN_POINT('',(185.582532,-66.078475,0.));
#10859 = VECTOR('',#10860,1.);
#10860 = DIRECTION('',(0.,0.,1.));
#10861 = ORIENTED_EDGE('',*,*,#2655,.F.);
#10862 = PLANE('',#10863);
#10863 = AXIS2_PLACEMENT_3D('',#10864,#10865,#10866);
#10864 = CARTESIAN_POINT('',(184.412387,-67.048751,0.));
#10865 = DIRECTION('',(-0.638301509742,0.769786452635,0.));
#10866 = DIRECTION('',(0.769786452635,0.638301509742,0.));
#10867 = ADVANCED_FACE('',(#10868),#10879,.T.);
#10868 = FACE_BOUND('',#10869,.T.);
#10869 = EDGE_LOOP('',(#10870,#10876,#10877,#10878));
#10870 = ORIENTED_EDGE('',*,*,#10871,.T.);
#10871 = EDGE_CURVE('',#792,#4780,#10872,.T.);
#10872 = LINE('',#10873,#10874);
#10873 = CARTESIAN_POINT('',(82.714913,-123.801611,0.));
#10874 = VECTOR('',#10875,1.);
#10875 = DIRECTION('',(0.,0.,1.));
#10876 = ORIENTED_EDGE('',*,*,#4779,.T.);
#10877 = ORIENTED_EDGE('',*,*,#10837,.F.);
#10878 = ORIENTED_EDGE('',*,*,#791,.F.);
#10879 = PLANE('',#10880);
#10880 = AXIS2_PLACEMENT_3D('',#10881,#10882,#10883);
#10881 = CARTESIAN_POINT('',(82.714913,-123.801611,0.));
#10882 = DIRECTION('',(-0.870204227497,-0.49269118365,0.));
#10883 = DIRECTION('',(-0.49269118365,0.870204227497,0.));
#10884 = ADVANCED_FACE('',(#10885),#10896,.T.);
#10885 = FACE_BOUND('',#10886,.T.);
#10886 = EDGE_LOOP('',(#10887,#10888,#10889,#10895));
#10887 = ORIENTED_EDGE('',*,*,#10856,.T.);
#10888 = ORIENTED_EDGE('',*,*,#6635,.T.);
#10889 = ORIENTED_EDGE('',*,*,#10890,.F.);
#10890 = EDGE_CURVE('',#2640,#6628,#10891,.T.);
#10891 = LINE('',#10892,#10893);
#10892 = CARTESIAN_POINT('',(186.74048,-65.168144,0.));
#10893 = VECTOR('',#10894,1.);
#10894 = DIRECTION('',(0.,0.,1.));
#10895 = ORIENTED_EDGE('',*,*,#2647,.F.);
#10896 = PLANE('',#10897);
#10897 = AXIS2_PLACEMENT_3D('',#10898,#10899,#10900);
#10898 = CARTESIAN_POINT('',(185.582532,-66.078475,0.));
#10899 = DIRECTION('',(-0.618037590707,0.786148546061,0.));
#10900 = DIRECTION('',(0.786148546061,0.618037590707,0.));
#10901 = ADVANCED_FACE('',(#10902),#10913,.T.);
#10902 = FACE_BOUND('',#10903,.T.);
#10903 = EDGE_LOOP('',(#10904,#10910,#10911,#10912));
#10904 = ORIENTED_EDGE('',*,*,#10905,.T.);
#10905 = EDGE_CURVE('',#800,#4788,#10906,.T.);
#10906 = LINE('',#10907,#10908);
#10907 = CARTESIAN_POINT('',(82.998374,-124.278435,0.));
#10908 = VECTOR('',#10909,1.);
#10909 = DIRECTION('',(0.,0.,1.));
#10910 = ORIENTED_EDGE('',*,*,#4787,.T.);
#10911 = ORIENTED_EDGE('',*,*,#10871,.F.);
#10912 = ORIENTED_EDGE('',*,*,#799,.F.);
#10913 = PLANE('',#10914);
#10914 = AXIS2_PLACEMENT_3D('',#10915,#10916,#10917);
#10915 = CARTESIAN_POINT('',(82.998374,-124.278435,0.));
#10916 = DIRECTION('',(-0.859580210494,-0.511000843177,0.));
#10917 = DIRECTION('',(-0.511000843177,0.859580210494,0.));
#10918 = ADVANCED_FACE('',(#10919),#10930,.T.);
#10919 = FACE_BOUND('',#10920,.T.);
#10920 = EDGE_LOOP('',(#10921,#10922,#10923,#10929));
#10921 = ORIENTED_EDGE('',*,*,#10890,.T.);
#10922 = ORIENTED_EDGE('',*,*,#6627,.T.);
#10923 = ORIENTED_EDGE('',*,*,#10924,.F.);
#10924 = EDGE_CURVE('',#2632,#6620,#10925,.T.);
#10925 = LINE('',#10926,#10927);
#10926 = CARTESIAN_POINT('',(187.884534,-64.317359,0.));
#10927 = VECTOR('',#10928,1.);
#10928 = DIRECTION('',(0.,0.,1.));
#10929 = ORIENTED_EDGE('',*,*,#2639,.F.);
#10930 = PLANE('',#10931);
#10931 = AXIS2_PLACEMENT_3D('',#10932,#10933,#10934);
#10932 = CARTESIAN_POINT('',(186.74048,-65.168144,0.));
#10933 = DIRECTION('',(-0.596738076445,0.802436083511,0.));
#10934 = DIRECTION('',(0.802436083511,0.596738076445,0.));
#10935 = ADVANCED_FACE('',(#10936),#10947,.T.);
#10936 = FACE_BOUND('',#10937,.T.);
#10937 = EDGE_LOOP('',(#10938,#10944,#10945,#10946));
#10938 = ORIENTED_EDGE('',*,*,#10939,.T.);
#10939 = EDGE_CURVE('',#808,#4796,#10940,.T.);
#10940 = LINE('',#10941,#10942);
#10941 = CARTESIAN_POINT('',(83.293606,-124.751729,0.));
#10942 = VECTOR('',#10943,1.);
#10943 = DIRECTION('',(0.,0.,1.));
#10944 = ORIENTED_EDGE('',*,*,#4795,.T.);
#10945 = ORIENTED_EDGE('',*,*,#10905,.F.);
#10946 = ORIENTED_EDGE('',*,*,#807,.F.);
#10947 = PLANE('',#10948);
#10948 = AXIS2_PLACEMENT_3D('',#10949,#10950,#10951);
#10949 = CARTESIAN_POINT('',(83.293606,-124.751729,0.));
#10950 = DIRECTION('',(-0.848462663786,-0.529255239143,0.));
#10951 = DIRECTION('',(-0.529255239143,0.848462663786,0.));
#10952 = ADVANCED_FACE('',(#10953),#10964,.T.);
#10953 = FACE_BOUND('',#10954,.T.);
#10954 = EDGE_LOOP('',(#10955,#10956,#10957,#10963));
#10955 = ORIENTED_EDGE('',*,*,#10924,.T.);
#10956 = ORIENTED_EDGE('',*,*,#6619,.T.);
#10957 = ORIENTED_EDGE('',*,*,#10958,.F.);
#10958 = EDGE_CURVE('',#2624,#6612,#10959,.T.);
#10959 = LINE('',#10960,#10961);
#10960 = CARTESIAN_POINT('',(189.01274,-63.525798,0.));
#10961 = VECTOR('',#10962,1.);
#10962 = DIRECTION('',(0.,0.,1.));
#10963 = ORIENTED_EDGE('',*,*,#2631,.F.);
#10964 = PLANE('',#10965);
#10965 = AXIS2_PLACEMENT_3D('',#10966,#10967,#10968);
#10966 = CARTESIAN_POINT('',(187.884534,-64.317359,0.));
#10967 = DIRECTION('',(-0.574346739687,0.818612131971,0.));
#10968 = DIRECTION('',(0.818612131971,0.574346739687,0.));
#10969 = ADVANCED_FACE('',(#10970),#10981,.T.);
#10970 = FACE_BOUND('',#10971,.T.);
#10971 = EDGE_LOOP('',(#10972,#10978,#10979,#10980));
#10972 = ORIENTED_EDGE('',*,*,#10973,.T.);
#10973 = EDGE_CURVE('',#816,#4804,#10974,.T.);
#10974 = LINE('',#10975,#10976);
#10975 = CARTESIAN_POINT('',(83.600788,-125.221322,0.));
#10976 = VECTOR('',#10977,1.);
#10977 = DIRECTION('',(0.,0.,1.));
#10978 = ORIENTED_EDGE('',*,*,#4803,.T.);
#10979 = ORIENTED_EDGE('',*,*,#10939,.F.);
#10980 = ORIENTED_EDGE('',*,*,#815,.F.);
#10981 = PLANE('',#10982);
#10982 = AXIS2_PLACEMENT_3D('',#10983,#10984,#10985);
#10983 = CARTESIAN_POINT('',(83.600788,-125.221322,0.));
#10984 = DIRECTION('',(-0.836854975186,-0.547424652811,0.));
#10985 = DIRECTION('',(-0.547424652811,0.836854975186,0.));
#10986 = ADVANCED_FACE('',(#10987),#10998,.T.);
#10987 = FACE_BOUND('',#10988,.T.);
#10988 = EDGE_LOOP('',(#10989,#10990,#10991,#10997));
#10989 = ORIENTED_EDGE('',*,*,#10958,.T.);
#10990 = ORIENTED_EDGE('',*,*,#6611,.T.);
#10991 = ORIENTED_EDGE('',*,*,#10992,.F.);
#10992 = EDGE_CURVE('',#2616,#6604,#10993,.T.);
#10993 = LINE('',#10994,#10995);
#10994 = CARTESIAN_POINT('',(190.12281,-62.79322,0.));
#10995 = VECTOR('',#10996,1.);
#10996 = DIRECTION('',(0.,0.,1.));
#10997 = ORIENTED_EDGE('',*,*,#2623,.F.);
#10998 = PLANE('',#10999);
#10999 = AXIS2_PLACEMENT_3D('',#11000,#11001,#11002);
#11000 = CARTESIAN_POINT('',(189.01274,-63.525798,0.));
#11001 = DIRECTION('',(-0.550806489089,0.834632980164,0.));
#11002 = DIRECTION('',(0.834632980164,0.550806489089,0.));
#11003 = ADVANCED_FACE('',(#11004),#11015,.T.);
#11004 = FACE_BOUND('',#11005,.T.);
#11005 = EDGE_LOOP('',(#11006,#11012,#11013,#11014));
#11006 = ORIENTED_EDGE('',*,*,#11007,.T.);
#11007 = EDGE_CURVE('',#824,#4812,#11008,.T.);
#11008 = LINE('',#11009,#11010);
#11009 = CARTESIAN_POINT('',(83.9201,-125.687045,0.));
#11010 = VECTOR('',#11011,1.);
#11011 = DIRECTION('',(0.,0.,1.));
#11012 = ORIENTED_EDGE('',*,*,#4811,.T.);
#11013 = ORIENTED_EDGE('',*,*,#10973,.F.);
#11014 = ORIENTED_EDGE('',*,*,#823,.F.);
#11015 = PLANE('',#11016);
#11016 = AXIS2_PLACEMENT_3D('',#11017,#11018,#11019);
#11017 = CARTESIAN_POINT('',(83.9201,-125.687045,0.));
#11018 = DIRECTION('',(-0.824762644548,-0.565479071371,0.));
#11019 = DIRECTION('',(-0.565479071371,0.824762644548,0.));
#11020 = ADVANCED_FACE('',(#11021),#11032,.T.);
#11021 = FACE_BOUND('',#11022,.T.);
#11022 = EDGE_LOOP('',(#11023,#11024,#11025,#11031));
#11023 = ORIENTED_EDGE('',*,*,#10992,.T.);
#11024 = ORIENTED_EDGE('',*,*,#6603,.T.);
#11025 = ORIENTED_EDGE('',*,*,#11026,.F.);
#11026 = EDGE_CURVE('',#2608,#6596,#11027,.T.);
#11027 = LINE('',#11028,#11029);
#11028 = CARTESIAN_POINT('',(191.212024,-62.119476,0.));
#11029 = VECTOR('',#11030,1.);
#11030 = DIRECTION('',(0.,0.,1.));
#11031 = ORIENTED_EDGE('',*,*,#2615,.F.);
#11032 = PLANE('',#11033);
#11033 = AXIS2_PLACEMENT_3D('',#11034,#11035,#11036);
#11034 = CARTESIAN_POINT('',(190.12281,-62.79322,0.));
#11035 = DIRECTION('',(-0.526054657485,0.850450761266,0.));
#11036 = DIRECTION('',(0.850450761266,0.526054657485,0.));
#11037 = ADVANCED_FACE('',(#11038),#11049,.T.);
#11038 = FACE_BOUND('',#11039,.T.);
#11039 = EDGE_LOOP('',(#11040,#11046,#11047,#11048));
#11040 = ORIENTED_EDGE('',*,*,#11041,.T.);
#11041 = EDGE_CURVE('',#832,#4820,#11042,.T.);
#11042 = LINE('',#11043,#11044);
#11043 = CARTESIAN_POINT('',(84.251722,-126.148729,0.));
#11044 = VECTOR('',#11045,1.);
#11045 = DIRECTION('',(0.,0.,1.));
#11046 = ORIENTED_EDGE('',*,*,#4819,.T.);
#11047 = ORIENTED_EDGE('',*,*,#11007,.F.);
#11048 = ORIENTED_EDGE('',*,*,#831,.F.);
#11049 = PLANE('',#11050);
#11050 = AXIS2_PLACEMENT_3D('',#11051,#11052,#11053);
#11051 = CARTESIAN_POINT('',(84.251722,-126.148729,0.));
#11052 = DIRECTION('',(-0.812193228905,-0.58338851456,0.));
#11053 = DIRECTION('',(-0.58338851456,0.812193228905,0.));
#11054 = ADVANCED_FACE('',(#11055),#11066,.T.);
#11055 = FACE_BOUND('',#11056,.T.);
#11056 = EDGE_LOOP('',(#11057,#11058,#11059,#11065));
#11057 = ORIENTED_EDGE('',*,*,#11026,.T.);
#11058 = ORIENTED_EDGE('',*,*,#6595,.T.);
#11059 = ORIENTED_EDGE('',*,*,#11060,.F.);
#11060 = EDGE_CURVE('',#2600,#6588,#11061,.T.);
#11061 = LINE('',#11062,#11063);
#11062 = CARTESIAN_POINT('',(192.277092,-61.504522,0.));
#11063 = VECTOR('',#11064,1.);
#11064 = DIRECTION('',(0.,0.,1.));
#11065 = ORIENTED_EDGE('',*,*,#2607,.F.);
#11066 = PLANE('',#11067);
#11067 = AXIS2_PLACEMENT_3D('',#11068,#11069,#11070);
#11068 = CARTESIAN_POINT('',(191.212024,-62.119476,0.));
#11069 = DIRECTION('',(-0.500022382689,0.866012480747,0.));
#11070 = DIRECTION('',(0.866012480747,0.500022382689,0.));
#11071 = ADVANCED_FACE('',(#11072),#11083,.T.);
#11072 = FACE_BOUND('',#11073,.T.);
#11073 = EDGE_LOOP('',(#11074,#11080,#11081,#11082));
#11074 = ORIENTED_EDGE('',*,*,#11075,.T.);
#11075 = EDGE_CURVE('',#840,#4828,#11076,.T.);
#11076 = LINE('',#11077,#11078);
#11077 = CARTESIAN_POINT('',(84.595832,-126.606204,0.));
#11078 = VECTOR('',#11079,1.);
#11079 = DIRECTION('',(0.,0.,1.));
#11080 = ORIENTED_EDGE('',*,*,#4827,.T.);
#11081 = ORIENTED_EDGE('',*,*,#11041,.F.);
#11082 = ORIENTED_EDGE('',*,*,#839,.F.);
#11083 = PLANE('',#11084);
#11084 = AXIS2_PLACEMENT_3D('',#11085,#11086,#11087);
#11085 = CARTESIAN_POINT('',(84.595832,-126.606204,0.));
#11086 = DIRECTION('',(-0.799157562304,-0.601121610502,0.));
#11087 = DIRECTION('',(-0.601121610502,0.799157562304,0.));
#11088 = ADVANCED_FACE('',(#11089),#11100,.T.);
#11089 = FACE_BOUND('',#11090,.T.);
#11090 = EDGE_LOOP('',(#11091,#11092,#11093,#11099));
#11091 = ORIENTED_EDGE('',*,*,#11060,.T.);
#11092 = ORIENTED_EDGE('',*,*,#6587,.T.);
#11093 = ORIENTED_EDGE('',*,*,#11094,.F.);
#11094 = EDGE_CURVE('',#2592,#6580,#11095,.T.);
#11095 = LINE('',#11096,#11097);
#11096 = CARTESIAN_POINT('',(193.31394,-60.94842,0.));
#11097 = VECTOR('',#11098,1.);
#11098 = DIRECTION('',(0.,0.,1.));
#11099 = ORIENTED_EDGE('',*,*,#2599,.F.);
#11100 = PLANE('',#11101);
#11101 = AXIS2_PLACEMENT_3D('',#11102,#11103,#11104);
#11102 = CARTESIAN_POINT('',(192.277092,-61.504522,0.));
#11103 = DIRECTION('',(-0.472649109615,0.88125071301,0.));
#11104 = DIRECTION('',(0.88125071301,0.472649109615,0.));
#11105 = ADVANCED_FACE('',(#11106),#11117,.T.);
#11106 = FACE_BOUND('',#11107,.T.);
#11107 = EDGE_LOOP('',(#11108,#11114,#11115,#11116));
#11108 = ORIENTED_EDGE('',*,*,#11109,.T.);
#11109 = EDGE_CURVE('',#848,#4836,#11110,.T.);
#11110 = LINE('',#11111,#11112);
#11111 = CARTESIAN_POINT('',(84.952612,-127.059299,0.));
#11112 = VECTOR('',#11113,1.);
#11113 = DIRECTION('',(0.,0.,1.));
#11114 = ORIENTED_EDGE('',*,*,#4835,.T.);
#11115 = ORIENTED_EDGE('',*,*,#11075,.F.);
#11116 = ORIENTED_EDGE('',*,*,#847,.F.);
#11117 = PLANE('',#11118);
#11118 = AXIS2_PLACEMENT_3D('',#11119,#11120,#11121);
#11119 = CARTESIAN_POINT('',(84.952612,-127.059299,0.));
#11120 = DIRECTION('',(-0.785663547925,-0.618654014343,0.));
#11121 = DIRECTION('',(-0.618654014343,0.785663547925,0.));
#11122 = ADVANCED_FACE('',(#11123),#11134,.T.);
#11123 = FACE_BOUND('',#11124,.T.);
#11124 = EDGE_LOOP('',(#11125,#11126,#11127,#11133));
#11125 = ORIENTED_EDGE('',*,*,#11094,.T.);
#11126 = ORIENTED_EDGE('',*,*,#6579,.T.);
#11127 = ORIENTED_EDGE('',*,*,#11128,.F.);
#11128 = EDGE_CURVE('',#2584,#6572,#11129,.T.);
#11129 = LINE('',#11130,#11131);
#11130 = CARTESIAN_POINT('',(194.317411,-60.451335,0.));
#11131 = VECTOR('',#11132,1.);
#11132 = DIRECTION('',(0.,0.,1.));
#11133 = ORIENTED_EDGE('',*,*,#2591,.F.);
#11134 = PLANE('',#11135);
#11135 = AXIS2_PLACEMENT_3D('',#11136,#11137,#11138);
#11136 = CARTESIAN_POINT('',(193.31394,-60.94842,0.));
#11137 = DIRECTION('',(-0.443888257971,0.896082147147,0.));
#11138 = DIRECTION('',(0.896082147147,0.443888257971,0.));
#11139 = ADVANCED_FACE('',(#11140),#11151,.T.);
#11140 = FACE_BOUND('',#11141,.T.);
#11141 = EDGE_LOOP('',(#11142,#11148,#11149,#11150));
#11142 = ORIENTED_EDGE('',*,*,#11143,.T.);
#11143 = EDGE_CURVE('',#856,#4844,#11144,.T.);
#11144 = LINE('',#11145,#11146);
#11145 = CARTESIAN_POINT('',(85.322239,-127.507845,0.));
#11146 = VECTOR('',#11147,1.);
#11147 = DIRECTION('',(0.,0.,1.));
#11148 = ORIENTED_EDGE('',*,*,#4843,.T.);
#11149 = ORIENTED_EDGE('',*,*,#11109,.F.);
#11150 = ORIENTED_EDGE('',*,*,#855,.F.);
#11151 = PLANE('',#11152);
#11152 = AXIS2_PLACEMENT_3D('',#11153,#11154,#11155);
#11153 = CARTESIAN_POINT('',(85.322239,-127.507845,0.));
#11154 = DIRECTION('',(-0.771730795101,-0.635949353245,0.));
#11155 = DIRECTION('',(-0.635949353245,0.771730795101,0.));
#11156 = ADVANCED_FACE('',(#11157),#11168,.T.);
#11157 = FACE_BOUND('',#11158,.T.);
#11158 = EDGE_LOOP('',(#11159,#11160,#11161,#11167));
#11159 = ORIENTED_EDGE('',*,*,#11128,.T.);
#11160 = ORIENTED_EDGE('',*,*,#6571,.T.);
#11161 = ORIENTED_EDGE('',*,*,#11162,.F.);
#11162 = EDGE_CURVE('',#2576,#6564,#11163,.T.);
#11163 = LINE('',#11164,#11165);
#11164 = CARTESIAN_POINT('',(195.280792,-60.013463,0.));
#11165 = VECTOR('',#11166,1.);
#11166 = DIRECTION('',(0.,0.,1.));
#11167 = ORIENTED_EDGE('',*,*,#2583,.F.);
#11168 = PLANE('',#11169);
#11169 = AXIS2_PLACEMENT_3D('',#11170,#11171,#11172);
#11170 = CARTESIAN_POINT('',(194.317411,-60.451335,0.));
#11171 = DIRECTION('',(-0.413780659457,0.910376606608,0.));
#11172 = DIRECTION('',(0.910376606608,0.413780659457,0.));
#11173 = ADVANCED_FACE('',(#11174),#11185,.T.);
#11174 = FACE_BOUND('',#11175,.T.);
#11175 = EDGE_LOOP('',(#11176,#11182,#11183,#11184));
#11176 = ORIENTED_EDGE('',*,*,#11177,.T.);
#11177 = EDGE_CURVE('',#864,#4852,#11178,.T.);
#11178 = LINE('',#11179,#11180);
#11179 = CARTESIAN_POINT('',(85.704895,-127.951672,0.));
#11180 = VECTOR('',#11181,1.);
#11181 = DIRECTION('',(0.,0.,1.));
#11182 = ORIENTED_EDGE('',*,*,#4851,.T.);
#11183 = ORIENTED_EDGE('',*,*,#11143,.F.);
#11184 = ORIENTED_EDGE('',*,*,#863,.F.);
#11185 = PLANE('',#11186);
#11186 = AXIS2_PLACEMENT_3D('',#11187,#11188,#11189);
#11187 = CARTESIAN_POINT('',(85.704895,-127.951672,0.));
#11188 = DIRECTION('',(-0.757370703624,-0.652985158555,0.));
#11189 = DIRECTION('',(-0.652985158555,0.757370703624,0.));
#11190 = ADVANCED_FACE('',(#11191),#11202,.T.);
#11191 = FACE_BOUND('',#11192,.T.);
#11192 = EDGE_LOOP('',(#11193,#11194,#11195,#11201));
#11193 = ORIENTED_EDGE('',*,*,#11162,.T.);
#11194 = ORIENTED_EDGE('',*,*,#6563,.T.);
#11195 = ORIENTED_EDGE('',*,*,#11196,.F.);
#11196 = EDGE_CURVE('',#2568,#6556,#11197,.T.);
#11197 = LINE('',#11198,#11199);
#11198 = CARTESIAN_POINT('',(196.195129,-59.634728,0.));
#11199 = VECTOR('',#11200,1.);
#11200 = DIRECTION('',(0.,0.,1.));
#11201 = ORIENTED_EDGE('',*,*,#2575,.F.);
#11202 = PLANE('',#11203);
#11203 = AXIS2_PLACEMENT_3D('',#11204,#11205,#11206);
#11204 = CARTESIAN_POINT('',(195.280792,-60.013463,0.));
#11205 = DIRECTION('',(-0.382687066787,0.923878027076,0.));
#11206 = DIRECTION('',(0.923878027076,0.382687066787,0.));
#11207 = ADVANCED_FACE('',(#11208),#11219,.T.);
#11208 = FACE_BOUND('',#11209,.T.);
#11209 = EDGE_LOOP('',(#11210,#11216,#11217,#11218));
#11210 = ORIENTED_EDGE('',*,*,#11211,.T.);
#11211 = EDGE_CURVE('',#872,#4860,#11212,.T.);
#11212 = LINE('',#11213,#11214);
#11213 = CARTESIAN_POINT('',(86.100757,-128.390611,0.));
#11214 = VECTOR('',#11215,1.);
#11215 = DIRECTION('',(0.,0.,1.));
#11216 = ORIENTED_EDGE('',*,*,#4859,.T.);
#11217 = ORIENTED_EDGE('',*,*,#11177,.F.);
#11218 = ORIENTED_EDGE('',*,*,#871,.F.);
#11219 = PLANE('',#11220);
#11220 = AXIS2_PLACEMENT_3D('',#11221,#11222,#11223);
#11221 = CARTESIAN_POINT('',(86.100757,-128.390611,0.));
#11222 = DIRECTION('',(-0.742606547276,-0.669727941736,0.));
#11223 = DIRECTION('',(-0.669727941736,0.742606547276,0.));
#11224 = ADVANCED_FACE('',(#11225),#11236,.T.);
#11225 = FACE_BOUND('',#11226,.T.);
#11226 = EDGE_LOOP('',(#11227,#11228,#11229,#11235));
#11227 = ORIENTED_EDGE('',*,*,#11196,.T.);
#11228 = ORIENTED_EDGE('',*,*,#6555,.T.);
#11229 = ORIENTED_EDGE('',*,*,#11230,.F.);
#11230 = EDGE_CURVE('',#2560,#6548,#11231,.T.);
#11231 = LINE('',#11232,#11233);
#11232 = CARTESIAN_POINT('',(197.048565,-59.313109,0.));
#11233 = VECTOR('',#11234,1.);
#11234 = DIRECTION('',(0.,0.,1.));
#11235 = ORIENTED_EDGE('',*,*,#2567,.F.);
#11236 = PLANE('',#11237);
#11237 = AXIS2_PLACEMENT_3D('',#11238,#11239,#11240);
#11238 = CARTESIAN_POINT('',(196.195129,-59.634728,0.));
#11239 = DIRECTION('',(-0.352642282021,0.935758206446,0.));
#11240 = DIRECTION('',(0.935758206446,0.352642282021,0.));
#11241 = ADVANCED_FACE('',(#11242),#11253,.T.);
#11242 = FACE_BOUND('',#11243,.T.);
#11243 = EDGE_LOOP('',(#11244,#11250,#11251,#11252));
#11244 = ORIENTED_EDGE('',*,*,#11245,.T.);
#11245 = EDGE_CURVE('',#880,#4868,#11246,.T.);
#11246 = LINE('',#11247,#11248);
#11247 = CARTESIAN_POINT('',(86.510007,-128.824491,0.));
#11248 = VECTOR('',#11249,1.);
#11249 = DIRECTION('',(0.,0.,1.));
#11250 = ORIENTED_EDGE('',*,*,#4867,.T.);
#11251 = ORIENTED_EDGE('',*,*,#11211,.F.);
#11252 = ORIENTED_EDGE('',*,*,#879,.F.);
#11253 = PLANE('',#11254);
#11254 = AXIS2_PLACEMENT_3D('',#11255,#11256,#11257);
#11255 = CARTESIAN_POINT('',(86.510007,-128.824491,0.));
#11256 = DIRECTION('',(-0.727452863716,-0.686157657591,0.));
#11257 = DIRECTION('',(-0.686157657591,0.727452863716,0.));
#11258 = ADVANCED_FACE('',(#11259),#11270,.T.);
#11259 = FACE_BOUND('',#11260,.T.);
#11260 = EDGE_LOOP('',(#11261,#11262,#11263,#11269));
#11261 = ORIENTED_EDGE('',*,*,#11230,.T.);
#11262 = ORIENTED_EDGE('',*,*,#6547,.T.);
#11263 = ORIENTED_EDGE('',*,*,#11264,.F.);
#11264 = EDGE_CURVE('',#2552,#6540,#11265,.T.);
#11265 = LINE('',#11266,#11267);
#11266 = CARTESIAN_POINT('',(197.299992,-59.222944,0.));
#11267 = VECTOR('',#11268,1.);
#11268 = DIRECTION('',(0.,0.,1.));
#11269 = ORIENTED_EDGE('',*,*,#2559,.F.);
#11270 = PLANE('',#11271);
#11271 = AXIS2_PLACEMENT_3D('',#11272,#11273,#11274);
#11272 = CARTESIAN_POINT('',(197.048565,-59.313109,0.));
#11273 = DIRECTION('',(-0.337563447563,0.941302777468,0.));
#11274 = DIRECTION('',(0.941302777468,0.337563447563,0.));
#11275 = ADVANCED_FACE('',(#11276),#11287,.T.);
#11276 = FACE_BOUND('',#11277,.T.);
#11277 = EDGE_LOOP('',(#11278,#11284,#11285,#11286));
#11278 = ORIENTED_EDGE('',*,*,#11279,.T.);
#11279 = EDGE_CURVE('',#888,#4876,#11280,.T.);
#11280 = LINE('',#11281,#11282);
#11281 = CARTESIAN_POINT('',(86.932823,-129.253143,0.));
#11282 = VECTOR('',#11283,1.);
#11283 = DIRECTION('',(0.,0.,1.));
#11284 = ORIENTED_EDGE('',*,*,#4875,.T.);
#11285 = ORIENTED_EDGE('',*,*,#11245,.F.);
#11286 = ORIENTED_EDGE('',*,*,#887,.F.);
#11287 = PLANE('',#11288);
#11288 = AXIS2_PLACEMENT_3D('',#11289,#11290,#11291);
#11289 = CARTESIAN_POINT('',(86.932823,-129.253143,0.));
#11290 = DIRECTION('',(-0.711936600436,-0.702243744692,0.));
#11291 = DIRECTION('',(-0.702243744692,0.711936600436,0.));
#11292 = ADVANCED_FACE('',(#11293),#11304,.T.);
#11293 = FACE_BOUND('',#11294,.T.);
#11294 = EDGE_LOOP('',(#11295,#11296,#11297,#11303));
#11295 = ORIENTED_EDGE('',*,*,#11264,.T.);
#11296 = ORIENTED_EDGE('',*,*,#6539,.T.);
#11297 = ORIENTED_EDGE('',*,*,#11298,.F.);
#11298 = EDGE_CURVE('',#2544,#6532,#11299,.T.);
#11299 = LINE('',#11300,#11301);
#11300 = CARTESIAN_POINT('',(197.63071,-59.102716,0.));
#11301 = VECTOR('',#11302,1.);
#11302 = DIRECTION('',(0.,0.,1.));
#11303 = ORIENTED_EDGE('',*,*,#2551,.F.);
#11304 = PLANE('',#11305);
#11305 = AXIS2_PLACEMENT_3D('',#11306,#11307,#11308);
#11306 = CARTESIAN_POINT('',(197.299992,-59.222944,0.));
#11307 = DIRECTION('',(-0.341660007471,0.939823621375,0.));
#11308 = DIRECTION('',(0.939823621375,0.341660007471,0.));
#11309 = ADVANCED_FACE('',(#11310),#11321,.T.);
#11310 = FACE_BOUND('',#11311,.T.);
#11311 = EDGE_LOOP('',(#11312,#11318,#11319,#11320));
#11312 = ORIENTED_EDGE('',*,*,#11313,.T.);
#11313 = EDGE_CURVE('',#896,#4884,#11314,.T.);
#11314 = LINE('',#11315,#11316);
#11315 = CARTESIAN_POINT('',(87.369385,-129.676398,0.));
#11316 = VECTOR('',#11317,1.);
#11317 = DIRECTION('',(0.,0.,1.));
#11318 = ORIENTED_EDGE('',*,*,#4883,.T.);
#11319 = ORIENTED_EDGE('',*,*,#11279,.F.);
#11320 = ORIENTED_EDGE('',*,*,#895,.F.);
#11321 = PLANE('',#11322);
#11322 = AXIS2_PLACEMENT_3D('',#11323,#11324,#11325);
#11323 = CARTESIAN_POINT('',(87.369385,-129.676398,0.));
#11324 = DIRECTION('',(-0.696079849609,-0.717964374443,0.));
#11325 = DIRECTION('',(-0.717964374443,0.696079849609,0.));
#11326 = ADVANCED_FACE('',(#11327),#11338,.T.);
#11327 = FACE_BOUND('',#11328,.T.);
#11328 = EDGE_LOOP('',(#11329,#11330,#11331,#11337));
#11329 = ORIENTED_EDGE('',*,*,#11298,.T.);
#11330 = ORIENTED_EDGE('',*,*,#6531,.T.);
#11331 = ORIENTED_EDGE('',*,*,#11332,.F.);
#11332 = EDGE_CURVE('',#2536,#6524,#11333,.T.);
#11333 = LINE('',#11334,#11335);
#11334 = CARTESIAN_POINT('',(197.80754,-59.024688,0.));
#11335 = VECTOR('',#11336,1.);
#11336 = DIRECTION('',(0.,0.,1.));
#11337 = ORIENTED_EDGE('',*,*,#2543,.F.);
#11338 = PLANE('',#11339);
#11339 = AXIS2_PLACEMENT_3D('',#11340,#11341,#11342);
#11340 = CARTESIAN_POINT('',(197.63071,-59.102716,0.));
#11341 = DIRECTION('',(-0.403704149869,0.914889588627,0.));
#11342 = DIRECTION('',(0.914889588627,0.403704149869,0.));
#11343 = ADVANCED_FACE('',(#11344),#11355,.T.);
#11344 = FACE_BOUND('',#11345,.T.);
#11345 = EDGE_LOOP('',(#11346,#11352,#11353,#11354));
#11346 = ORIENTED_EDGE('',*,*,#11347,.T.);
#11347 = EDGE_CURVE('',#904,#4892,#11348,.T.);
#11348 = LINE('',#11349,#11350);
#11349 = CARTESIAN_POINT('',(87.819873,-130.094085,0.));
#11350 = VECTOR('',#11351,1.);
#11351 = DIRECTION('',(0.,0.,1.));
#11352 = ORIENTED_EDGE('',*,*,#4891,.T.);
#11353 = ORIENTED_EDGE('',*,*,#11313,.F.);
#11354 = ORIENTED_EDGE('',*,*,#903,.F.);
#11355 = PLANE('',#11356);
#11356 = AXIS2_PLACEMENT_3D('',#11357,#11358,#11359);
#11357 = CARTESIAN_POINT('',(87.819873,-130.094085,0.));
#11358 = DIRECTION('',(-0.679906097183,-0.733299187927,0.));
#11359 = DIRECTION('',(-0.733299187927,0.679906097183,0.));
#11360 = ADVANCED_FACE('',(#11361),#11372,.T.);
#11361 = FACE_BOUND('',#11362,.T.);
#11362 = EDGE_LOOP('',(#11363,#11364,#11365,#11371));
#11363 = ORIENTED_EDGE('',*,*,#11332,.T.);
#11364 = ORIENTED_EDGE('',*,*,#6523,.T.);
#11365 = ORIENTED_EDGE('',*,*,#11366,.F.);
#11366 = EDGE_CURVE('',#2528,#6516,#11367,.T.);
#11367 = LINE('',#11368,#11369);
#11368 = CARTESIAN_POINT('',(198.17784,-59.167642,0.));
#11369 = VECTOR('',#11370,1.);
#11370 = DIRECTION('',(0.,0.,1.));
#11371 = ORIENTED_EDGE('',*,*,#2535,.F.);
#11372 = PLANE('',#11373);
#11373 = AXIS2_PLACEMENT_3D('',#11374,#11375,#11376);
#11374 = CARTESIAN_POINT('',(197.80754,-59.024688,0.));
#11375 = DIRECTION('',(0.360143988734,0.932896729214,-0.));
#11376 = DIRECTION('',(0.932896729214,-0.360143988734,0.));
#11377 = ADVANCED_FACE('',(#11378),#11389,.T.);
#11378 = FACE_BOUND('',#11379,.T.);
#11379 = EDGE_LOOP('',(#11380,#11386,#11387,#11388));
#11380 = ORIENTED_EDGE('',*,*,#11381,.T.);
#11381 = EDGE_CURVE('',#912,#4900,#11382,.T.);
#11382 = LINE('',#11383,#11384);
#11383 = CARTESIAN_POINT('',(88.284466,-130.506034,0.));
#11384 = VECTOR('',#11385,1.);
#11385 = DIRECTION('',(0.,0.,1.));
#11386 = ORIENTED_EDGE('',*,*,#4899,.T.);
#11387 = ORIENTED_EDGE('',*,*,#11347,.F.);
#11388 = ORIENTED_EDGE('',*,*,#911,.F.);
#11389 = PLANE('',#11390);
#11390 = AXIS2_PLACEMENT_3D('',#11391,#11392,#11393);
#11391 = CARTESIAN_POINT('',(88.284466,-130.506034,0.));
#11392 = DIRECTION('',(-0.663443385319,-0.748226486083,0.));
#11393 = DIRECTION('',(-0.748226486083,0.663443385319,0.));
#11394 = ADVANCED_FACE('',(#11395),#11406,.T.);
#11395 = FACE_BOUND('',#11396,.T.);
#11396 = EDGE_LOOP('',(#11397,#11398,#11399,#11405));
#11397 = ORIENTED_EDGE('',*,*,#11366,.T.);
#11398 = ORIENTED_EDGE('',*,*,#6515,.T.);
#11399 = ORIENTED_EDGE('',*,*,#11400,.F.);
#11400 = EDGE_CURVE('',#2520,#6508,#11401,.T.);
#11401 = LINE('',#11402,#11403);
#11402 = CARTESIAN_POINT('',(198.302701,-59.223497,0.));
#11403 = VECTOR('',#11404,1.);
#11404 = DIRECTION('',(0.,0.,1.));
#11405 = ORIENTED_EDGE('',*,*,#2527,.F.);
#11406 = PLANE('',#11407);
#11407 = AXIS2_PLACEMENT_3D('',#11408,#11409,#11410);
#11408 = CARTESIAN_POINT('',(198.17784,-59.167642,0.));
#11409 = DIRECTION('',(0.408342495061,0.912828793766,-0.));
#11410 = DIRECTION('',(0.912828793766,-0.408342495061,0.));
#11411 = ADVANCED_FACE('',(#11412),#11423,.T.);
#11412 = FACE_BOUND('',#11413,.T.);
#11413 = EDGE_LOOP('',(#11414,#11420,#11421,#11422));
#11414 = ORIENTED_EDGE('',*,*,#11415,.T.);
#11415 = EDGE_CURVE('',#920,#4908,#11416,.T.);
#11416 = LINE('',#11417,#11418);
#11417 = CARTESIAN_POINT('',(88.763344,-130.912076,0.));
#11418 = VECTOR('',#11419,1.);
#11419 = DIRECTION('',(0.,0.,1.));
#11420 = ORIENTED_EDGE('',*,*,#4907,.T.);
#11421 = ORIENTED_EDGE('',*,*,#11381,.F.);
#11422 = ORIENTED_EDGE('',*,*,#919,.F.);
#11423 = PLANE('',#11424);
#11424 = AXIS2_PLACEMENT_3D('',#11425,#11426,#11427);
#11425 = CARTESIAN_POINT('',(88.763344,-130.912076,0.));
#11426 = DIRECTION('',(-0.646719295423,-0.76272809895,0.));
#11427 = DIRECTION('',(-0.76272809895,0.646719295423,0.));
#11428 = ADVANCED_FACE('',(#11429),#11440,.T.);
#11429 = FACE_BOUND('',#11430,.T.);
#11430 = EDGE_LOOP('',(#11431,#11432,#11433,#11439));
#11431 = ORIENTED_EDGE('',*,*,#11400,.T.);
#11432 = ORIENTED_EDGE('',*,*,#6507,.T.);
#11433 = ORIENTED_EDGE('',*,*,#11434,.F.);
#11434 = EDGE_CURVE('',#2512,#6500,#11435,.T.);
#11435 = LINE('',#11436,#11437);
#11436 = CARTESIAN_POINT('',(198.663349,-59.405198,0.));
#11437 = VECTOR('',#11438,1.);
#11438 = DIRECTION('',(0.,0.,1.));
#11439 = ORIENTED_EDGE('',*,*,#2519,.F.);
#11440 = PLANE('',#11441);
#11441 = AXIS2_PLACEMENT_3D('',#11442,#11443,#11444);
#11442 = CARTESIAN_POINT('',(198.302701,-59.223497,0.));
#11443 = DIRECTION('',(0.449939366358,0.893059105884,-0.));
#11444 = DIRECTION('',(0.893059105884,-0.449939366358,0.));
#11445 = ADVANCED_FACE('',(#11446),#11457,.T.);
#11446 = FACE_BOUND('',#11447,.T.);
#11447 = EDGE_LOOP('',(#11448,#11454,#11455,#11456));
#11448 = ORIENTED_EDGE('',*,*,#11449,.T.);
#11449 = EDGE_CURVE('',#928,#4916,#11450,.T.);
#11450 = LINE('',#11451,#11452);
#11451 = CARTESIAN_POINT('',(89.256686,-131.312041,0.));
#11452 = VECTOR('',#11453,1.);
#11453 = DIRECTION('',(0.,0.,1.));
#11454 = ORIENTED_EDGE('',*,*,#4915,.T.);
#11455 = ORIENTED_EDGE('',*,*,#11415,.F.);
#11456 = ORIENTED_EDGE('',*,*,#927,.F.);
#11457 = PLANE('',#11458);
#11458 = AXIS2_PLACEMENT_3D('',#11459,#11460,#11461);
#11459 = CARTESIAN_POINT('',(89.256686,-131.312041,0.));
#11460 = DIRECTION('',(-0.629762031929,-0.77678811985,0.));
#11461 = DIRECTION('',(-0.77678811985,0.629762031929,0.));
#11462 = ADVANCED_FACE('',(#11463),#11474,.T.);
#11463 = FACE_BOUND('',#11464,.T.);
#11464 = EDGE_LOOP('',(#11465,#11466,#11467,#11473));
#11465 = ORIENTED_EDGE('',*,*,#11434,.T.);
#11466 = ORIENTED_EDGE('',*,*,#6499,.T.);
#11467 = ORIENTED_EDGE('',*,*,#11468,.F.);
#11468 = EDGE_CURVE('',#2504,#6492,#11469,.T.);
#11469 = LINE('',#11470,#11471);
#11470 = CARTESIAN_POINT('',(198.92556,-59.549866,0.));
#11471 = VECTOR('',#11472,1.);
#11472 = DIRECTION('',(0.,0.,1.));
#11473 = ORIENTED_EDGE('',*,*,#2511,.F.);
#11474 = PLANE('',#11475);
#11475 = AXIS2_PLACEMENT_3D('',#11476,#11477,#11478);
#11476 = CARTESIAN_POINT('',(198.663349,-59.405198,0.));
#11477 = DIRECTION('',(0.483076989813,0.875577878839,-0.));
#11478 = DIRECTION('',(0.875577878839,-0.483076989813,0.));
#11479 = ADVANCED_FACE('',(#11480),#11491,.T.);
#11480 = FACE_BOUND('',#11481,.T.);
#11481 = EDGE_LOOP('',(#11482,#11488,#11489,#11490));
#11482 = ORIENTED_EDGE('',*,*,#11483,.T.);
#11483 = EDGE_CURVE('',#936,#4924,#11484,.T.);
#11484 = LINE('',#11485,#11486);
#11485 = CARTESIAN_POINT('',(89.764672,-131.70576,0.));
#11486 = VECTOR('',#11487,1.);
#11487 = DIRECTION('',(0.,0.,1.));
#11488 = ORIENTED_EDGE('',*,*,#4923,.T.);
#11489 = ORIENTED_EDGE('',*,*,#11449,.F.);
#11490 = ORIENTED_EDGE('',*,*,#935,.F.);
#11491 = PLANE('',#11492);
#11492 = AXIS2_PLACEMENT_3D('',#11493,#11494,#11495);
#11493 = CARTESIAN_POINT('',(89.764672,-131.70576,0.));
#11494 = DIRECTION('',(-0.612600681578,-0.790392563813,0.));
#11495 = DIRECTION('',(-0.790392563813,0.612600681578,0.));
#11496 = ADVANCED_FACE('',(#11497),#11508,.T.);
#11497 = FACE_BOUND('',#11498,.T.);
#11498 = EDGE_LOOP('',(#11499,#11500,#11501,#11507));
#11499 = ORIENTED_EDGE('',*,*,#11468,.T.);
#11500 = ORIENTED_EDGE('',*,*,#6491,.T.);
#11501 = ORIENTED_EDGE('',*,*,#11502,.F.);
#11502 = EDGE_CURVE('',#2496,#6484,#11503,.T.);
#11503 = LINE('',#11504,#11505);
#11504 = CARTESIAN_POINT('',(199.238879,-59.733946,0.));
#11505 = VECTOR('',#11506,1.);
#11506 = DIRECTION('',(0.,0.,1.));
#11507 = ORIENTED_EDGE('',*,*,#2503,.F.);
#11508 = PLANE('',#11509);
#11509 = AXIS2_PLACEMENT_3D('',#11510,#11511,#11512);
#11510 = CARTESIAN_POINT('',(198.92556,-59.549866,0.));
#11511 = DIRECTION('',(0.506559456312,0.862205032009,-0.));
#11512 = DIRECTION('',(0.862205032009,-0.506559456312,0.));
#11513 = ADVANCED_FACE('',(#11514),#11525,.T.);
#11514 = FACE_BOUND('',#11515,.T.);
#11515 = EDGE_LOOP('',(#11516,#11522,#11523,#11524));
#11516 = ORIENTED_EDGE('',*,*,#11517,.T.);
#11517 = EDGE_CURVE('',#944,#4932,#11518,.T.);
#11518 = LINE('',#11519,#11520);
#11519 = CARTESIAN_POINT('',(90.287481,-132.093062,0.));
#11520 = VECTOR('',#11521,1.);
#11521 = DIRECTION('',(0.,0.,1.));
#11522 = ORIENTED_EDGE('',*,*,#4931,.T.);
#11523 = ORIENTED_EDGE('',*,*,#11483,.F.);
#11524 = ORIENTED_EDGE('',*,*,#943,.F.);
#11525 = PLANE('',#11526);
#11526 = AXIS2_PLACEMENT_3D('',#11527,#11528,#11529);
#11527 = CARTESIAN_POINT('',(90.287481,-132.093062,0.));
#11528 = DIRECTION('',(-0.59526335046,-0.803530673714,0.));
#11529 = DIRECTION('',(-0.803530673714,0.59526335046,0.));
#11530 = ADVANCED_FACE('',(#11531),#11542,.T.);
#11531 = FACE_BOUND('',#11532,.T.);
#11532 = EDGE_LOOP('',(#11533,#11534,#11535,#11541));
#11533 = ORIENTED_EDGE('',*,*,#11502,.T.);
#11534 = ORIENTED_EDGE('',*,*,#6483,.T.);
#11535 = ORIENTED_EDGE('',*,*,#11536,.F.);
#11536 = EDGE_CURVE('',#2488,#6476,#11537,.T.);
#11537 = LINE('',#11538,#11539);
#11538 = CARTESIAN_POINT('',(199.600692,-59.960088,0.));
#11539 = VECTOR('',#11540,1.);
#11540 = DIRECTION('',(0.,0.,1.));
#11541 = ORIENTED_EDGE('',*,*,#2495,.F.);
#11542 = PLANE('',#11543);
#11543 = AXIS2_PLACEMENT_3D('',#11544,#11545,#11546);
#11544 = CARTESIAN_POINT('',(199.238879,-59.733946,0.));
#11545 = DIRECTION('',(0.530013897605,0.847988955321,-0.));
#11546 = DIRECTION('',(0.847988955321,-0.530013897605,0.));
#11547 = ADVANCED_FACE('',(#11548),#11559,.T.);
#11548 = FACE_BOUND('',#11549,.T.);
#11549 = EDGE_LOOP('',(#11550,#11556,#11557,#11558));
#11550 = ORIENTED_EDGE('',*,*,#11551,.T.);
#11551 = EDGE_CURVE('',#952,#4940,#11552,.T.);
#11552 = LINE('',#11553,#11554);
#11553 = CARTESIAN_POINT('',(90.825293,-132.473777,0.));
#11554 = VECTOR('',#11555,1.);
#11555 = DIRECTION('',(0.,0.,1.));
#11556 = ORIENTED_EDGE('',*,*,#4939,.T.);
#11557 = ORIENTED_EDGE('',*,*,#11517,.F.);
#11558 = ORIENTED_EDGE('',*,*,#951,.F.);
#11559 = PLANE('',#11560);
#11560 = AXIS2_PLACEMENT_3D('',#11561,#11562,#11563);
#11561 = CARTESIAN_POINT('',(90.825293,-132.473777,0.));
#11562 = DIRECTION('',(-0.577779662665,-0.816192784464,0.));
#11563 = DIRECTION('',(-0.816192784464,0.577779662665,0.));
#11564 = ADVANCED_FACE('',(#11565),#11576,.T.);
#11565 = FACE_BOUND('',#11566,.T.);
#11566 = EDGE_LOOP('',(#11567,#11568,#11569,#11575));
#11567 = ORIENTED_EDGE('',*,*,#11536,.T.);
#11568 = ORIENTED_EDGE('',*,*,#6475,.T.);
#11569 = ORIENTED_EDGE('',*,*,#11570,.F.);
#11570 = EDGE_CURVE('',#2480,#6468,#11571,.T.);
#11571 = LINE('',#11572,#11573);
#11572 = CARTESIAN_POINT('',(200.008386,-60.230942,0.));
#11573 = VECTOR('',#11574,1.);
#11574 = DIRECTION('',(0.,0.,1.));
#11575 = ORIENTED_EDGE('',*,*,#2487,.F.);
#11576 = PLANE('',#11577);
#11577 = AXIS2_PLACEMENT_3D('',#11578,#11579,#11580);
#11578 = CARTESIAN_POINT('',(199.600692,-59.960088,0.));
#11579 = DIRECTION('',(0.553367104912,0.832937480968,-0.));
#11580 = DIRECTION('',(0.832937480968,-0.553367104912,0.));
#11581 = ADVANCED_FACE('',(#11582),#11593,.T.);
#11582 = FACE_BOUND('',#11583,.T.);
#11583 = EDGE_LOOP('',(#11584,#11590,#11591,#11592));
#11584 = ORIENTED_EDGE('',*,*,#11585,.T.);
#11585 = EDGE_CURVE('',#960,#4948,#11586,.T.);
#11586 = LINE('',#11587,#11588);
#11587 = CARTESIAN_POINT('',(91.378288,-132.847737,0.));
#11588 = VECTOR('',#11589,1.);
#11589 = DIRECTION('',(0.,0.,1.));
#11590 = ORIENTED_EDGE('',*,*,#4947,.T.);
#11591 = ORIENTED_EDGE('',*,*,#11551,.F.);
#11592 = ORIENTED_EDGE('',*,*,#959,.F.);
#11593 = PLANE('',#11594);
#11594 = AXIS2_PLACEMENT_3D('',#11595,#11596,#11597);
#11595 = CARTESIAN_POINT('',(91.378288,-132.847737,0.));
#11596 = DIRECTION('',(-0.560181051139,-0.828370201024,0.));
#11597 = DIRECTION('',(-0.828370201024,0.560181051139,0.));
#11598 = ADVANCED_FACE('',(#11599),#11610,.T.);
#11599 = FACE_BOUND('',#11600,.T.);
#11600 = EDGE_LOOP('',(#11601,#11602,#11603,#11609));
#11601 = ORIENTED_EDGE('',*,*,#11570,.T.);
#11602 = ORIENTED_EDGE('',*,*,#6467,.T.);
#11603 = ORIENTED_EDGE('',*,*,#11604,.F.);
#11604 = EDGE_CURVE('',#2472,#6460,#11605,.T.);
#11605 = LINE('',#11606,#11607);
#11606 = CARTESIAN_POINT('',(200.459349,-60.549159,0.));
#11607 = VECTOR('',#11608,1.);
#11608 = DIRECTION('',(0.,0.,1.));
#11609 = ORIENTED_EDGE('',*,*,#2479,.F.);
#11610 = PLANE('',#11611);
#11611 = AXIS2_PLACEMENT_3D('',#11612,#11613,#11614);
#11612 = CARTESIAN_POINT('',(200.008386,-60.230942,0.));
#11613 = DIRECTION('',(0.57655038351,0.817061598213,-0.));
#11614 = DIRECTION('',(0.817061598213,-0.57655038351,0.));
#11615 = ADVANCED_FACE('',(#11616),#11627,.T.);
#11616 = FACE_BOUND('',#11617,.T.);
#11617 = EDGE_LOOP('',(#11618,#11624,#11625,#11626));
#11618 = ORIENTED_EDGE('',*,*,#11619,.T.);
#11619 = EDGE_CURVE('',#968,#4956,#11620,.T.);
#11620 = LINE('',#11621,#11622);
#11621 = CARTESIAN_POINT('',(91.946645,-133.21477,0.));
#11622 = VECTOR('',#11623,1.);
#11623 = DIRECTION('',(0.,0.,1.));
#11624 = ORIENTED_EDGE('',*,*,#4955,.T.);
#11625 = ORIENTED_EDGE('',*,*,#11585,.F.);
#11626 = ORIENTED_EDGE('',*,*,#967,.F.);
#11627 = PLANE('',#11628);
#11628 = AXIS2_PLACEMENT_3D('',#11629,#11630,#11631);
#11629 = CARTESIAN_POINT('',(91.946645,-133.21477,0.));
#11630 = DIRECTION('',(-0.542493206413,-0.840060188913,0.));
#11631 = DIRECTION('',(-0.840060188913,0.542493206413,0.));
#11632 = ADVANCED_FACE('',(#11633),#11644,.T.);
#11633 = FACE_BOUND('',#11634,.T.);
#11634 = EDGE_LOOP('',(#11635,#11636,#11637,#11643));
#11635 = ORIENTED_EDGE('',*,*,#11604,.T.);
#11636 = ORIENTED_EDGE('',*,*,#6459,.T.);
#11637 = ORIENTED_EDGE('',*,*,#11638,.F.);
#11638 = EDGE_CURVE('',#2464,#6452,#11639,.T.);
#11639 = LINE('',#11640,#11641);
#11640 = CARTESIAN_POINT('',(200.950967,-60.917389,0.));
#11641 = VECTOR('',#11642,1.);
#11642 = DIRECTION('',(0.,0.,1.));
#11643 = ORIENTED_EDGE('',*,*,#2471,.F.);
#11644 = PLANE('',#11645);
#11645 = AXIS2_PLACEMENT_3D('',#11646,#11647,#11648);
#11646 = CARTESIAN_POINT('',(200.459349,-60.549159,0.));
#11647 = DIRECTION('',(0.599496097874,0.800377678746,-0.));
#11648 = DIRECTION('',(0.800377678746,-0.599496097874,0.));
#11649 = ADVANCED_FACE('',(#11650),#11661,.T.);
#11650 = FACE_BOUND('',#11651,.T.);
#11651 = EDGE_LOOP('',(#11652,#11658,#11659,#11660));
#11652 = ORIENTED_EDGE('',*,*,#11653,.T.);
#11653 = EDGE_CURVE('',#976,#4964,#11654,.T.);
#11654 = LINE('',#11655,#11656);
#11655 = CARTESIAN_POINT('',(92.530544,-133.574709,0.));
#11656 = VECTOR('',#11657,1.);
#11657 = DIRECTION('',(0.,0.,1.));
#11658 = ORIENTED_EDGE('',*,*,#4963,.T.);
#11659 = ORIENTED_EDGE('',*,*,#11619,.F.);
#11660 = ORIENTED_EDGE('',*,*,#975,.F.);
#11661 = PLANE('',#11662);
#11662 = AXIS2_PLACEMENT_3D('',#11663,#11664,#11665);
#11663 = CARTESIAN_POINT('',(92.530544,-133.574709,0.));
#11664 = DIRECTION('',(-0.524749221452,-0.85125686757,0.));
#11665 = DIRECTION('',(-0.85125686757,0.524749221452,0.));
#11666 = ADVANCED_FACE('',(#11667),#11678,.T.);
#11667 = FACE_BOUND('',#11668,.T.);
#11668 = EDGE_LOOP('',(#11669,#11670,#11671,#11677));
#11669 = ORIENTED_EDGE('',*,*,#11638,.T.);
#11670 = ORIENTED_EDGE('',*,*,#6451,.T.);
#11671 = ORIENTED_EDGE('',*,*,#11672,.F.);
#11672 = EDGE_CURVE('',#2456,#6444,#11673,.T.);
#11673 = LINE('',#11674,#11675);
#11674 = CARTESIAN_POINT('',(201.480627,-61.338282,0.));
#11675 = VECTOR('',#11676,1.);
#11676 = DIRECTION('',(0.,0.,1.));
#11677 = ORIENTED_EDGE('',*,*,#2463,.F.);
#11678 = PLANE('',#11679);
#11679 = AXIS2_PLACEMENT_3D('',#11680,#11681,#11682);
#11680 = CARTESIAN_POINT('',(200.950967,-60.917389,0.));
#11681 = DIRECTION('',(0.622136513045,0.782908780853,-0.));
#11682 = DIRECTION('',(0.782908780853,-0.622136513045,0.));
#11683 = ADVANCED_FACE('',(#11684),#11695,.T.);
#11684 = FACE_BOUND('',#11685,.T.);
#11685 = EDGE_LOOP('',(#11686,#11692,#11693,#11694));
#11686 = ORIENTED_EDGE('',*,*,#11687,.T.);
#11687 = EDGE_CURVE('',#984,#4972,#11688,.T.);
#11688 = LINE('',#11689,#11690);
#11689 = CARTESIAN_POINT('',(93.130164,-133.927381,0.));
#11690 = VECTOR('',#11691,1.);
#11691 = DIRECTION('',(0.,0.,1.));
#11692 = ORIENTED_EDGE('',*,*,#4971,.T.);
#11693 = ORIENTED_EDGE('',*,*,#11653,.F.);
#11694 = ORIENTED_EDGE('',*,*,#983,.F.);
#11695 = PLANE('',#11696);
#11696 = AXIS2_PLACEMENT_3D('',#11697,#11698,#11699);
#11697 = CARTESIAN_POINT('',(93.130164,-133.927381,0.));
#11698 = DIRECTION('',(-0.506971375878,-0.861962890176,0.));
#11699 = DIRECTION('',(-0.861962890176,0.506971375878,0.));
#11700 = ADVANCED_FACE('',(#11701),#11712,.T.);
#11701 = FACE_BOUND('',#11702,.T.);
#11702 = EDGE_LOOP('',(#11703,#11704,#11705,#11711));
#11703 = ORIENTED_EDGE('',*,*,#11672,.T.);
#11704 = ORIENTED_EDGE('',*,*,#6443,.T.);
#11705 = ORIENTED_EDGE('',*,*,#11706,.F.);
#11706 = EDGE_CURVE('',#2448,#6436,#11707,.T.);
#11707 = LINE('',#11708,#11709);
#11708 = CARTESIAN_POINT('',(202.045716,-61.814487,0.));
#11709 = VECTOR('',#11710,1.);
#11710 = DIRECTION('',(0.,0.,1.));
#11711 = ORIENTED_EDGE('',*,*,#2455,.F.);
#11712 = PLANE('',#11713);
#11713 = AXIS2_PLACEMENT_3D('',#11714,#11715,#11716);
#11714 = CARTESIAN_POINT('',(201.480627,-61.338282,0.));
#11715 = DIRECTION('',(0.644405358616,0.764684074495,-0.));
#11716 = DIRECTION('',(0.764684074495,-0.644405358616,0.));
#11717 = ADVANCED_FACE('',(#11718),#11729,.T.);
#11718 = FACE_BOUND('',#11719,.T.);
#11719 = EDGE_LOOP('',(#11720,#11726,#11727,#11728));
#11720 = ORIENTED_EDGE('',*,*,#11721,.T.);
#11721 = EDGE_CURVE('',#992,#4980,#11722,.T.);
#11722 = LINE('',#11723,#11724);
#11723 = CARTESIAN_POINT('',(93.745685,-134.272619,0.));
#11724 = VECTOR('',#11725,1.);
#11725 = DIRECTION('',(0.,0.,1.));
#11726 = ORIENTED_EDGE('',*,*,#4979,.T.);
#11727 = ORIENTED_EDGE('',*,*,#11687,.F.);
#11728 = ORIENTED_EDGE('',*,*,#991,.F.);
#11729 = PLANE('',#11730);
#11730 = AXIS2_PLACEMENT_3D('',#11731,#11732,#11733);
#11731 = CARTESIAN_POINT('',(93.745685,-134.272619,0.));
#11732 = DIRECTION('',(-0.489192483027,-0.872175850703,0.));
#11733 = DIRECTION('',(-0.872175850703,0.489192483027,0.));
#11734 = ADVANCED_FACE('',(#11735),#11746,.T.);
#11735 = FACE_BOUND('',#11736,.T.);
#11736 = EDGE_LOOP('',(#11737,#11738,#11739,#11745));
#11737 = ORIENTED_EDGE('',*,*,#11706,.T.);
#11738 = ORIENTED_EDGE('',*,*,#6435,.T.);
#11739 = ORIENTED_EDGE('',*,*,#11740,.F.);
#11740 = EDGE_CURVE('',#2440,#6428,#11741,.T.);
#11741 = LINE('',#11742,#11743);
#11742 = CARTESIAN_POINT('',(202.643622,-62.348657,0.));
#11743 = VECTOR('',#11744,1.);
#11744 = DIRECTION('',(0.,0.,1.));
#11745 = ORIENTED_EDGE('',*,*,#2447,.F.);
#11746 = PLANE('',#11747);
#11747 = AXIS2_PLACEMENT_3D('',#11748,#11749,#11750);
#11748 = CARTESIAN_POINT('',(202.045716,-61.814487,0.));
#11749 = DIRECTION('',(0.666241535514,0.745736023238,-0.));
#11750 = DIRECTION('',(0.745736023238,-0.666241535514,0.));
#11751 = ADVANCED_FACE('',(#11752),#11763,.T.);
#11752 = FACE_BOUND('',#11753,.T.);
#11753 = EDGE_LOOP('',(#11754,#11760,#11761,#11762));
#11754 = ORIENTED_EDGE('',*,*,#11755,.T.);
#11755 = EDGE_CURVE('',#1000,#4988,#11756,.T.);
#11756 = LINE('',#11757,#11758);
#11757 = CARTESIAN_POINT('',(94.377286,-134.610251,0.));
#11758 = VECTOR('',#11759,1.);
#11759 = DIRECTION('',(0.,0.,1.));
#11760 = ORIENTED_EDGE('',*,*,#4987,.T.);
#11761 = ORIENTED_EDGE('',*,*,#11721,.F.);
#11762 = ORIENTED_EDGE('',*,*,#999,.F.);
#11763 = PLANE('',#11764);
#11764 = AXIS2_PLACEMENT_3D('',#11765,#11766,#11767);
#11765 = CARTESIAN_POINT('',(94.377286,-134.610251,0.));
#11766 = DIRECTION('',(-0.471433912985,-0.88190139227,0.));
#11767 = DIRECTION('',(-0.88190139227,0.471433912985,0.));
#11768 = ADVANCED_FACE('',(#11769),#11780,.T.);
#11769 = FACE_BOUND('',#11770,.T.);
#11770 = EDGE_LOOP('',(#11771,#11772,#11773,#11779));
#11771 = ORIENTED_EDGE('',*,*,#11740,.T.);
#11772 = ORIENTED_EDGE('',*,*,#6427,.T.);
#11773 = ORIENTED_EDGE('',*,*,#11774,.F.);
#11774 = EDGE_CURVE('',#2432,#6420,#11775,.T.);
#11775 = LINE('',#11776,#11777);
#11776 = CARTESIAN_POINT('',(203.27173,-62.943439,0.));
#11777 = VECTOR('',#11778,1.);
#11778 = DIRECTION('',(0.,0.,1.));
#11779 = ORIENTED_EDGE('',*,*,#2439,.F.);
#11780 = PLANE('',#11781);
#11781 = AXIS2_PLACEMENT_3D('',#11782,#11783,#11784);
#11782 = CARTESIAN_POINT('',(202.643622,-62.348657,0.));
#11783 = DIRECTION('',(0.68758154865,0.726107164237,-0.));
#11784 = DIRECTION('',(0.726107164237,-0.68758154865,0.));
#11785 = ADVANCED_FACE('',(#11786),#11797,.T.);
#11786 = FACE_BOUND('',#11787,.T.);
#11787 = EDGE_LOOP('',(#11788,#11794,#11795,#11796));
#11788 = ORIENTED_EDGE('',*,*,#11789,.T.);
#11789 = EDGE_CURVE('',#1008,#4996,#11790,.T.);
#11790 = LINE('',#11791,#11792);
#11791 = CARTESIAN_POINT('',(95.025147,-134.940109,0.));
#11792 = VECTOR('',#11793,1.);
#11793 = DIRECTION('',(0.,0.,1.));
#11794 = ORIENTED_EDGE('',*,*,#4995,.T.);
#11795 = ORIENTED_EDGE('',*,*,#11755,.F.);
#11796 = ORIENTED_EDGE('',*,*,#1007,.F.);
#11797 = PLANE('',#11798);
#11798 = AXIS2_PLACEMENT_3D('',#11799,#11800,#11801);
#11799 = CARTESIAN_POINT('',(95.025147,-134.940109,0.));
#11800 = DIRECTION('',(-0.453724392279,-0.891142062665,0.));
#11801 = DIRECTION('',(-0.891142062665,0.453724392279,0.));
#11802 = ADVANCED_FACE('',(#11803),#11814,.T.);
#11803 = FACE_BOUND('',#11804,.T.);
#11804 = EDGE_LOOP('',(#11805,#11806,#11807,#11813));
#11805 = ORIENTED_EDGE('',*,*,#11774,.T.);
#11806 = ORIENTED_EDGE('',*,*,#6419,.T.);
#11807 = ORIENTED_EDGE('',*,*,#11808,.F.);
#11808 = EDGE_CURVE('',#2424,#6412,#11809,.T.);
#11809 = LINE('',#11810,#11811);
#11810 = CARTESIAN_POINT('',(203.927429,-63.601486,0.));
#11811 = VECTOR('',#11812,1.);
#11812 = DIRECTION('',(0.,0.,1.));
#11813 = ORIENTED_EDGE('',*,*,#2431,.F.);
#11814 = PLANE('',#11815);
#11815 = AXIS2_PLACEMENT_3D('',#11816,#11817,#11818);
#11816 = CARTESIAN_POINT('',(203.27173,-62.943439,0.));
#11817 = DIRECTION('',(0.708369430432,0.705841873247,-0.));
#11818 = DIRECTION('',(0.705841873247,-0.708369430432,0.));
#11819 = ADVANCED_FACE('',(#11820),#11831,.T.);
#11820 = FACE_BOUND('',#11821,.T.);
#11821 = EDGE_LOOP('',(#11822,#11828,#11829,#11830));
#11822 = ORIENTED_EDGE('',*,*,#11823,.T.);
#11823 = EDGE_CURVE('',#1016,#5004,#11824,.T.);
#11824 = LINE('',#11825,#11826);
#11825 = CARTESIAN_POINT('',(95.689448,-135.262023,0.));
#11826 = VECTOR('',#11827,1.);
#11827 = DIRECTION('',(0.,0.,1.));
#11828 = ORIENTED_EDGE('',*,*,#5003,.T.);
#11829 = ORIENTED_EDGE('',*,*,#11789,.F.);
#11830 = ORIENTED_EDGE('',*,*,#1015,.F.);
#11831 = PLANE('',#11832);
#11832 = AXIS2_PLACEMENT_3D('',#11833,#11834,#11835);
#11833 = CARTESIAN_POINT('',(95.689448,-135.262023,0.));
#11834 = DIRECTION('',(-0.436085574274,-0.899905201624,0.));
#11835 = DIRECTION('',(-0.899905201624,0.436085574274,0.));
#11836 = ADVANCED_FACE('',(#11837),#11848,.T.);
#11837 = FACE_BOUND('',#11838,.T.);
#11838 = EDGE_LOOP('',(#11839,#11840,#11841,#11847));
#11839 = ORIENTED_EDGE('',*,*,#11808,.T.);
#11840 = ORIENTED_EDGE('',*,*,#6411,.T.);
#11841 = ORIENTED_EDGE('',*,*,#11842,.F.);
#11842 = EDGE_CURVE('',#2416,#6404,#11843,.T.);
#11843 = LINE('',#11844,#11845);
#11844 = CARTESIAN_POINT('',(204.608105,-64.325447,0.));
#11845 = VECTOR('',#11846,1.);
#11846 = DIRECTION('',(0.,0.,1.));
#11847 = ORIENTED_EDGE('',*,*,#2423,.F.);
#11848 = PLANE('',#11849);
#11849 = AXIS2_PLACEMENT_3D('',#11850,#11851,#11852);
#11850 = CARTESIAN_POINT('',(203.927429,-63.601486,0.));
#11851 = DIRECTION('',(0.728550997205,0.684991565255,-0.));
#11852 = DIRECTION('',(0.684991565255,-0.728550997205,0.));
#11853 = ADVANCED_FACE('',(#11854),#11865,.T.);
#11854 = FACE_BOUND('',#11855,.T.);
#11855 = EDGE_LOOP('',(#11856,#11862,#11863,#11864));
#11856 = ORIENTED_EDGE('',*,*,#11857,.T.);
#11857 = EDGE_CURVE('',#1024,#5012,#11858,.T.);
#11858 = LINE('',#11859,#11860);
#11859 = CARTESIAN_POINT('',(96.370368,-135.575822,0.));
#11860 = VECTOR('',#11861,1.);
#11861 = DIRECTION('',(0.,0.,1.));
#11862 = ORIENTED_EDGE('',*,*,#5011,.T.);
#11863 = ORIENTED_EDGE('',*,*,#11823,.F.);
#11864 = ORIENTED_EDGE('',*,*,#1023,.F.);
#11865 = PLANE('',#11866);
#11866 = AXIS2_PLACEMENT_3D('',#11867,#11868,#11869);
#11867 = CARTESIAN_POINT('',(96.370368,-135.575822,0.));
#11868 = DIRECTION('',(-0.418539372078,-0.908198653391,0.));
#11869 = DIRECTION('',(-0.908198653391,0.418539372078,0.));
#11870 = ADVANCED_FACE('',(#11871),#11882,.T.);
#11871 = FACE_BOUND('',#11872,.T.);
#11872 = EDGE_LOOP('',(#11873,#11874,#11875,#11881));
#11873 = ORIENTED_EDGE('',*,*,#11842,.T.);
#11874 = ORIENTED_EDGE('',*,*,#6403,.T.);
#11875 = ORIENTED_EDGE('',*,*,#11876,.F.);
#11876 = EDGE_CURVE('',#2408,#6396,#11877,.T.);
#11877 = LINE('',#11878,#11879);
#11878 = CARTESIAN_POINT('',(205.311144,-65.117971,0.));
#11879 = VECTOR('',#11880,1.);
#11880 = DIRECTION('',(0.,0.,1.));
#11881 = ORIENTED_EDGE('',*,*,#2415,.F.);
#11882 = PLANE('',#11883);
#11883 = AXIS2_PLACEMENT_3D('',#11884,#11885,#11886);
#11884 = CARTESIAN_POINT('',(204.608105,-64.325447,0.));
#11885 = DIRECTION('',(0.748077676659,0.663611173568,-0.));
#11886 = DIRECTION('',(0.663611173568,-0.748077676659,0.));
#11887 = ADVANCED_FACE('',(#11888),#11899,.T.);
#11888 = FACE_BOUND('',#11889,.T.);
#11889 = EDGE_LOOP('',(#11890,#11896,#11897,#11898));
#11890 = ORIENTED_EDGE('',*,*,#11891,.T.);
#11891 = EDGE_CURVE('',#1032,#5020,#11892,.T.);
#11892 = LINE('',#11893,#11894);
#11893 = CARTESIAN_POINT('',(97.068086,-135.881337,0.));
#11894 = VECTOR('',#11895,1.);
#11895 = DIRECTION('',(0.,0.,1.));
#11896 = ORIENTED_EDGE('',*,*,#5019,.T.);
#11897 = ORIENTED_EDGE('',*,*,#11857,.F.);
#11898 = ORIENTED_EDGE('',*,*,#1031,.F.);
#11899 = PLANE('',#11900);
#11900 = AXIS2_PLACEMENT_3D('',#11901,#11902,#11903);
#11901 = CARTESIAN_POINT('',(97.068086,-135.881337,0.));
#11902 = DIRECTION('',(-0.401109045438,-0.916030312636,0.));
#11903 = DIRECTION('',(-0.916030312636,0.401109045438,0.));
#11904 = ADVANCED_FACE('',(#11905),#11916,.T.);
#11905 = FACE_BOUND('',#11906,.T.);
#11906 = EDGE_LOOP('',(#11907,#11908,#11909,#11915));
#11907 = ORIENTED_EDGE('',*,*,#11876,.T.);
#11908 = ORIENTED_EDGE('',*,*,#6395,.T.);
#11909 = ORIENTED_EDGE('',*,*,#11910,.F.);
#11910 = EDGE_CURVE('',#2400,#6388,#11911,.T.);
#11911 = LINE('',#11912,#11913);
#11912 = CARTESIAN_POINT('',(206.033934,-65.98171,0.));
#11913 = VECTOR('',#11914,1.);
#11914 = DIRECTION('',(0.,0.,1.));
#11915 = ORIENTED_EDGE('',*,*,#2407,.F.);
#11916 = PLANE('',#11917);
#11917 = AXIS2_PLACEMENT_3D('',#11918,#11919,#11920);
#11918 = CARTESIAN_POINT('',(205.311144,-65.117971,0.));
#11919 = DIRECTION('',(0.766906384518,0.641758986992,-0.));
#11920 = DIRECTION('',(0.641758986992,-0.766906384518,0.));
#11921 = ADVANCED_FACE('',(#11922),#11933,.T.);
#11922 = FACE_BOUND('',#11923,.T.);
#11923 = EDGE_LOOP('',(#11924,#11930,#11931,#11932));
#11924 = ORIENTED_EDGE('',*,*,#11925,.T.);
#11925 = EDGE_CURVE('',#1040,#5028,#11926,.T.);
#11926 = LINE('',#11927,#11928);
#11927 = CARTESIAN_POINT('',(97.782783,-136.178398,0.));
#11928 = VECTOR('',#11929,1.);
#11929 = DIRECTION('',(0.,0.,1.));
#11930 = ORIENTED_EDGE('',*,*,#5027,.T.);
#11931 = ORIENTED_EDGE('',*,*,#11891,.F.);
#11932 = ORIENTED_EDGE('',*,*,#1039,.F.);
#11933 = PLANE('',#11934);
#11934 = AXIS2_PLACEMENT_3D('',#11935,#11936,#11937);
#11935 = CARTESIAN_POINT('',(97.782783,-136.178398,0.));
#11936 = DIRECTION('',(-0.383812222279,-0.923411164124,0.));
#11937 = DIRECTION('',(-0.923411164124,0.383812222279,0.));
#11938 = ADVANCED_FACE('',(#11939),#11950,.T.);
#11939 = FACE_BOUND('',#11940,.T.);
#11940 = EDGE_LOOP('',(#11941,#11942,#11943,#11949));
#11941 = ORIENTED_EDGE('',*,*,#11910,.T.);
#11942 = ORIENTED_EDGE('',*,*,#6387,.T.);
#11943 = ORIENTED_EDGE('',*,*,#11944,.F.);
#11944 = EDGE_CURVE('',#2392,#6380,#11945,.T.);
#11945 = LINE('',#11946,#11947);
#11946 = CARTESIAN_POINT('',(206.773863,-66.919314,0.));
#11947 = VECTOR('',#11948,1.);
#11948 = DIRECTION('',(0.,0.,1.));
#11949 = ORIENTED_EDGE('',*,*,#2399,.F.);
#11950 = PLANE('',#11951);
#11951 = AXIS2_PLACEMENT_3D('',#11952,#11953,#11954);
#11952 = CARTESIAN_POINT('',(206.033934,-65.98171,0.));
#11953 = DIRECTION('',(0.784998672259,0.619497445154,-0.));
#11954 = DIRECTION('',(0.619497445154,-0.784998672259,0.));
#11955 = ADVANCED_FACE('',(#11956),#11967,.T.);
#11956 = FACE_BOUND('',#11957,.T.);
#11957 = EDGE_LOOP('',(#11958,#11964,#11965,#11966));
#11958 = ORIENTED_EDGE('',*,*,#11959,.T.);
#11959 = EDGE_CURVE('',#1048,#5036,#11960,.T.);
#11960 = LINE('',#11961,#11962);
#11961 = CARTESIAN_POINT('',(98.514637,-136.466836,0.));
#11962 = VECTOR('',#11963,1.);
#11963 = DIRECTION('',(0.,0.,1.));
#11964 = ORIENTED_EDGE('',*,*,#5035,.T.);
#11965 = ORIENTED_EDGE('',*,*,#11925,.F.);
#11966 = ORIENTED_EDGE('',*,*,#1047,.F.);
#11967 = PLANE('',#11968);
#11968 = AXIS2_PLACEMENT_3D('',#11969,#11970,#11971);
#11969 = CARTESIAN_POINT('',(98.514637,-136.466836,0.));
#11970 = DIRECTION('',(-0.366669639735,-0.930351210724,0.));
#11971 = DIRECTION('',(-0.930351210724,0.366669639735,0.));
#11972 = ADVANCED_FACE('',(#11973),#11984,.T.);
#11973 = FACE_BOUND('',#11974,.T.);
#11974 = EDGE_LOOP('',(#11975,#11976,#11977,#11983));
#11975 = ORIENTED_EDGE('',*,*,#11944,.T.);
#11976 = ORIENTED_EDGE('',*,*,#6379,.T.);
#11977 = ORIENTED_EDGE('',*,*,#11978,.F.);
#11978 = EDGE_CURVE('',#2384,#6372,#11979,.T.);
#11979 = LINE('',#11980,#11981);
#11980 = CARTESIAN_POINT('',(207.528316,-67.933433,0.));
#11981 = VECTOR('',#11982,1.);
#11982 = DIRECTION('',(0.,0.,1.));
#11983 = ORIENTED_EDGE('',*,*,#2391,.F.);
#11984 = PLANE('',#11985);
#11985 = AXIS2_PLACEMENT_3D('',#11986,#11987,#11988);
#11986 = CARTESIAN_POINT('',(206.773863,-66.919314,0.));
#11987 = DIRECTION('',(0.802324231277,0.596888455162,-0.));
#11988 = DIRECTION('',(0.596888455162,-0.802324231277,0.));
#11989 = ADVANCED_FACE('',(#11990),#12001,.T.);
#11990 = FACE_BOUND('',#11991,.T.);
#11991 = EDGE_LOOP('',(#11992,#11998,#11999,#12000));
#11992 = ORIENTED_EDGE('',*,*,#11993,.T.);
#11993 = EDGE_CURVE('',#1056,#5044,#11994,.T.);
#11994 = LINE('',#11995,#11996);
#11995 = CARTESIAN_POINT('',(99.263829,-136.746481,0.));
#11996 = VECTOR('',#11997,1.);
#11997 = DIRECTION('',(0.,0.,1.));
#11998 = ORIENTED_EDGE('',*,*,#5043,.T.);
#11999 = ORIENTED_EDGE('',*,*,#11959,.F.);
#12000 = ORIENTED_EDGE('',*,*,#1055,.F.);
#12001 = PLANE('',#12002);
#12002 = AXIS2_PLACEMENT_3D('',#12003,#12004,#12005);
#12003 = CARTESIAN_POINT('',(99.263829,-136.746481,0.));
#12004 = DIRECTION('',(-0.349695615385,-0.936863371352,0.));
#12005 = DIRECTION('',(-0.936863371352,0.349695615385,0.));
#12006 = ADVANCED_FACE('',(#12007),#12018,.T.);
#12007 = FACE_BOUND('',#12008,.T.);
#12008 = EDGE_LOOP('',(#12009,#12010,#12011,#12017));
#12009 = ORIENTED_EDGE('',*,*,#11978,.T.);
#12010 = ORIENTED_EDGE('',*,*,#6371,.T.);
#12011 = ORIENTED_EDGE('',*,*,#12012,.F.);
#12012 = EDGE_CURVE('',#2376,#6364,#12013,.T.);
#12013 = LINE('',#12014,#12015);
#12014 = CARTESIAN_POINT('',(208.294681,-69.026717,0.));
#12015 = VECTOR('',#12016,1.);
#12016 = DIRECTION('',(0.,0.,1.));
#12017 = ORIENTED_EDGE('',*,*,#2383,.F.);
#12018 = PLANE('',#12019);
#12019 = AXIS2_PLACEMENT_3D('',#12020,#12021,#12022);
#12020 = CARTESIAN_POINT('',(207.528316,-67.933433,0.));
#12021 = DIRECTION('',(0.818856577627,0.573998175326,-0.));
#12022 = DIRECTION('',(0.573998175326,-0.818856577627,0.));
#12023 = ADVANCED_FACE('',(#12024),#12035,.T.);
#12024 = FACE_BOUND('',#12025,.T.);
#12025 = EDGE_LOOP('',(#12026,#12032,#12033,#12034));
#12026 = ORIENTED_EDGE('',*,*,#12027,.T.);
#12027 = EDGE_CURVE('',#1064,#5052,#12028,.T.);
#12028 = LINE('',#12029,#12030);
#12029 = CARTESIAN_POINT('',(100.030538,-137.017162,0.));
#12030 = VECTOR('',#12031,1.);
#12031 = DIRECTION('',(0.,0.,1.));
#12032 = ORIENTED_EDGE('',*,*,#5051,.T.);
#12033 = ORIENTED_EDGE('',*,*,#11993,.F.);
#12034 = ORIENTED_EDGE('',*,*,#1063,.F.);
#12035 = PLANE('',#12036);
#12036 = AXIS2_PLACEMENT_3D('',#12037,#12038,#12039);
#12037 = CARTESIAN_POINT('',(100.030538,-137.017162,0.));
#12038 = DIRECTION('',(-0.33290522788,-0.942960290389,0.));
#12039 = DIRECTION('',(-0.942960290389,0.33290522788,0.));
#12040 = ADVANCED_FACE('',(#12041),#12052,.T.);
#12041 = FACE_BOUND('',#12042,.T.);
#12042 = EDGE_LOOP('',(#12043,#12044,#12045,#12051));
#12043 = ORIENTED_EDGE('',*,*,#12012,.T.);
#12044 = ORIENTED_EDGE('',*,*,#6363,.T.);
#12045 = ORIENTED_EDGE('',*,*,#12046,.F.);
#12046 = EDGE_CURVE('',#2368,#6356,#12047,.T.);
#12047 = LINE('',#12048,#12049);
#12048 = CARTESIAN_POINT('',(209.070344,-70.201815,0.));
#12049 = VECTOR('',#12050,1.);
#12050 = DIRECTION('',(0.,0.,1.));
#12051 = ORIENTED_EDGE('',*,*,#2375,.F.);
#12052 = PLANE('',#12053);
#12053 = AXIS2_PLACEMENT_3D('',#12054,#12055,#12056);
#12054 = CARTESIAN_POINT('',(208.294681,-69.026717,0.));
#12055 = DIRECTION('',(0.834577302202,0.550890848217,-0.));
#12056 = DIRECTION('',(0.550890848217,-0.834577302202,0.));
#12057 = ADVANCED_FACE('',(#12058),#12069,.T.);
#12058 = FACE_BOUND('',#12059,.T.);
#12059 = EDGE_LOOP('',(#12060,#12066,#12067,#12068));
#12060 = ORIENTED_EDGE('',*,*,#12061,.T.);
#12061 = EDGE_CURVE('',#1072,#5060,#12062,.T.);
#12062 = LINE('',#12063,#12064);
#12063 = CARTESIAN_POINT('',(100.35019,-137.082196,0.));
#12064 = VECTOR('',#12065,1.);
#12065 = DIRECTION('',(0.,0.,1.));
#12066 = ORIENTED_EDGE('',*,*,#5059,.T.);
#12067 = ORIENTED_EDGE('',*,*,#12027,.F.);
#12068 = ORIENTED_EDGE('',*,*,#1071,.F.);
#12069 = PLANE('',#12070);
#12070 = AXIS2_PLACEMENT_3D('',#12071,#12072,#12073);
#12071 = CARTESIAN_POINT('',(100.35019,-137.082196,0.));
#12072 = DIRECTION('',(-0.199368127482,-0.979924665341,0.));
#12073 = DIRECTION('',(-0.979924665341,0.199368127482,0.));
#12074 = ADVANCED_FACE('',(#12075),#12086,.T.);
#12075 = FACE_BOUND('',#12076,.T.);
#12076 = EDGE_LOOP('',(#12077,#12078,#12079,#12085));
#12077 = ORIENTED_EDGE('',*,*,#12046,.T.);
#12078 = ORIENTED_EDGE('',*,*,#6355,.T.);
#12079 = ORIENTED_EDGE('',*,*,#12080,.F.);
#12080 = EDGE_CURVE('',#2360,#6348,#12081,.T.);
#12081 = LINE('',#12082,#12083);
#12082 = CARTESIAN_POINT('',(209.460847,-70.820874,0.));
#12083 = VECTOR('',#12084,1.);
#12084 = DIRECTION('',(0.,0.,1.));
#12085 = ORIENTED_EDGE('',*,*,#2367,.F.);
#12086 = PLANE('',#12087);
#12087 = AXIS2_PLACEMENT_3D('',#12088,#12089,#12090);
#12088 = CARTESIAN_POINT('',(209.070344,-70.201815,0.));
#12089 = DIRECTION('',(0.845785861337,0.533522517578,-0.));
#12090 = DIRECTION('',(0.533522517578,-0.845785861337,0.));
#12091 = ADVANCED_FACE('',(#12092),#12103,.T.);
#12092 = FACE_BOUND('',#12093,.T.);
#12093 = EDGE_LOOP('',(#12094,#12100,#12101,#12102));
#12094 = ORIENTED_EDGE('',*,*,#12095,.T.);
#12095 = EDGE_CURVE('',#1080,#5068,#12096,.T.);
#12096 = LINE('',#12097,#12098);
#12097 = CARTESIAN_POINT('',(100.431622,-137.073285,0.));
#12098 = VECTOR('',#12099,1.);
#12099 = DIRECTION('',(0.,0.,1.));
#12100 = ORIENTED_EDGE('',*,*,#5067,.T.);
#12101 = ORIENTED_EDGE('',*,*,#12061,.F.);
#12102 = ORIENTED_EDGE('',*,*,#1079,.F.);
#12103 = PLANE('',#12104);
#12104 = AXIS2_PLACEMENT_3D('',#12105,#12106,#12107);
#12105 = CARTESIAN_POINT('',(100.431622,-137.073285,0.));
#12106 = DIRECTION('',(0.108779366778,-0.994065918017,0.));
#12107 = DIRECTION('',(-0.994065918017,-0.108779366778,0.));
#12108 = ADVANCED_FACE('',(#12109),#12120,.T.);
#12109 = FACE_BOUND('',#12110,.T.);
#12110 = EDGE_LOOP('',(#12111,#12112,#12113,#12119));
#12111 = ORIENTED_EDGE('',*,*,#12080,.T.);
#12112 = ORIENTED_EDGE('',*,*,#6347,.T.);
#12113 = ORIENTED_EDGE('',*,*,#12114,.F.);
#12114 = EDGE_CURVE('',#2352,#6340,#12115,.T.);
#12115 = LINE('',#12116,#12117);
#12116 = CARTESIAN_POINT('',(209.852694,-71.46138,0.));
#12117 = VECTOR('',#12118,1.);
#12118 = DIRECTION('',(0.,0.,1.));
#12119 = ORIENTED_EDGE('',*,*,#2359,.F.);
#12120 = PLANE('',#12121);
#12121 = AXIS2_PLACEMENT_3D('',#12122,#12123,#12124);
#12122 = CARTESIAN_POINT('',(209.460847,-70.820874,0.));
#12123 = DIRECTION('',(0.853028899956,0.521863675533,-0.));
#12124 = DIRECTION('',(0.521863675533,-0.853028899956,0.));
#12125 = ADVANCED_FACE('',(#12126),#12137,.T.);
#12126 = FACE_BOUND('',#12127,.T.);
#12127 = EDGE_LOOP('',(#12128,#12134,#12135,#12136));
#12128 = ORIENTED_EDGE('',*,*,#12129,.T.);
#12129 = EDGE_CURVE('',#1088,#5076,#12130,.T.);
#12130 = LINE('',#12131,#12132);
#12131 = CARTESIAN_POINT('',(100.581336,-137.101702,0.));
#12132 = VECTOR('',#12133,1.);
#12133 = DIRECTION('',(0.,0.,1.));
#12134 = ORIENTED_EDGE('',*,*,#5075,.T.);
#12135 = ORIENTED_EDGE('',*,*,#12095,.F.);
#12136 = ORIENTED_EDGE('',*,*,#1087,.F.);
#12137 = PLANE('',#12138);
#12138 = AXIS2_PLACEMENT_3D('',#12139,#12140,#12141);
#12139 = CARTESIAN_POINT('',(100.581336,-137.101702,0.));
#12140 = DIRECTION('',(-0.186479121794,-0.982458923892,0.));
#12141 = DIRECTION('',(-0.982458923892,0.186479121794,0.));
#12142 = ADVANCED_FACE('',(#12143),#12154,.T.);
#12143 = FACE_BOUND('',#12144,.T.);
#12144 = EDGE_LOOP('',(#12145,#12146,#12147,#12153));
#12145 = ORIENTED_EDGE('',*,*,#12114,.T.);
#12146 = ORIENTED_EDGE('',*,*,#6339,.T.);
#12147 = ORIENTED_EDGE('',*,*,#12148,.F.);
#12148 = EDGE_CURVE('',#2344,#6332,#12149,.T.);
#12149 = LINE('',#12150,#12151);
#12150 = CARTESIAN_POINT('',(210.245559,-72.123665,0.));
#12151 = VECTOR('',#12152,1.);
#12152 = DIRECTION('',(0.,0.,1.));
#12153 = ORIENTED_EDGE('',*,*,#2351,.F.);
#12154 = PLANE('',#12155);
#12155 = AXIS2_PLACEMENT_3D('',#12156,#12157,#12158);
#12156 = CARTESIAN_POINT('',(209.852694,-71.46138,0.));
#12157 = DIRECTION('',(0.860063732564,0.510186608927,-0.));
#12158 = DIRECTION('',(0.510186608927,-0.860063732564,0.));
#12159 = ADVANCED_FACE('',(#12160),#12171,.T.);
#12160 = FACE_BOUND('',#12161,.T.);
#12161 = EDGE_LOOP('',(#12162,#12168,#12169,#12170));
#12162 = ORIENTED_EDGE('',*,*,#12163,.T.);
#12163 = EDGE_CURVE('',#1096,#5084,#12164,.T.);
#12164 = LINE('',#12165,#12166);
#12165 = CARTESIAN_POINT('',(100.896858,-137.204814,0.));
#12166 = VECTOR('',#12167,1.);
#12167 = DIRECTION('',(0.,0.,1.));
#12168 = ORIENTED_EDGE('',*,*,#5083,.T.);
#12169 = ORIENTED_EDGE('',*,*,#12129,.F.);
#12170 = ORIENTED_EDGE('',*,*,#1095,.F.);
#12171 = PLANE('',#12172);
#12172 = AXIS2_PLACEMENT_3D('',#12173,#12174,#12175);
#12173 = CARTESIAN_POINT('',(100.896858,-137.204814,0.));
#12174 = DIRECTION('',(-0.310631557507,-0.950530396926,0.));
#12175 = DIRECTION('',(-0.950530396926,0.310631557507,0.));
#12176 = ADVANCED_FACE('',(#12177),#12188,.T.);
#12177 = FACE_BOUND('',#12178,.T.);
#12178 = EDGE_LOOP('',(#12179,#12180,#12181,#12187));
#12179 = ORIENTED_EDGE('',*,*,#12148,.T.);
#12180 = ORIENTED_EDGE('',*,*,#6331,.T.);
#12181 = ORIENTED_EDGE('',*,*,#12182,.F.);
#12182 = EDGE_CURVE('',#2336,#6324,#12183,.T.);
#12183 = LINE('',#12184,#12185);
#12184 = CARTESIAN_POINT('',(210.639115,-72.80806,0.));
#12185 = VECTOR('',#12186,1.);
#12186 = DIRECTION('',(0.,0.,1.));
#12187 = ORIENTED_EDGE('',*,*,#2343,.F.);
#12188 = PLANE('',#12189);
#12189 = AXIS2_PLACEMENT_3D('',#12190,#12191,#12192);
#12190 = CARTESIAN_POINT('',(210.245559,-72.123665,0.));
#12191 = DIRECTION('',(0.866890497728,0.498498610779,-0.));
#12192 = DIRECTION('',(0.498498610779,-0.866890497728,0.));
#12193 = ADVANCED_FACE('',(#12194),#12205,.T.);
#12194 = FACE_BOUND('',#12195,.T.);
#12195 = EDGE_LOOP('',(#12196,#12202,#12203,#12204));
#12196 = ORIENTED_EDGE('',*,*,#12197,.T.);
#12197 = EDGE_CURVE('',#1104,#5092,#12198,.T.);
#12198 = LINE('',#12199,#12200);
#12199 = CARTESIAN_POINT('',(101.109655,-137.281273,0.));
#12200 = VECTOR('',#12201,1.);
#12201 = DIRECTION('',(0.,0.,1.));
#12202 = ORIENTED_EDGE('',*,*,#5091,.T.);
#12203 = ORIENTED_EDGE('',*,*,#12163,.F.);
#12204 = ORIENTED_EDGE('',*,*,#1103,.F.);
#12205 = PLANE('',#12206);
#12206 = AXIS2_PLACEMENT_3D('',#12207,#12208,#12209);
#12207 = CARTESIAN_POINT('',(101.109655,-137.281273,0.));
#12208 = DIRECTION('',(-0.338140281515,-0.941095717776,0.));
#12209 = DIRECTION('',(-0.941095717776,0.338140281515,0.));
#12210 = ADVANCED_FACE('',(#12211),#12222,.T.);
#12211 = FACE_BOUND('',#12212,.T.);
#12212 = EDGE_LOOP('',(#12213,#12214,#12215,#12221));
#12213 = ORIENTED_EDGE('',*,*,#12182,.T.);
#12214 = ORIENTED_EDGE('',*,*,#6323,.T.);
#12215 = ORIENTED_EDGE('',*,*,#12216,.F.);
#12216 = EDGE_CURVE('',#2328,#6316,#12217,.T.);
#12217 = LINE('',#12218,#12219);
#12218 = CARTESIAN_POINT('',(211.033037,-73.514896,0.));
#12219 = VECTOR('',#12220,1.);
#12220 = DIRECTION('',(0.,0.,1.));
#12221 = ORIENTED_EDGE('',*,*,#2335,.F.);
#12222 = PLANE('',#12223);
#12223 = AXIS2_PLACEMENT_3D('',#12224,#12225,#12226);
#12224 = CARTESIAN_POINT('',(210.639115,-72.80806,0.));
#12225 = DIRECTION('',(0.873508401878,0.486809071248,-0.));
#12226 = DIRECTION('',(0.486809071248,-0.873508401878,0.));
#12227 = ADVANCED_FACE('',(#12228),#12239,.T.);
#12228 = FACE_BOUND('',#12229,.T.);
#12229 = EDGE_LOOP('',(#12230,#12236,#12237,#12238));
#12230 = ORIENTED_EDGE('',*,*,#12231,.T.);
#12231 = EDGE_CURVE('',#1112,#5100,#12232,.T.);
#12232 = LINE('',#12233,#12234);
#12233 = CARTESIAN_POINT('',(101.668366,-137.479704,0.));
#12234 = VECTOR('',#12235,1.);
#12235 = DIRECTION('',(0.,0.,1.));
#12236 = ORIENTED_EDGE('',*,*,#5099,.T.);
#12237 = ORIENTED_EDGE('',*,*,#12197,.F.);
#12238 = ORIENTED_EDGE('',*,*,#1111,.F.);
#12239 = PLANE('',#12240);
#12240 = AXIS2_PLACEMENT_3D('',#12241,#12242,#12243);
#12241 = CARTESIAN_POINT('',(101.668366,-137.479704,0.));
#12242 = DIRECTION('',(-0.334677539614,-0.94233271432,0.));
#12243 = DIRECTION('',(-0.94233271432,0.334677539614,0.));
#12244 = ADVANCED_FACE('',(#12245),#12256,.T.);
#12245 = FACE_BOUND('',#12246,.T.);
#12246 = EDGE_LOOP('',(#12247,#12248,#12249,#12255));
#12247 = ORIENTED_EDGE('',*,*,#12216,.T.);
#12248 = ORIENTED_EDGE('',*,*,#6315,.T.);
#12249 = ORIENTED_EDGE('',*,*,#12250,.F.);
#12250 = EDGE_CURVE('',#2320,#6308,#12251,.T.);
#12251 = LINE('',#12252,#12253);
#12252 = CARTESIAN_POINT('',(211.426997,-74.244506,0.));
#12253 = VECTOR('',#12254,1.);
#12254 = DIRECTION('',(0.,0.,1.));
#12255 = ORIENTED_EDGE('',*,*,#2327,.F.);
#12256 = PLANE('',#12257);
#12257 = AXIS2_PLACEMENT_3D('',#12258,#12259,#12260);
#12258 = CARTESIAN_POINT('',(211.033037,-73.514896,0.));
#12259 = DIRECTION('',(0.879920221235,0.475121462641,-0.));
#12260 = DIRECTION('',(0.475121462641,-0.879920221235,0.));
#12261 = ADVANCED_FACE('',(#12262),#12273,.T.);
#12262 = FACE_BOUND('',#12263,.T.);
#12263 = EDGE_LOOP('',(#12264,#12270,#12271,#12272));
#12264 = ORIENTED_EDGE('',*,*,#12265,.T.);
#12265 = EDGE_CURVE('',#1120,#5108,#12266,.T.);
#12266 = LINE('',#12267,#12268);
#12267 = CARTESIAN_POINT('',(102.424805,-137.729121,0.));
#12268 = VECTOR('',#12269,1.);
#12269 = DIRECTION('',(0.,0.,1.));
#12270 = ORIENTED_EDGE('',*,*,#5107,.T.);
#12271 = ORIENTED_EDGE('',*,*,#12231,.F.);
#12272 = ORIENTED_EDGE('',*,*,#1119,.F.);
#12273 = PLANE('',#12274);
#12274 = AXIS2_PLACEMENT_3D('',#12275,#12276,#12277);
#12275 = CARTESIAN_POINT('',(102.424805,-137.729121,0.));
#12276 = DIRECTION('',(-0.313142094238,-0.949706285552,0.));
#12277 = DIRECTION('',(-0.949706285552,0.313142094238,0.));
#12278 = ADVANCED_FACE('',(#12279),#12290,.T.);
#12279 = FACE_BOUND('',#12280,.T.);
#12280 = EDGE_LOOP('',(#12281,#12282,#12283,#12289));
#12281 = ORIENTED_EDGE('',*,*,#12250,.T.);
#12282 = ORIENTED_EDGE('',*,*,#6307,.T.);
#12283 = ORIENTED_EDGE('',*,*,#12284,.F.);
#12284 = EDGE_CURVE('',#2312,#6300,#12285,.T.);
#12285 = LINE('',#12286,#12287);
#12286 = CARTESIAN_POINT('',(211.820668,-74.997219,0.));
#12287 = VECTOR('',#12288,1.);
#12288 = DIRECTION('',(0.,0.,1.));
#12289 = ORIENTED_EDGE('',*,*,#2319,.F.);
#12290 = PLANE('',#12291);
#12291 = AXIS2_PLACEMENT_3D('',#12292,#12293,#12294);
#12292 = CARTESIAN_POINT('',(211.426997,-74.244506,0.));
#12293 = DIRECTION('',(0.886125190513,0.463445948023,-0.));
#12294 = DIRECTION('',(0.463445948023,-0.886125190513,0.));
#12295 = ADVANCED_FACE('',(#12296),#12307,.T.);
#12296 = FACE_BOUND('',#12297,.T.);
#12297 = EDGE_LOOP('',(#12298,#12304,#12305,#12306));
#12298 = ORIENTED_EDGE('',*,*,#12299,.T.);
#12299 = EDGE_CURVE('',#1128,#5116,#12300,.T.);
#12300 = LINE('',#12301,#12302);
#12301 = CARTESIAN_POINT('',(103.407915,-138.01953,0.));
#12302 = VECTOR('',#12303,1.);
#12303 = DIRECTION('',(0.,0.,1.));
#12304 = ORIENTED_EDGE('',*,*,#5115,.T.);
#12305 = ORIENTED_EDGE('',*,*,#12265,.F.);
#12306 = ORIENTED_EDGE('',*,*,#1127,.F.);
#12307 = PLANE('',#12308);
#12308 = AXIS2_PLACEMENT_3D('',#12309,#12310,#12311);
#12309 = CARTESIAN_POINT('',(103.407915,-138.01953,0.));
#12310 = DIRECTION('',(-0.283296509721,-0.959032370455,0.));
#12311 = DIRECTION('',(-0.959032370455,0.283296509721,0.));
#12312 = ADVANCED_FACE('',(#12313),#12324,.T.);
#12313 = FACE_BOUND('',#12314,.T.);
#12314 = EDGE_LOOP('',(#12315,#12316,#12317,#12323));
#12315 = ORIENTED_EDGE('',*,*,#12284,.T.);
#12316 = ORIENTED_EDGE('',*,*,#6299,.T.);
#12317 = ORIENTED_EDGE('',*,*,#12318,.F.);
#12318 = EDGE_CURVE('',#2304,#6292,#12319,.T.);
#12319 = LINE('',#12320,#12321);
#12320 = CARTESIAN_POINT('',(212.213725,-75.773367,0.));
#12321 = VECTOR('',#12322,1.);
#12322 = DIRECTION('',(0.,0.,1.));
#12323 = ORIENTED_EDGE('',*,*,#2311,.F.);
#12324 = PLANE('',#12325);
#12325 = AXIS2_PLACEMENT_3D('',#12326,#12327,#12328);
#12326 = CARTESIAN_POINT('',(211.820668,-74.997219,0.));
#12327 = DIRECTION('',(0.89212441895,0.451789797486,-0.));
#12328 = DIRECTION('',(0.451789797486,-0.89212441895,0.));
#12329 = ADVANCED_FACE('',(#12330),#12341,.T.);
#12330 = FACE_BOUND('',#12331,.T.);
#12331 = EDGE_LOOP('',(#12332,#12338,#12339,#12340));
#12332 = ORIENTED_EDGE('',*,*,#12333,.T.);
#12333 = EDGE_CURVE('',#1136,#5124,#12334,.T.);
#12334 = LINE('',#12335,#12336);
#12335 = CARTESIAN_POINT('',(103.993515,-138.176984,0.));
#12336 = VECTOR('',#12337,1.);
#12337 = DIRECTION('',(0.,0.,1.));
#12338 = ORIENTED_EDGE('',*,*,#5123,.T.);
#12339 = ORIENTED_EDGE('',*,*,#12299,.F.);
#12340 = ORIENTED_EDGE('',*,*,#1135,.F.);
#12341 = PLANE('',#12342);
#12342 = AXIS2_PLACEMENT_3D('',#12343,#12344,#12345);
#12343 = CARTESIAN_POINT('',(103.993515,-138.176984,0.));
#12344 = DIRECTION('',(-0.259654342814,-0.965701621754,0.));
#12345 = DIRECTION('',(-0.965701621754,0.259654342814,0.));
#12346 = ADVANCED_FACE('',(#12347),#12358,.T.);
#12347 = FACE_BOUND('',#12348,.T.);
#12348 = EDGE_LOOP('',(#12349,#12350,#12351,#12357));
#12349 = ORIENTED_EDGE('',*,*,#12318,.T.);
#12350 = ORIENTED_EDGE('',*,*,#6291,.T.);
#12351 = ORIENTED_EDGE('',*,*,#12352,.F.);
#12352 = EDGE_CURVE('',#2296,#6284,#12353,.T.);
#12353 = LINE('',#12354,#12355);
#12354 = CARTESIAN_POINT('',(212.60584,-76.573282,0.));
#12355 = VECTOR('',#12356,1.);
#12356 = DIRECTION('',(0.,0.,1.));
#12357 = ORIENTED_EDGE('',*,*,#2303,.F.);
#12358 = PLANE('',#12359);
#12359 = AXIS2_PLACEMENT_3D('',#12360,#12361,#12362);
#12360 = CARTESIAN_POINT('',(212.213725,-75.773367,0.));
#12361 = DIRECTION('',(0.897920809717,0.440157039563,-0.));
#12362 = DIRECTION('',(0.440157039563,-0.897920809717,0.));
#12363 = ADVANCED_FACE('',(#12364),#12375,.T.);
#12364 = FACE_BOUND('',#12365,.T.);
#12365 = EDGE_LOOP('',(#12366,#12372,#12373,#12374));
#12366 = ORIENTED_EDGE('',*,*,#12367,.T.);
#12367 = EDGE_CURVE('',#1144,#5132,#12368,.T.);
#12368 = LINE('',#12369,#12370);
#12369 = CARTESIAN_POINT('',(104.646635,-138.340939,0.));
#12370 = VECTOR('',#12371,1.);
#12371 = DIRECTION('',(0.,0.,1.));
#12372 = ORIENTED_EDGE('',*,*,#5131,.T.);
#12373 = ORIENTED_EDGE('',*,*,#12333,.F.);
#12374 = ORIENTED_EDGE('',*,*,#1143,.F.);
#12375 = PLANE('',#12376);
#12376 = AXIS2_PLACEMENT_3D('',#12377,#12378,#12379);
#12377 = CARTESIAN_POINT('',(104.646635,-138.340939,0.));
#12378 = DIRECTION('',(-0.243478944474,-0.969906182885,0.));
#12379 = DIRECTION('',(-0.969906182885,0.243478944474,0.));
#12380 = ADVANCED_FACE('',(#12381),#12392,.T.);
#12381 = FACE_BOUND('',#12382,.T.);
#12382 = EDGE_LOOP('',(#12383,#12384,#12385,#12391));
#12383 = ORIENTED_EDGE('',*,*,#12352,.T.);
#12384 = ORIENTED_EDGE('',*,*,#6283,.T.);
#12385 = ORIENTED_EDGE('',*,*,#12386,.F.);
#12386 = EDGE_CURVE('',#2288,#6276,#12387,.T.);
#12387 = LINE('',#12388,#12389);
#12388 = CARTESIAN_POINT('',(212.996686,-77.397295,0.));
#12389 = VECTOR('',#12390,1.);
#12390 = DIRECTION('',(0.,0.,1.));
#12391 = ORIENTED_EDGE('',*,*,#2295,.F.);
#12392 = PLANE('',#12393);
#12393 = AXIS2_PLACEMENT_3D('',#12394,#12395,#12396);
#12394 = CARTESIAN_POINT('',(212.60584,-76.573282,0.));
#12395 = DIRECTION('',(0.903515411516,0.428555598673,-0.));
#12396 = DIRECTION('',(0.428555598673,-0.903515411516,0.));
#12397 = ADVANCED_FACE('',(#12398),#12409,.T.);
#12398 = FACE_BOUND('',#12399,.T.);
#12399 = EDGE_LOOP('',(#12400,#12406,#12407,#12408));
#12400 = ORIENTED_EDGE('',*,*,#12401,.T.);
#12401 = EDGE_CURVE('',#1152,#5140,#12402,.T.);
#12402 = LINE('',#12403,#12404);
#12403 = CARTESIAN_POINT('',(105.370893,-138.510147,0.));
#12404 = VECTOR('',#12405,1.);
#12405 = DIRECTION('',(0.,0.,1.));
#12406 = ORIENTED_EDGE('',*,*,#5139,.T.);
#12407 = ORIENTED_EDGE('',*,*,#12367,.F.);
#12408 = ORIENTED_EDGE('',*,*,#1151,.F.);
#12409 = PLANE('',#12410);
#12410 = AXIS2_PLACEMENT_3D('',#12411,#12412,#12413);
#12411 = CARTESIAN_POINT('',(105.370893,-138.510147,0.));
#12412 = DIRECTION('',(-0.227503072102,-0.97377736274,0.));
#12413 = DIRECTION('',(-0.97377736274,0.227503072102,0.));
#12414 = ADVANCED_FACE('',(#12415),#12426,.T.);
#12415 = FACE_BOUND('',#12416,.T.);
#12416 = EDGE_LOOP('',(#12417,#12418,#12419,#12425));
#12417 = ORIENTED_EDGE('',*,*,#12386,.T.);
#12418 = ORIENTED_EDGE('',*,*,#6275,.T.);
#12419 = ORIENTED_EDGE('',*,*,#12420,.F.);
#12420 = EDGE_CURVE('',#2280,#6268,#12421,.T.);
#12421 = LINE('',#12422,#12423);
#12422 = CARTESIAN_POINT('',(213.385938,-78.245738,0.));
#12423 = VECTOR('',#12424,1.);
#12424 = DIRECTION('',(0.,0.,1.));
#12425 = ORIENTED_EDGE('',*,*,#2287,.F.);
#12426 = PLANE('',#12427);
#12427 = AXIS2_PLACEMENT_3D('',#12428,#12429,#12430);
#12428 = CARTESIAN_POINT('',(212.996686,-77.397295,0.));
#12429 = DIRECTION('',(0.908909641243,0.416993122311,-0.));
#12430 = DIRECTION('',(0.416993122311,-0.908909641243,0.));
#12431 = ADVANCED_FACE('',(#12432),#12443,.T.);
#12432 = FACE_BOUND('',#12433,.T.);
#12433 = EDGE_LOOP('',(#12434,#12440,#12441,#12442));
#12434 = ORIENTED_EDGE('',*,*,#12435,.T.);
#12435 = EDGE_CURVE('',#1160,#5148,#12436,.T.);
#12436 = LINE('',#12437,#12438);
#12437 = CARTESIAN_POINT('',(106.169906,-138.683358,0.));
#12438 = VECTOR('',#12439,1.);
#12439 = DIRECTION('',(0.,0.,1.));
#12440 = ORIENTED_EDGE('',*,*,#5147,.T.);
#12441 = ORIENTED_EDGE('',*,*,#12401,.F.);
#12442 = ORIENTED_EDGE('',*,*,#1159,.F.);
#12443 = PLANE('',#12444);
#12444 = AXIS2_PLACEMENT_3D('',#12445,#12446,#12447);
#12445 = CARTESIAN_POINT('',(106.169906,-138.683358,0.));
#12446 = DIRECTION('',(-0.211860263682,-0.977299968624,0.));
#12447 = DIRECTION('',(-0.977299968624,0.211860263682,0.));
#12448 = ADVANCED_FACE('',(#12449),#12460,.T.);
#12449 = FACE_BOUND('',#12450,.T.);
#12450 = EDGE_LOOP('',(#12451,#12452,#12453,#12459));
#12451 = ORIENTED_EDGE('',*,*,#12420,.T.);
#12452 = ORIENTED_EDGE('',*,*,#6267,.T.);
#12453 = ORIENTED_EDGE('',*,*,#12454,.F.);
#12454 = EDGE_CURVE('',#2272,#6260,#12455,.T.);
#12455 = LINE('',#12456,#12457);
#12456 = CARTESIAN_POINT('',(213.773268,-79.11894,0.));
#12457 = VECTOR('',#12458,1.);
#12458 = DIRECTION('',(0.,0.,1.));
#12459 = ORIENTED_EDGE('',*,*,#2279,.F.);
#12460 = PLANE('',#12461);
#12461 = AXIS2_PLACEMENT_3D('',#12462,#12463,#12464);
#12462 = CARTESIAN_POINT('',(213.385938,-78.245738,0.));
#12463 = DIRECTION('',(0.914106495749,0.405474184666,-0.));
#12464 = DIRECTION('',(0.405474184666,-0.914106495749,0.));
#12465 = ADVANCED_FACE('',(#12466),#12477,.T.);
#12466 = FACE_BOUND('',#12467,.T.);
#12467 = EDGE_LOOP('',(#12468,#12474,#12475,#12476));
#12468 = ORIENTED_EDGE('',*,*,#12469,.T.);
#12469 = EDGE_CURVE('',#1168,#5156,#12470,.T.);
#12470 = LINE('',#12471,#12472);
#12471 = CARTESIAN_POINT('',(107.047292,-138.859323,0.));
#12472 = VECTOR('',#12473,1.);
#12473 = DIRECTION('',(0.,0.,1.));
#12474 = ORIENTED_EDGE('',*,*,#5155,.T.);
#12475 = ORIENTED_EDGE('',*,*,#12435,.F.);
#12476 = ORIENTED_EDGE('',*,*,#1167,.F.);
#12477 = PLANE('',#12478);
#12478 = AXIS2_PLACEMENT_3D('',#12479,#12480,#12481);
#12479 = CARTESIAN_POINT('',(107.047292,-138.859323,0.));
#12480 = DIRECTION('',(-0.196640255918,-0.980475705845,0.));
#12481 = DIRECTION('',(-0.980475705845,0.196640255918,0.));
#12482 = ADVANCED_FACE('',(#12483),#12494,.T.);
#12483 = FACE_BOUND('',#12484,.T.);
#12484 = EDGE_LOOP('',(#12485,#12486,#12487,#12493));
#12485 = ORIENTED_EDGE('',*,*,#12454,.T.);
#12486 = ORIENTED_EDGE('',*,*,#6259,.T.);
#12487 = ORIENTED_EDGE('',*,*,#12488,.F.);
#12488 = EDGE_CURVE('',#2264,#6252,#12489,.T.);
#12489 = LINE('',#12490,#12491);
#12490 = CARTESIAN_POINT('',(214.15835,-80.017234,0.));
#12491 = VECTOR('',#12492,1.);
#12492 = DIRECTION('',(0.,0.,1.));
#12493 = ORIENTED_EDGE('',*,*,#2271,.F.);
#12494 = PLANE('',#12495);
#12495 = AXIS2_PLACEMENT_3D('',#12496,#12497,#12498);
#12496 = CARTESIAN_POINT('',(213.773268,-79.11894,0.));
#12497 = DIRECTION('',(0.919108403579,0.394004749299,-0.));
#12498 = DIRECTION('',(0.394004749299,-0.919108403579,0.));
#12499 = ADVANCED_FACE('',(#12500),#12511,.T.);
#12500 = FACE_BOUND('',#12501,.T.);
#12501 = EDGE_LOOP('',(#12502,#12508,#12509,#12510));
#12502 = ORIENTED_EDGE('',*,*,#12503,.T.);
#12503 = EDGE_CURVE('',#1176,#5164,#12504,.T.);
#12504 = LINE('',#12505,#12506);
#12505 = CARTESIAN_POINT('',(108.006669,-139.036793,0.));
#12506 = VECTOR('',#12507,1.);
#12507 = DIRECTION('',(0.,0.,1.));
#12508 = ORIENTED_EDGE('',*,*,#5163,.T.);
#12509 = ORIENTED_EDGE('',*,*,#12469,.F.);
#12510 = ORIENTED_EDGE('',*,*,#1175,.F.);
#12511 = PLANE('',#12512);
#12512 = AXIS2_PLACEMENT_3D('',#12513,#12514,#12515);
#12513 = CARTESIAN_POINT('',(108.006669,-139.036793,0.));
#12514 = DIRECTION('',(-0.181898586768,-0.983317295755,0.));
#12515 = DIRECTION('',(-0.983317295755,0.181898586768,0.));
#12516 = ADVANCED_FACE('',(#12517),#12528,.T.);
#12517 = FACE_BOUND('',#12518,.T.);
#12518 = EDGE_LOOP('',(#12519,#12520,#12521,#12527));
#12519 = ORIENTED_EDGE('',*,*,#12488,.T.);
#12520 = ORIENTED_EDGE('',*,*,#6251,.T.);
#12521 = ORIENTED_EDGE('',*,*,#12522,.F.);
#12522 = EDGE_CURVE('',#2256,#6244,#12523,.T.);
#12523 = LINE('',#12524,#12525);
#12524 = CARTESIAN_POINT('',(214.540857,-80.940951,0.));
#12525 = VECTOR('',#12526,1.);
#12526 = DIRECTION('',(0.,0.,1.));
#12527 = ORIENTED_EDGE('',*,*,#2263,.F.);
#12528 = PLANE('',#12529);
#12529 = AXIS2_PLACEMENT_3D('',#12530,#12531,#12532);
#12530 = CARTESIAN_POINT('',(214.15835,-80.017234,0.));
#12531 = DIRECTION('',(0.92391811214,0.382590279621,-0.));
#12532 = DIRECTION('',(0.382590279621,-0.92391811214,0.));
#12533 = ADVANCED_FACE('',(#12534),#12545,.T.);
#12534 = FACE_BOUND('',#12535,.T.);
#12535 = EDGE_LOOP('',(#12536,#12542,#12543,#12544));
#12536 = ORIENTED_EDGE('',*,*,#12537,.T.);
#12537 = EDGE_CURVE('',#1184,#5172,#12538,.T.);
#12538 = LINE('',#12539,#12540);
#12539 = CARTESIAN_POINT('',(109.051653,-139.21452,0.));
#12540 = VECTOR('',#12541,1.);
#12541 = DIRECTION('',(0.,0.,1.));
#12542 = ORIENTED_EDGE('',*,*,#5171,.T.);
#12543 = ORIENTED_EDGE('',*,*,#12503,.F.);
#12544 = ORIENTED_EDGE('',*,*,#1183,.F.);
#12545 = PLANE('',#12546);
#12546 = AXIS2_PLACEMENT_3D('',#12547,#12548,#12549);
#12547 = CARTESIAN_POINT('',(109.051653,-139.21452,0.));
#12548 = DIRECTION('',(-0.167668589273,-0.985843417674,0.));
#12549 = DIRECTION('',(-0.985843417674,0.167668589273,0.));
#12550 = ADVANCED_FACE('',(#12551),#12562,.T.);
#12551 = FACE_BOUND('',#12552,.T.);
#12552 = EDGE_LOOP('',(#12553,#12554,#12555,#12561));
#12553 = ORIENTED_EDGE('',*,*,#12522,.T.);
#12554 = ORIENTED_EDGE('',*,*,#6243,.T.);
#12555 = ORIENTED_EDGE('',*,*,#12556,.F.);
#12556 = EDGE_CURVE('',#2248,#6236,#12557,.T.);
#12557 = LINE('',#12558,#12559);
#12558 = CARTESIAN_POINT('',(214.920463,-81.890423,0.));
#12559 = VECTOR('',#12560,1.);
#12560 = DIRECTION('',(0.,0.,1.));
#12561 = ORIENTED_EDGE('',*,*,#2255,.F.);
#12562 = PLANE('',#12563);
#12563 = AXIS2_PLACEMENT_3D('',#12564,#12565,#12566);
#12564 = CARTESIAN_POINT('',(214.540857,-80.940951,0.));
#12565 = DIRECTION('',(0.928538322812,0.371236559445,-0.));
#12566 = DIRECTION('',(0.371236559445,-0.928538322812,0.));
#12567 = ADVANCED_FACE('',(#12568),#12579,.T.);
#12568 = FACE_BOUND('',#12569,.T.);
#12569 = EDGE_LOOP('',(#12570,#12576,#12577,#12578));
#12570 = ORIENTED_EDGE('',*,*,#12571,.T.);
#12571 = EDGE_CURVE('',#1192,#5180,#12572,.T.);
#12572 = LINE('',#12573,#12574);
#12573 = CARTESIAN_POINT('',(110.185863,-139.391253,0.));
#12574 = VECTOR('',#12575,1.);
#12575 = DIRECTION('',(0.,0.,1.));
#12576 = ORIENTED_EDGE('',*,*,#5179,.T.);
#12577 = ORIENTED_EDGE('',*,*,#12537,.F.);
#12578 = ORIENTED_EDGE('',*,*,#1191,.F.);
#12579 = PLANE('',#12580);
#12580 = AXIS2_PLACEMENT_3D('',#12581,#12582,#12583);
#12581 = CARTESIAN_POINT('',(110.185863,-139.391253,0.));
#12582 = DIRECTION('',(-0.153962457669,-0.988076698252,0.));
#12583 = DIRECTION('',(-0.988076698252,0.153962457669,0.));
#12584 = ADVANCED_FACE('',(#12585),#12596,.T.);
#12585 = FACE_BOUND('',#12586,.T.);
#12586 = EDGE_LOOP('',(#12587,#12588,#12589,#12595));
#12587 = ORIENTED_EDGE('',*,*,#12556,.T.);
#12588 = ORIENTED_EDGE('',*,*,#6235,.T.);
#12589 = ORIENTED_EDGE('',*,*,#12590,.F.);
#12590 = EDGE_CURVE('',#2240,#6228,#12591,.T.);
#12591 = LINE('',#12592,#12593);
#12592 = CARTESIAN_POINT('',(215.296841,-82.865979,0.));
#12593 = VECTOR('',#12594,1.);
#12594 = DIRECTION('',(0.,0.,1.));
#12595 = ORIENTED_EDGE('',*,*,#2247,.F.);
#12596 = PLANE('',#12597);
#12597 = AXIS2_PLACEMENT_3D('',#12598,#12599,#12600);
#12598 = CARTESIAN_POINT('',(214.920463,-81.890423,0.));
#12599 = DIRECTION('',(0.93297207686,0.359948751629,-0.));
#12600 = DIRECTION('',(0.359948751629,-0.93297207686,0.));
#12601 = ADVANCED_FACE('',(#12602),#12613,.T.);
#12602 = FACE_BOUND('',#12603,.T.);
#12603 = EDGE_LOOP('',(#12604,#12610,#12611,#12612));
#12604 = ORIENTED_EDGE('',*,*,#12605,.T.);
#12605 = EDGE_CURVE('',#1200,#5188,#12606,.T.);
#12606 = LINE('',#12607,#12608);
#12607 = CARTESIAN_POINT('',(111.412917,-139.565745,0.));
#12608 = VECTOR('',#12609,1.);
#12609 = DIRECTION('',(0.,0.,1.));
#12610 = ORIENTED_EDGE('',*,*,#5187,.T.);
#12611 = ORIENTED_EDGE('',*,*,#12571,.F.);
#12612 = ORIENTED_EDGE('',*,*,#1199,.F.);
#12613 = PLANE('',#12614);
#12614 = AXIS2_PLACEMENT_3D('',#12615,#12616,#12617);
#12615 = CARTESIAN_POINT('',(111.412917,-139.565745,0.));
#12616 = DIRECTION('',(-0.140787632842,-0.990039818613,0.));
#12617 = DIRECTION('',(-0.990039818613,0.140787632842,0.));
#12618 = ADVANCED_FACE('',(#12619),#12630,.T.);
#12619 = FACE_BOUND('',#12620,.T.);
#12620 = EDGE_LOOP('',(#12621,#12622,#12623,#12629));
#12621 = ORIENTED_EDGE('',*,*,#12590,.T.);
#12622 = ORIENTED_EDGE('',*,*,#6227,.T.);
#12623 = ORIENTED_EDGE('',*,*,#12624,.F.);
#12624 = EDGE_CURVE('',#2232,#6220,#12625,.T.);
#12625 = LINE('',#12626,#12627);
#12626 = CARTESIAN_POINT('',(215.669664,-83.867953,0.));
#12627 = VECTOR('',#12628,1.);
#12628 = DIRECTION('',(0.,0.,1.));
#12629 = ORIENTED_EDGE('',*,*,#2239,.F.);
#12630 = PLANE('',#12631);
#12631 = AXIS2_PLACEMENT_3D('',#12632,#12633,#12634);
#12632 = CARTESIAN_POINT('',(215.296841,-82.865979,0.));
#12633 = DIRECTION('',(0.937223237452,0.348729986064,-0.));
#12634 = DIRECTION('',(0.348729986064,-0.937223237452,0.));
#12635 = ADVANCED_FACE('',(#12636),#12647,.T.);
#12636 = FACE_BOUND('',#12637,.T.);
#12637 = EDGE_LOOP('',(#12638,#12644,#12645,#12646));
#12638 = ORIENTED_EDGE('',*,*,#12639,.T.);
#12639 = EDGE_CURVE('',#1208,#5196,#12640,.T.);
#12640 = LINE('',#12641,#12642);
#12641 = CARTESIAN_POINT('',(112.736431,-139.736746,0.));
#12642 = VECTOR('',#12643,1.);
#12643 = DIRECTION('',(0.,0.,1.));
#12644 = ORIENTED_EDGE('',*,*,#5195,.T.);
#12645 = ORIENTED_EDGE('',*,*,#12605,.F.);
#12646 = ORIENTED_EDGE('',*,*,#1207,.F.);
#12647 = PLANE('',#12648);
#12648 = AXIS2_PLACEMENT_3D('',#12649,#12650,#12651);
#12649 = CARTESIAN_POINT('',(112.736431,-139.736746,0.));
#12650 = DIRECTION('',(-0.128137175287,-0.99175645413,0.));
#12651 = DIRECTION('',(-0.99175645413,0.128137175287,0.));
#12652 = ADVANCED_FACE('',(#12653),#12664,.T.);
#12653 = FACE_BOUND('',#12654,.T.);
#12654 = EDGE_LOOP('',(#12655,#12656,#12657,#12663));
#12655 = ORIENTED_EDGE('',*,*,#12624,.T.);
#12656 = ORIENTED_EDGE('',*,*,#6219,.T.);
#12657 = ORIENTED_EDGE('',*,*,#12658,.F.);
#12658 = EDGE_CURVE('',#2224,#6212,#12659,.T.);
#12659 = LINE('',#12660,#12661);
#12660 = CARTESIAN_POINT('',(216.038606,-84.896675,0.));
#12661 = VECTOR('',#12662,1.);
#12662 = DIRECTION('',(0.,0.,1.));
#12663 = ORIENTED_EDGE('',*,*,#2231,.F.);
#12664 = PLANE('',#12665);
#12665 = AXIS2_PLACEMENT_3D('',#12666,#12667,#12668);
#12666 = CARTESIAN_POINT('',(215.669664,-83.867953,0.));
#12667 = DIRECTION('',(0.941294380587,0.337586861526,-0.));
#12668 = DIRECTION('',(0.337586861526,-0.941294380587,0.));
#12669 = ADVANCED_FACE('',(#12670),#12681,.T.);
#12670 = FACE_BOUND('',#12671,.T.);
#12671 = EDGE_LOOP('',(#12672,#12678,#12679,#12680));
#12672 = ORIENTED_EDGE('',*,*,#12673,.T.);
#12673 = EDGE_CURVE('',#1216,#5204,#12674,.T.);
#12674 = LINE('',#12675,#12676);
#12675 = CARTESIAN_POINT('',(114.160023,-139.903008,0.));
#12676 = VECTOR('',#12677,1.);
#12677 = DIRECTION('',(0.,0.,1.));
#12678 = ORIENTED_EDGE('',*,*,#5203,.T.);
#12679 = ORIENTED_EDGE('',*,*,#12639,.F.);
#12680 = ORIENTED_EDGE('',*,*,#1215,.F.);
#12681 = PLANE('',#12682);
#12682 = AXIS2_PLACEMENT_3D('',#12683,#12684,#12685);
#12683 = CARTESIAN_POINT('',(114.160023,-139.903008,0.));
#12684 = DIRECTION('',(-0.116002029595,-0.993248976405,0.));
#12685 = DIRECTION('',(-0.993248976405,0.116002029595,0.));
#12686 = ADVANCED_FACE('',(#12687),#12698,.T.);
#12687 = FACE_BOUND('',#12688,.T.);
#12688 = EDGE_LOOP('',(#12689,#12690,#12691,#12697));
#12689 = ORIENTED_EDGE('',*,*,#12658,.T.);
#12690 = ORIENTED_EDGE('',*,*,#6211,.T.);
#12691 = ORIENTED_EDGE('',*,*,#12692,.F.);
#12692 = EDGE_CURVE('',#2216,#6204,#12693,.T.);
#12693 = LINE('',#12694,#12695);
#12694 = CARTESIAN_POINT('',(216.40334,-85.952475,0.));
#12695 = VECTOR('',#12696,1.);
#12696 = DIRECTION('',(0.,0.,1.));
#12697 = ORIENTED_EDGE('',*,*,#2223,.F.);
#12698 = PLANE('',#12699);
#12699 = AXIS2_PLACEMENT_3D('',#12700,#12701,#12702);
#12700 = CARTESIAN_POINT('',(216.038606,-84.896675,0.));
#12701 = DIRECTION('',(0.945189351475,0.326522724873,-0.));
#12702 = DIRECTION('',(0.326522724873,-0.945189351475,0.));
#12703 = ADVANCED_FACE('',(#12704),#12715,.T.);
#12704 = FACE_BOUND('',#12705,.T.);
#12705 = EDGE_LOOP('',(#12706,#12712,#12713,#12714));
#12706 = ORIENTED_EDGE('',*,*,#12707,.T.);
#12707 = EDGE_CURVE('',#1224,#5212,#12708,.T.);
#12708 = LINE('',#12709,#12710);
#12709 = CARTESIAN_POINT('',(115.687311,-140.06328,0.));
#12710 = VECTOR('',#12711,1.);
#12711 = DIRECTION('',(0.,0.,1.));
#12712 = ORIENTED_EDGE('',*,*,#5211,.T.);
#12713 = ORIENTED_EDGE('',*,*,#12673,.F.);
#12714 = ORIENTED_EDGE('',*,*,#1223,.F.);
#12715 = PLANE('',#12716);
#12716 = AXIS2_PLACEMENT_3D('',#12717,#12718,#12719);
#12717 = CARTESIAN_POINT('',(115.687311,-140.06328,0.));
#12718 = DIRECTION('',(-0.104365875911,-0.994538970551,0.));
#12719 = DIRECTION('',(-0.994538970551,0.104365875911,0.));
#12720 = ADVANCED_FACE('',(#12721),#12732,.T.);
#12721 = FACE_BOUND('',#12722,.T.);
#12722 = EDGE_LOOP('',(#12723,#12724,#12725,#12731));
#12723 = ORIENTED_EDGE('',*,*,#12692,.T.);
#12724 = ORIENTED_EDGE('',*,*,#6203,.T.);
#12725 = ORIENTED_EDGE('',*,*,#12726,.F.);
#12726 = EDGE_CURVE('',#2208,#6196,#12727,.T.);
#12727 = LINE('',#12728,#12729);
#12728 = CARTESIAN_POINT('',(216.763539,-87.035687,0.));
#12729 = VECTOR('',#12730,1.);
#12730 = DIRECTION('',(0.,0.,1.));
#12731 = ORIENTED_EDGE('',*,*,#2215,.F.);
#12732 = PLANE('',#12733);
#12733 = AXIS2_PLACEMENT_3D('',#12734,#12735,#12736);
#12734 = CARTESIAN_POINT('',(216.40334,-85.952475,0.));
#12735 = DIRECTION('',(0.948912127576,0.315540447706,-0.));
#12736 = DIRECTION('',(0.315540447706,-0.948912127576,0.));
#12737 = ADVANCED_FACE('',(#12738),#12749,.T.);
#12738 = FACE_BOUND('',#12739,.T.);
#12739 = EDGE_LOOP('',(#12740,#12746,#12747,#12748));
#12740 = ORIENTED_EDGE('',*,*,#12741,.T.);
#12741 = EDGE_CURVE('',#1232,#5220,#12742,.T.);
#12742 = LINE('',#12743,#12744);
#12743 = CARTESIAN_POINT('',(117.321912,-140.216315,0.));
#12744 = VECTOR('',#12745,1.);
#12745 = DIRECTION('',(0.,0.,1.));
#12746 = ORIENTED_EDGE('',*,*,#5219,.T.);
#12747 = ORIENTED_EDGE('',*,*,#12707,.F.);
#12748 = ORIENTED_EDGE('',*,*,#1231,.F.);
#12749 = PLANE('',#12750);
#12750 = AXIS2_PLACEMENT_3D('',#12751,#12752,#12753);
#12751 = CARTESIAN_POINT('',(117.321912,-140.216315,0.));
#12752 = DIRECTION('',(-9.321460816458E-02,-0.995646039928,0.));
#12753 = DIRECTION('',(-0.995646039928,9.321460816458E-02,0.));
#12754 = ADVANCED_FACE('',(#12755),#12766,.T.);
#12755 = FACE_BOUND('',#12756,.T.);
#12756 = EDGE_LOOP('',(#12757,#12758,#12759,#12765));
#12757 = ORIENTED_EDGE('',*,*,#12726,.T.);
#12758 = ORIENTED_EDGE('',*,*,#6195,.T.);
#12759 = ORIENTED_EDGE('',*,*,#12760,.F.);
#12760 = EDGE_CURVE('',#2200,#6188,#12761,.T.);
#12761 = LINE('',#12762,#12763);
#12762 = CARTESIAN_POINT('',(216.949518,-87.468284,0.));
#12763 = VECTOR('',#12764,1.);
#12764 = DIRECTION('',(0.,0.,1.));
#12765 = ORIENTED_EDGE('',*,*,#2207,.F.);
#12766 = PLANE('',#12767);
#12767 = AXIS2_PLACEMENT_3D('',#12768,#12769,#12770);
#12768 = CARTESIAN_POINT('',(216.763539,-87.035687,0.));
#12769 = DIRECTION('',(0.918698247574,0.394960162427,-0.));
#12770 = DIRECTION('',(0.394960162427,-0.918698247574,0.));
#12771 = ADVANCED_FACE('',(#12772),#12783,.T.);
#12772 = FACE_BOUND('',#12773,.T.);
#12773 = EDGE_LOOP('',(#12774,#12780,#12781,#12782));
#12774 = ORIENTED_EDGE('',*,*,#12775,.T.);
#12775 = EDGE_CURVE('',#1240,#5228,#12776,.T.);
#12776 = LINE('',#12777,#12778);
#12777 = CARTESIAN_POINT('',(119.067445,-140.360863,0.));
#12778 = VECTOR('',#12779,1.);
#12779 = DIRECTION('',(0.,0.,1.));
#12780 = ORIENTED_EDGE('',*,*,#5227,.T.);
#12781 = ORIENTED_EDGE('',*,*,#12741,.F.);
#12782 = ORIENTED_EDGE('',*,*,#1239,.F.);
#12783 = PLANE('',#12784);
#12784 = AXIS2_PLACEMENT_3D('',#12785,#12786,#12787);
#12785 = CARTESIAN_POINT('',(119.067445,-140.360863,0.));
#12786 = DIRECTION('',(-8.252775116605E-02,-0.996588766888,0.));
#12787 = DIRECTION('',(-0.996588766888,8.252775116605E-02,0.));
#12788 = ADVANCED_FACE('',(#12789),#12800,.T.);
#12789 = FACE_BOUND('',#12790,.T.);
#12790 = EDGE_LOOP('',(#12791,#12792,#12793,#12799));
#12791 = ORIENTED_EDGE('',*,*,#12760,.T.);
#12792 = ORIENTED_EDGE('',*,*,#6187,.T.);
#12793 = ORIENTED_EDGE('',*,*,#12794,.F.);
#12794 = EDGE_CURVE('',#2192,#6180,#12795,.T.);
#12795 = LINE('',#12796,#12797);
#12796 = CARTESIAN_POINT('',(217.16311,-87.991228,0.));
#12797 = VECTOR('',#12798,1.);
#12798 = DIRECTION('',(0.,0.,1.));
#12799 = ORIENTED_EDGE('',*,*,#2199,.F.);
#12800 = PLANE('',#12801);
#12801 = AXIS2_PLACEMENT_3D('',#12802,#12803,#12804);
#12802 = CARTESIAN_POINT('',(216.949518,-87.468284,0.));
#12803 = DIRECTION('',(0.925757516996,0.378117732626,-0.));
#12804 = DIRECTION('',(0.378117732626,-0.925757516996,0.));
#12805 = ADVANCED_FACE('',(#12806),#12817,.T.);
#12806 = FACE_BOUND('',#12807,.T.);
#12807 = EDGE_LOOP('',(#12808,#12814,#12815,#12816));
#12808 = ORIENTED_EDGE('',*,*,#12809,.T.);
#12809 = EDGE_CURVE('',#1248,#5236,#12810,.T.);
#12810 = LINE('',#12811,#12812);
#12811 = CARTESIAN_POINT('',(120.927526,-140.495675,0.));
#12812 = VECTOR('',#12813,1.);
#12813 = DIRECTION('',(0.,0.,1.));
#12814 = ORIENTED_EDGE('',*,*,#5235,.T.);
#12815 = ORIENTED_EDGE('',*,*,#12775,.F.);
#12816 = ORIENTED_EDGE('',*,*,#1247,.F.);
#12817 = PLANE('',#12818);
#12818 = AXIS2_PLACEMENT_3D('',#12819,#12820,#12821);
#12819 = CARTESIAN_POINT('',(120.927526,-140.495675,0.));
#12820 = DIRECTION('',(-7.228680715412E-02,-0.997383886731,0.));
#12821 = DIRECTION('',(-0.997383886731,7.228680715412E-02,0.));
#12822 = ADVANCED_FACE('',(#12823),#12834,.T.);
#12823 = FACE_BOUND('',#12824,.T.);
#12824 = EDGE_LOOP('',(#12825,#12826,#12827,#12833));
#12825 = ORIENTED_EDGE('',*,*,#12794,.T.);
#12826 = ORIENTED_EDGE('',*,*,#6179,.T.);
#12827 = ORIENTED_EDGE('',*,*,#12828,.F.);
#12828 = EDGE_CURVE('',#2184,#6172,#12829,.T.);
#12829 = LINE('',#12830,#12831);
#12830 = CARTESIAN_POINT('',(217.44032,-88.702779,0.));
#12831 = VECTOR('',#12832,1.);
#12832 = DIRECTION('',(0.,0.,1.));
#12833 = ORIENTED_EDGE('',*,*,#2191,.F.);
#12834 = PLANE('',#12835);
#12835 = AXIS2_PLACEMENT_3D('',#12836,#12837,#12838);
#12836 = CARTESIAN_POINT('',(217.16311,-87.991228,0.));
#12837 = DIRECTION('',(0.931785215481,0.363010071778,-0.));
#12838 = DIRECTION('',(0.363010071778,-0.931785215481,0.));
#12839 = ADVANCED_FACE('',(#12840),#12851,.T.);
#12840 = FACE_BOUND('',#12841,.T.);
#12841 = EDGE_LOOP('',(#12842,#12848,#12849,#12850));
#12842 = ORIENTED_EDGE('',*,*,#12843,.T.);
#12843 = EDGE_CURVE('',#1256,#5244,#12844,.T.);
#12844 = LINE('',#12845,#12846);
#12845 = CARTESIAN_POINT('',(122.905773,-140.619503,0.));
#12846 = VECTOR('',#12847,1.);
#12847 = DIRECTION('',(0.,0.,1.));
#12848 = ORIENTED_EDGE('',*,*,#5243,.T.);
#12849 = ORIENTED_EDGE('',*,*,#12809,.F.);
#12850 = ORIENTED_EDGE('',*,*,#1255,.F.);
#12851 = PLANE('',#12852);
#12852 = AXIS2_PLACEMENT_3D('',#12853,#12854,#12855);
#12853 = CARTESIAN_POINT('',(122.905773,-140.619503,0.));
#12854 = DIRECTION('',(-6.247254495654E-02,-0.998046682839,0.));
#12855 = DIRECTION('',(-0.998046682839,6.247254495654E-02,0.));
#12856 = ADVANCED_FACE('',(#12857),#12868,.T.);
#12857 = FACE_BOUND('',#12858,.T.);
#12858 = EDGE_LOOP('',(#12859,#12860,#12861,#12867));
#12859 = ORIENTED_EDGE('',*,*,#12828,.T.);
#12860 = ORIENTED_EDGE('',*,*,#6171,.T.);
#12861 = ORIENTED_EDGE('',*,*,#12862,.F.);
#12862 = EDGE_CURVE('',#2176,#6164,#12863,.T.);
#12863 = LINE('',#12864,#12865);
#12864 = CARTESIAN_POINT('',(217.768561,-89.591068,0.));
#12865 = VECTOR('',#12866,1.);
#12866 = DIRECTION('',(0.,0.,1.));
#12867 = ORIENTED_EDGE('',*,*,#2183,.F.);
#12868 = PLANE('',#12869);
#12869 = AXIS2_PLACEMENT_3D('',#12870,#12871,#12872);
#12870 = CARTESIAN_POINT('',(217.44032,-88.702779,0.));
#12871 = DIRECTION('',(0.938008135288,0.346613239987,-0.));
#12872 = DIRECTION('',(0.346613239987,-0.938008135288,0.));
#12873 = ADVANCED_FACE('',(#12874),#12885,.T.);
#12874 = FACE_BOUND('',#12875,.T.);
#12875 = EDGE_LOOP('',(#12876,#12882,#12883,#12884));
#12876 = ORIENTED_EDGE('',*,*,#12877,.T.);
#12877 = EDGE_CURVE('',#1264,#5252,#12878,.T.);
#12878 = LINE('',#12879,#12880);
#12879 = CARTESIAN_POINT('',(125.005804,-140.731097,0.));
#12880 = VECTOR('',#12881,1.);
#12881 = DIRECTION('',(0.,0.,1.));
#12882 = ORIENTED_EDGE('',*,*,#5251,.T.);
#12883 = ORIENTED_EDGE('',*,*,#12843,.F.);
#12884 = ORIENTED_EDGE('',*,*,#1263,.F.);
#12885 = PLANE('',#12886);
#12886 = AXIS2_PLACEMENT_3D('',#12887,#12888,#12889);
#12887 = CARTESIAN_POINT('',(125.005804,-140.731097,0.));
#12888 = DIRECTION('',(-5.306434745787E-02,-0.998591095008,0.));
#12889 = DIRECTION('',(-0.998591095008,5.306434745787E-02,0.));
#12890 = ADVANCED_FACE('',(#12891),#12902,.T.);
#12891 = FACE_BOUND('',#12892,.T.);
#12892 = EDGE_LOOP('',(#12893,#12894,#12895,#12901));
#12893 = ORIENTED_EDGE('',*,*,#12862,.T.);
#12894 = ORIENTED_EDGE('',*,*,#6163,.T.);
#12895 = ORIENTED_EDGE('',*,*,#12896,.F.);
#12896 = EDGE_CURVE('',#2168,#6156,#12897,.T.);
#12897 = LINE('',#12898,#12899);
#12898 = CARTESIAN_POINT('',(218.135244,-90.644229,0.));
#12899 = VECTOR('',#12900,1.);
#12900 = DIRECTION('',(0.,0.,1.));
#12901 = ORIENTED_EDGE('',*,*,#2175,.F.);
#12902 = PLANE('',#12903);
#12903 = AXIS2_PLACEMENT_3D('',#12904,#12905,#12906);
#12904 = CARTESIAN_POINT('',(217.768561,-89.591068,0.));
#12905 = DIRECTION('',(0.944394878595,0.328813493158,-0.));
#12906 = DIRECTION('',(0.328813493158,-0.944394878595,0.));
#12907 = ADVANCED_FACE('',(#12908),#12919,.T.);
#12908 = FACE_BOUND('',#12909,.T.);
#12909 = EDGE_LOOP('',(#12910,#12916,#12917,#12918));
#12910 = ORIENTED_EDGE('',*,*,#12911,.T.);
#12911 = EDGE_CURVE('',#1272,#5260,#12912,.T.);
#12912 = LINE('',#12913,#12914);
#12913 = CARTESIAN_POINT('',(127.231236,-140.829208,0.));
#12914 = VECTOR('',#12915,1.);
#12915 = DIRECTION('',(0.,0.,1.));
#12916 = ORIENTED_EDGE('',*,*,#5259,.T.);
#12917 = ORIENTED_EDGE('',*,*,#12877,.F.);
#12918 = ORIENTED_EDGE('',*,*,#1271,.F.);
#12919 = PLANE('',#12920);
#12920 = AXIS2_PLACEMENT_3D('',#12921,#12922,#12923);
#12921 = CARTESIAN_POINT('',(127.231236,-140.829208,0.));
#12922 = DIRECTION('',(-4.404349111548E-02,-0.999029614621,0.));
#12923 = DIRECTION('',(-0.999029614621,4.404349111548E-02,0.));
#12924 = ADVANCED_FACE('',(#12925),#12936,.T.);
#12925 = FACE_BOUND('',#12926,.T.);
#12926 = EDGE_LOOP('',(#12927,#12928,#12929,#12935));
#12927 = ORIENTED_EDGE('',*,*,#12896,.T.);
#12928 = ORIENTED_EDGE('',*,*,#6155,.T.);
#12929 = ORIENTED_EDGE('',*,*,#12930,.F.);
#12930 = EDGE_CURVE('',#2160,#6148,#12931,.T.);
#12931 = LINE('',#12932,#12933);
#12932 = CARTESIAN_POINT('',(218.527783,-91.850394,0.));
#12933 = VECTOR('',#12934,1.);
#12934 = DIRECTION('',(0.,0.,1.));
#12935 = ORIENTED_EDGE('',*,*,#2167,.F.);
#12936 = PLANE('',#12937);
#12937 = AXIS2_PLACEMENT_3D('',#12938,#12939,#12940);
#12938 = CARTESIAN_POINT('',(218.135244,-90.644229,0.));
#12939 = DIRECTION('',(0.950909922262,0.309467800819,-0.));
#12940 = DIRECTION('',(0.309467800819,-0.950909922262,0.));
#12941 = ADVANCED_FACE('',(#12942),#12953,.T.);
#12942 = FACE_BOUND('',#12943,.T.);
#12943 = EDGE_LOOP('',(#12944,#12950,#12951,#12952));
#12944 = ORIENTED_EDGE('',*,*,#12945,.T.);
#12945 = EDGE_CURVE('',#1280,#5268,#12946,.T.);
#12946 = LINE('',#12947,#12948);
#12947 = CARTESIAN_POINT('',(129.585687,-140.912587,0.));
#12948 = VECTOR('',#12949,1.);
#12949 = DIRECTION('',(0.,0.,1.));
#12950 = ORIENTED_EDGE('',*,*,#5267,.T.);
#12951 = ORIENTED_EDGE('',*,*,#12911,.F.);
#12952 = ORIENTED_EDGE('',*,*,#1279,.F.);
#12953 = PLANE('',#12954);
#12954 = AXIS2_PLACEMENT_3D('',#12955,#12956,#12957);
#12955 = CARTESIAN_POINT('',(129.585687,-140.912587,0.));
#12956 = DIRECTION('',(-3.539116596451E-02,-0.999373536458,0.));
#12957 = DIRECTION('',(-0.999373536458,3.539116596451E-02,0.));
#12958 = ADVANCED_FACE('',(#12959),#12970,.T.);
#12959 = FACE_BOUND('',#12960,.T.);
#12960 = EDGE_LOOP('',(#12961,#12962,#12963,#12969));
#12961 = ORIENTED_EDGE('',*,*,#12930,.T.);
#12962 = ORIENTED_EDGE('',*,*,#6147,.T.);
#12963 = ORIENTED_EDGE('',*,*,#12964,.F.);
#12964 = EDGE_CURVE('',#2152,#6140,#12965,.T.);
#12965 = LINE('',#12966,#12967);
#12966 = CARTESIAN_POINT('',(218.933589,-93.197693,0.));
#12967 = VECTOR('',#12968,1.);
#12968 = DIRECTION('',(0.,0.,1.));
#12969 = ORIENTED_EDGE('',*,*,#2159,.F.);
#12970 = PLANE('',#12971);
#12971 = AXIS2_PLACEMENT_3D('',#12972,#12973,#12974);
#12972 = CARTESIAN_POINT('',(218.527783,-91.850394,0.));
#12973 = DIRECTION('',(0.957509553537,0.288401551462,-0.));
#12974 = DIRECTION('',(0.288401551462,-0.957509553537,0.));
#12975 = ADVANCED_FACE('',(#12976),#12987,.T.);
#12976 = FACE_BOUND('',#12977,.T.);
#12977 = EDGE_LOOP('',(#12978,#12984,#12985,#12986));
#12978 = ORIENTED_EDGE('',*,*,#12979,.T.);
#12979 = EDGE_CURVE('',#1288,#5276,#12980,.T.);
#12980 = LINE('',#12981,#12982);
#12981 = CARTESIAN_POINT('',(132.072774,-140.979985,0.));
#12982 = VECTOR('',#12983,1.);
#12983 = DIRECTION('',(0.,0.,1.));
#12984 = ORIENTED_EDGE('',*,*,#5275,.T.);
#12985 = ORIENTED_EDGE('',*,*,#12945,.F.);
#12986 = ORIENTED_EDGE('',*,*,#1287,.F.);
#12987 = PLANE('',#12988);
#12988 = AXIS2_PLACEMENT_3D('',#12989,#12990,#12991);
#12989 = CARTESIAN_POINT('',(132.072774,-140.979985,0.));
#12990 = DIRECTION('',(-2.708922777949E-02,-0.999633019532,0.));
#12991 = DIRECTION('',(-0.999633019532,2.708922777949E-02,0.));
#12992 = ADVANCED_FACE('',(#12993),#13004,.T.);
#12993 = FACE_BOUND('',#12994,.T.);
#12994 = EDGE_LOOP('',(#12995,#12996,#12997,#13003));
#12995 = ORIENTED_EDGE('',*,*,#12964,.T.);
#12996 = ORIENTED_EDGE('',*,*,#6139,.T.);
#12997 = ORIENTED_EDGE('',*,*,#12998,.F.);
#12998 = EDGE_CURVE('',#2144,#6132,#12999,.T.);
#12999 = LINE('',#13000,#13001);
#13000 = CARTESIAN_POINT('',(219.340076,-94.67426,0.));
#13001 = VECTOR('',#13002,1.);
#13002 = DIRECTION('',(0.,0.,1.));
#13003 = ORIENTED_EDGE('',*,*,#2151,.F.);
#13004 = PLANE('',#13005);
#13005 = AXIS2_PLACEMENT_3D('',#13006,#13007,#13008);
#13006 = CARTESIAN_POINT('',(218.933589,-93.197693,0.));
#13007 = DIRECTION('',(0.964133394401,0.265418156501,-0.));
#13008 = DIRECTION('',(0.265418156501,-0.964133394401,0.));
#13009 = ADVANCED_FACE('',(#13010),#13021,.T.);
#13010 = FACE_BOUND('',#13011,.T.);
#13011 = EDGE_LOOP('',(#13012,#13018,#13019,#13020));
#13012 = ORIENTED_EDGE('',*,*,#13013,.T.);
#13013 = EDGE_CURVE('',#1296,#5284,#13014,.T.);
#13014 = LINE('',#13015,#13016);
#13015 = CARTESIAN_POINT('',(134.696115,-141.030154,0.));
#13016 = VECTOR('',#13017,1.);
#13017 = DIRECTION('',(0.,0.,1.));
#13018 = ORIENTED_EDGE('',*,*,#5283,.T.);
#13019 = ORIENTED_EDGE('',*,*,#12979,.F.);
#13020 = ORIENTED_EDGE('',*,*,#1295,.F.);
#13021 = PLANE('',#13022);
#13022 = AXIS2_PLACEMENT_3D('',#13023,#13024,#13025);
#13023 = CARTESIAN_POINT('',(134.696115,-141.030154,0.));
#13024 = DIRECTION('',(-1.912059024901E-02,-0.999817184804,0.));
#13025 = DIRECTION('',(-0.999817184804,1.912059024901E-02,0.));
#13026 = ADVANCED_FACE('',(#13027),#13038,.T.);
#13027 = FACE_BOUND('',#13028,.T.);
#13028 = EDGE_LOOP('',(#13029,#13030,#13031,#13037));
#13029 = ORIENTED_EDGE('',*,*,#12998,.T.);
#13030 = ORIENTED_EDGE('',*,*,#6131,.T.);
#13031 = ORIENTED_EDGE('',*,*,#13032,.F.);
#13032 = EDGE_CURVE('',#2136,#6124,#13033,.T.);
#13033 = LINE('',#13034,#13035);
#13034 = CARTESIAN_POINT('',(219.53964,-95.457311,0.));
#13035 = VECTOR('',#13036,1.);
#13036 = DIRECTION('',(0.,0.,1.));
#13037 = ORIENTED_EDGE('',*,*,#2143,.F.);
#13038 = PLANE('',#13039);
#13039 = AXIS2_PLACEMENT_3D('',#13040,#13041,#13042);
#13040 = CARTESIAN_POINT('',(219.340076,-94.67426,0.));
#13041 = DIRECTION('',(0.9690255633,0.246960437461,-0.));
#13042 = DIRECTION('',(0.246960437461,-0.9690255633,0.));
#13043 = ADVANCED_FACE('',(#13044),#13055,.T.);
#13044 = FACE_BOUND('',#13045,.T.);
#13045 = EDGE_LOOP('',(#13046,#13052,#13053,#13054));
#13046 = ORIENTED_EDGE('',*,*,#13047,.T.);
#13047 = EDGE_CURVE('',#1304,#5292,#13048,.T.);
#13048 = LINE('',#13049,#13050);
#13049 = CARTESIAN_POINT('',(137.459328,-141.061844,0.));
#13050 = VECTOR('',#13051,1.);
#13051 = DIRECTION('',(0.,0.,1.));
#13052 = ORIENTED_EDGE('',*,*,#5291,.T.);
#13053 = ORIENTED_EDGE('',*,*,#13013,.F.);
#13054 = ORIENTED_EDGE('',*,*,#1303,.F.);
#13055 = PLANE('',#13056);
#13056 = AXIS2_PLACEMENT_3D('',#13057,#13058,#13059);
#13057 = CARTESIAN_POINT('',(137.459328,-141.061844,0.));
#13058 = DIRECTION('',(-1.14677790515E-02,-0.99993424286,0.));
#13059 = DIRECTION('',(-0.99993424286,1.14677790515E-02,0.));
#13060 = ADVANCED_FACE('',(#13061),#13072,.T.);
#13061 = FACE_BOUND('',#13062,.T.);
#13062 = EDGE_LOOP('',(#13063,#13064,#13065,#13071));
#13063 = ORIENTED_EDGE('',*,*,#13032,.T.);
#13064 = ORIENTED_EDGE('',*,*,#6123,.T.);
#13065 = ORIENTED_EDGE('',*,*,#13066,.F.);
#13066 = EDGE_CURVE('',#2128,#6116,#13067,.T.);
#13067 = LINE('',#13068,#13069);
#13068 = CARTESIAN_POINT('',(219.734655,-96.268227,0.));
#13069 = VECTOR('',#13070,1.);
#13070 = DIRECTION('',(0.,0.,1.));
#13071 = ORIENTED_EDGE('',*,*,#2135,.F.);
#13072 = PLANE('',#13073);
#13073 = AXIS2_PLACEMENT_3D('',#13074,#13075,#13076);
#13074 = CARTESIAN_POINT('',(219.53964,-95.457311,0.));
#13075 = DIRECTION('',(0.972279681542,0.233820916218,-0.));
#13076 = DIRECTION('',(0.233820916218,-0.972279681542,0.));
#13077 = ADVANCED_FACE('',(#13078),#13089,.T.);
#13078 = FACE_BOUND('',#13079,.T.);
#13079 = EDGE_LOOP('',(#13080,#13086,#13087,#13088));
#13080 = ORIENTED_EDGE('',*,*,#13081,.T.);
#13081 = EDGE_CURVE('',#1312,#5300,#13082,.T.);
#13082 = LINE('',#13083,#13084);
#13083 = CARTESIAN_POINT('',(140.366029,-141.073806,0.));
#13084 = VECTOR('',#13085,1.);
#13085 = DIRECTION('',(0.,0.,1.));
#13086 = ORIENTED_EDGE('',*,*,#5299,.T.);
#13087 = ORIENTED_EDGE('',*,*,#13047,.F.);
#13088 = ORIENTED_EDGE('',*,*,#1311,.F.);
#13089 = PLANE('',#13090);
#13090 = AXIS2_PLACEMENT_3D('',#13091,#13092,#13093);
#13091 = CARTESIAN_POINT('',(140.366029,-141.073806,0.));
#13092 = DIRECTION('',(-4.115283514878E-03,-0.999991532185,0.));
#13093 = DIRECTION('',(-0.999991532185,4.115283514878E-03,0.));
#13094 = ADVANCED_FACE('',(#13095),#13106,.T.);
#13095 = FACE_BOUND('',#13096,.T.);
#13096 = EDGE_LOOP('',(#13097,#13098,#13099,#13105));
#13097 = ORIENTED_EDGE('',*,*,#13066,.T.);
#13098 = ORIENTED_EDGE('',*,*,#6115,.T.);
#13099 = ORIENTED_EDGE('',*,*,#13100,.F.);
#13100 = EDGE_CURVE('',#2120,#6108,#13101,.T.);
#13101 = LINE('',#13102,#13103);
#13102 = CARTESIAN_POINT('',(219.923545,-97.105527,0.));
#13103 = VECTOR('',#13104,1.);
#13104 = DIRECTION('',(0.,0.,1.));
#13105 = ORIENTED_EDGE('',*,*,#2127,.F.);
#13106 = PLANE('',#13107);
#13107 = AXIS2_PLACEMENT_3D('',#13108,#13109,#13110);
#13108 = CARTESIAN_POINT('',(219.734655,-96.268227,0.));
#13109 = DIRECTION('',(0.97548547274,0.22006383727,-0.));
#13110 = DIRECTION('',(0.22006383727,-0.97548547274,0.));
#13111 = ADVANCED_FACE('',(#13112),#13123,.T.);
#13112 = FACE_BOUND('',#13113,.T.);
#13113 = EDGE_LOOP('',(#13114,#13120,#13121,#13122));
#13114 = ORIENTED_EDGE('',*,*,#13115,.T.);
#13115 = EDGE_CURVE('',#1320,#5308,#13116,.T.);
#13116 = LINE('',#13117,#13118);
#13117 = CARTESIAN_POINT('',(143.419837,-141.064792,0.));
#13118 = VECTOR('',#13119,1.);
#13119 = DIRECTION('',(0.,0.,1.));
#13120 = ORIENTED_EDGE('',*,*,#5307,.T.);
#13121 = ORIENTED_EDGE('',*,*,#13081,.F.);
#13122 = ORIENTED_EDGE('',*,*,#1319,.F.);
#13123 = PLANE('',#13124);
#13124 = AXIS2_PLACEMENT_3D('',#13125,#13126,#13127);
#13125 = CARTESIAN_POINT('',(143.419837,-141.064792,0.));
#13126 = DIRECTION('',(2.951711676765E-03,-0.99999564369,0.));
#13127 = DIRECTION('',(-0.99999564369,-2.951711676765E-03,0.));
#13128 = ADVANCED_FACE('',(#13129),#13140,.T.);
#13129 = FACE_BOUND('',#13130,.T.);
#13130 = EDGE_LOOP('',(#13131,#13132,#13133,#13139));
#13131 = ORIENTED_EDGE('',*,*,#13100,.T.);
#13132 = ORIENTED_EDGE('',*,*,#6107,.T.);
#13133 = ORIENTED_EDGE('',*,*,#13134,.F.);
#13134 = EDGE_CURVE('',#2112,#6100,#13135,.T.);
#13135 = LINE('',#13136,#13137);
#13136 = CARTESIAN_POINT('',(220.104738,-97.967726,0.));
#13137 = VECTOR('',#13138,1.);
#13138 = DIRECTION('',(0.,0.,1.));
#13139 = ORIENTED_EDGE('',*,*,#2119,.F.);
#13140 = PLANE('',#13141);
#13141 = AXIS2_PLACEMENT_3D('',#13142,#13143,#13144);
#13142 = CARTESIAN_POINT('',(219.923545,-97.105527,0.));
#13143 = DIRECTION('',(0.978623532383,0.205659869361,-0.));
#13144 = DIRECTION('',(0.205659869361,-0.978623532383,0.));
#13145 = ADVANCED_FACE('',(#13146),#13157,.T.);
#13146 = FACE_BOUND('',#13147,.T.);
#13147 = EDGE_LOOP('',(#13148,#13154,#13155,#13156));
#13148 = ORIENTED_EDGE('',*,*,#13149,.T.);
#13149 = EDGE_CURVE('',#1328,#5316,#13150,.T.);
#13150 = LINE('',#13151,#13152);
#13151 = CARTESIAN_POINT('',(146.62437,-141.033552,0.));
#13152 = VECTOR('',#13153,1.);
#13153 = DIRECTION('',(0.,0.,1.));
#13154 = ORIENTED_EDGE('',*,*,#5315,.T.);
#13155 = ORIENTED_EDGE('',*,*,#13115,.F.);
#13156 = ORIENTED_EDGE('',*,*,#1327,.F.);
#13157 = PLANE('',#13158);
#13158 = AXIS2_PLACEMENT_3D('',#13159,#13160,#13161);
#13159 = CARTESIAN_POINT('',(146.62437,-141.033552,0.));
#13160 = DIRECTION('',(9.748227160853E-03,-0.999952484905,0.));
#13161 = DIRECTION('',(-0.999952484905,-9.748227160853E-03,0.));
#13162 = ADVANCED_FACE('',(#13163),#13174,.T.);
#13163 = FACE_BOUND('',#13164,.T.);
#13164 = EDGE_LOOP('',(#13165,#13166,#13167,#13173));
#13165 = ORIENTED_EDGE('',*,*,#13134,.T.);
#13166 = ORIENTED_EDGE('',*,*,#6099,.T.);
#13167 = ORIENTED_EDGE('',*,*,#13168,.F.);
#13168 = EDGE_CURVE('',#2104,#6092,#13169,.T.);
#13169 = LINE('',#13170,#13171);
#13170 = CARTESIAN_POINT('',(220.27666,-98.853341,0.));
#13171 = VECTOR('',#13172,1.);
#13172 = DIRECTION('',(0.,0.,1.));
#13173 = ORIENTED_EDGE('',*,*,#2111,.F.);
#13174 = PLANE('',#13175);
#13175 = AXIS2_PLACEMENT_3D('',#13176,#13177,#13178);
#13176 = CARTESIAN_POINT('',(220.104738,-97.967726,0.));
#13177 = DIRECTION('',(0.981673685361,0.190569607939,-0.));
#13178 = DIRECTION('',(0.190569607939,-0.981673685361,0.));
#13179 = ADVANCED_FACE('',(#13180),#13191,.T.);
#13180 = FACE_BOUND('',#13181,.T.);
#13181 = EDGE_LOOP('',(#13182,#13188,#13189,#13190));
#13182 = ORIENTED_EDGE('',*,*,#13183,.T.);
#13183 = EDGE_CURVE('',#1336,#5324,#13184,.T.);
#13184 = LINE('',#13185,#13186);
#13185 = CARTESIAN_POINT('',(149.983244,-140.978837,0.));
#13186 = VECTOR('',#13187,1.);
#13187 = DIRECTION('',(0.,0.,1.));
#13188 = ORIENTED_EDGE('',*,*,#5323,.T.);
#13189 = ORIENTED_EDGE('',*,*,#13149,.F.);
#13190 = ORIENTED_EDGE('',*,*,#1335,.F.);
#13191 = PLANE('',#13192);
#13192 = AXIS2_PLACEMENT_3D('',#13193,#13194,#13195);
#13193 = CARTESIAN_POINT('',(149.983244,-140.978837,0.));
#13194 = DIRECTION('',(1.6287524339E-02,-0.999867349477,0.));
#13195 = DIRECTION('',(-0.999867349477,-1.6287524339E-02,0.));
#13196 = ADVANCED_FACE('',(#13197),#13208,.T.);
#13197 = FACE_BOUND('',#13198,.T.);
#13198 = EDGE_LOOP('',(#13199,#13200,#13201,#13207));
#13199 = ORIENTED_EDGE('',*,*,#13168,.T.);
#13200 = ORIENTED_EDGE('',*,*,#6091,.T.);
#13201 = ORIENTED_EDGE('',*,*,#13202,.F.);
#13202 = EDGE_CURVE('',#2096,#6084,#13203,.T.);
#13203 = LINE('',#13204,#13205);
#13204 = CARTESIAN_POINT('',(220.437739,-99.760889,0.));
#13205 = VECTOR('',#13206,1.);
#13206 = DIRECTION('',(0.,0.,1.));
#13207 = ORIENTED_EDGE('',*,*,#2103,.F.);
#13208 = PLANE('',#13209);
#13209 = AXIS2_PLACEMENT_3D('',#13210,#13211,#13212);
#13210 = CARTESIAN_POINT('',(220.27666,-98.853341,0.));
#13211 = DIRECTION('',(0.984611615739,0.174756877269,-0.));
#13212 = DIRECTION('',(0.174756877269,-0.984611615739,0.));
#13213 = ADVANCED_FACE('',(#13214),#13225,.T.);
#13214 = FACE_BOUND('',#13215,.T.);
#13215 = EDGE_LOOP('',(#13216,#13222,#13223,#13224));
#13216 = ORIENTED_EDGE('',*,*,#13217,.T.);
#13217 = EDGE_CURVE('',#1344,#5332,#13218,.T.);
#13218 = LINE('',#13219,#13220);
#13219 = CARTESIAN_POINT('',(153.406404,-141.034768,0.));
#13220 = VECTOR('',#13221,1.);
#13221 = DIRECTION('',(0.,0.,1.));
#13222 = ORIENTED_EDGE('',*,*,#5331,.T.);
#13223 = ORIENTED_EDGE('',*,*,#13183,.F.);
#13224 = ORIENTED_EDGE('',*,*,#1343,.F.);
#13225 = PLANE('',#13226);
#13226 = AXIS2_PLACEMENT_3D('',#13227,#13228,#13229);
#13227 = CARTESIAN_POINT('',(153.406404,-141.034768,0.));
#13228 = DIRECTION('',(-1.63368162008E-02,-0.999866545313,0.));
#13229 = DIRECTION('',(-0.999866545313,1.63368162008E-02,0.));
#13230 = ADVANCED_FACE('',(#13231),#13242,.T.);
#13231 = FACE_BOUND('',#13232,.T.);
#13232 = EDGE_LOOP('',(#13233,#13234,#13235,#13241));
#13233 = ORIENTED_EDGE('',*,*,#13202,.T.);
#13234 = ORIENTED_EDGE('',*,*,#6083,.T.);
#13235 = ORIENTED_EDGE('',*,*,#13236,.F.);
#13236 = EDGE_CURVE('',#2088,#6076,#13237,.T.);
#13237 = LINE('',#13238,#13239);
#13238 = CARTESIAN_POINT('',(220.586399,-100.688886,0.));
#13239 = VECTOR('',#13240,1.);
#13240 = DIRECTION('',(0.,0.,1.));
#13241 = ORIENTED_EDGE('',*,*,#2095,.F.);
#13242 = PLANE('',#13243);
#13243 = AXIS2_PLACEMENT_3D('',#13244,#13245,#13246);
#13244 = CARTESIAN_POINT('',(220.437739,-99.760889,0.));
#13245 = DIRECTION('',(0.987410655511,0.158177739851,-0.));
#13246 = DIRECTION('',(0.158177739851,-0.987410655511,0.));
#13247 = ADVANCED_FACE('',(#13248),#13259,.T.);
#13248 = FACE_BOUND('',#13249,.T.);
#13249 = EDGE_LOOP('',(#13250,#13256,#13257,#13258));
#13250 = ORIENTED_EDGE('',*,*,#13251,.T.);
#13251 = EDGE_CURVE('',#1352,#5340,#13252,.T.);
#13252 = LINE('',#13253,#13254);
#13253 = CARTESIAN_POINT('',(156.66919,-141.067005,0.));
#13254 = VECTOR('',#13255,1.);
#13255 = DIRECTION('',(0.,0.,1.));
#13256 = ORIENTED_EDGE('',*,*,#5339,.T.);
#13257 = ORIENTED_EDGE('',*,*,#13217,.F.);
#13258 = ORIENTED_EDGE('',*,*,#1351,.F.);
#13259 = PLANE('',#13260);
#13260 = AXIS2_PLACEMENT_3D('',#13261,#13262,#13263);
#13261 = CARTESIAN_POINT('',(156.66919,-141.067005,0.));
#13262 = DIRECTION('',(-9.879724459906E-03,-0.999951194331,0.));
#13263 = DIRECTION('',(-0.999951194331,9.879724459906E-03,0.));
#13264 = ADVANCED_FACE('',(#13265),#13276,.T.);
#13265 = FACE_BOUND('',#13266,.T.);
#13266 = EDGE_LOOP('',(#13267,#13268,#13269,#13275));
#13267 = ORIENTED_EDGE('',*,*,#13236,.T.);
#13268 = ORIENTED_EDGE('',*,*,#6075,.T.);
#13269 = ORIENTED_EDGE('',*,*,#13270,.F.);
#13270 = EDGE_CURVE('',#2080,#6068,#13271,.T.);
#13271 = LINE('',#13272,#13273);
#13272 = CARTESIAN_POINT('',(220.721068,-101.635849,0.));
#13273 = VECTOR('',#13274,1.);
#13274 = DIRECTION('',(0.,0.,1.));
#13275 = ORIENTED_EDGE('',*,*,#2087,.F.);
#13276 = PLANE('',#13277);
#13277 = AXIS2_PLACEMENT_3D('',#13278,#13279,#13280);
#13278 = CARTESIAN_POINT('',(220.586399,-100.688886,0.));
#13279 = DIRECTION('',(0.990038789248,0.140794871298,-0.));
#13280 = DIRECTION('',(0.140794871298,-0.990038789248,0.));
#13281 = ADVANCED_FACE('',(#13282),#13293,.T.);
#13282 = FACE_BOUND('',#13283,.T.);
#13283 = EDGE_LOOP('',(#13284,#13290,#13291,#13292));
#13284 = ORIENTED_EDGE('',*,*,#13285,.T.);
#13285 = EDGE_CURVE('',#1360,#5348,#13286,.T.);
#13286 = LINE('',#13287,#13288);
#13287 = CARTESIAN_POINT('',(159.775478,-141.076802,0.));
#13288 = VECTOR('',#13289,1.);
#13289 = DIRECTION('',(0.,0.,1.));
#13290 = ORIENTED_EDGE('',*,*,#5347,.T.);
#13291 = ORIENTED_EDGE('',*,*,#13251,.F.);
#13292 = ORIENTED_EDGE('',*,*,#1359,.F.);
#13293 = PLANE('',#13294);
#13294 = AXIS2_PLACEMENT_3D('',#13295,#13296,#13297);
#13295 = CARTESIAN_POINT('',(159.775478,-141.076802,0.));
#13296 = DIRECTION('',(-3.153909513149E-03,-0.999995026415,0.));
#13297 = DIRECTION('',(-0.999995026415,3.153909513149E-03,0.));
#13298 = ADVANCED_FACE('',(#13299),#13310,.T.);
#13299 = FACE_BOUND('',#13300,.T.);
#13300 = EDGE_LOOP('',(#13301,#13302,#13303,#13309));
#13301 = ORIENTED_EDGE('',*,*,#13270,.T.);
#13302 = ORIENTED_EDGE('',*,*,#6067,.T.);
#13303 = ORIENTED_EDGE('',*,*,#13304,.F.);
#13304 = EDGE_CURVE('',#2072,#6060,#13305,.T.);
#13305 = LINE('',#13306,#13307);
#13306 = CARTESIAN_POINT('',(220.840173,-102.600293,0.));
#13307 = VECTOR('',#13308,1.);
#13308 = DIRECTION('',(0.,0.,1.));
#13309 = ORIENTED_EDGE('',*,*,#2079,.F.);
#13310 = PLANE('',#13311);
#13311 = AXIS2_PLACEMENT_3D('',#13312,#13313,#13314);
#13312 = CARTESIAN_POINT('',(220.721068,-101.635849,0.));
#13313 = DIRECTION('',(0.992460497401,0.122564926054,-0.));
#13314 = DIRECTION('',(0.122564926054,-0.992460497401,0.));
#13315 = ADVANCED_FACE('',(#13316),#13327,.T.);
#13316 = FACE_BOUND('',#13317,.T.);
#13317 = EDGE_LOOP('',(#13318,#13324,#13325,#13326));
#13318 = ORIENTED_EDGE('',*,*,#13319,.T.);
#13319 = EDGE_CURVE('',#1368,#5356,#13320,.T.);
#13320 = LINE('',#13321,#13322);
#13321 = CARTESIAN_POINT('',(162.729141,-141.065415,0.));
#13322 = VECTOR('',#13323,1.);
#13323 = DIRECTION('',(0.,0.,1.));
#13324 = ORIENTED_EDGE('',*,*,#5355,.T.);
#13325 = ORIENTED_EDGE('',*,*,#13285,.F.);
#13326 = ORIENTED_EDGE('',*,*,#1367,.F.);
#13327 = PLANE('',#13328);
#13328 = AXIS2_PLACEMENT_3D('',#13329,#13330,#13331);
#13329 = CARTESIAN_POINT('',(162.729141,-141.065415,0.));
#13330 = DIRECTION('',(3.855184352559E-03,-0.999992568749,0.));
#13331 = DIRECTION('',(-0.999992568749,-3.855184352559E-03,0.));
#13332 = ADVANCED_FACE('',(#13333),#13344,.T.);
#13333 = FACE_BOUND('',#13334,.T.);
#13334 = EDGE_LOOP('',(#13335,#13336,#13337,#13343));
#13335 = ORIENTED_EDGE('',*,*,#13304,.T.);
#13336 = ORIENTED_EDGE('',*,*,#6059,.T.);
#13337 = ORIENTED_EDGE('',*,*,#13338,.F.);
#13338 = EDGE_CURVE('',#2064,#6052,#13339,.T.);
#13339 = LINE('',#13340,#13341);
#13340 = CARTESIAN_POINT('',(220.94214,-103.580736,0.));
#13341 = VECTOR('',#13342,1.);
#13342 = DIRECTION('',(0.,0.,1.));
#13343 = ORIENTED_EDGE('',*,*,#2071,.F.);
#13344 = PLANE('',#13345);
#13345 = AXIS2_PLACEMENT_3D('',#13346,#13347,#13348);
#13346 = CARTESIAN_POINT('',(220.840173,-102.600293,0.));
#13347 = DIRECTION('',(0.994635381128,0.103443021071,-0.));
#13348 = DIRECTION('',(0.103443021071,-0.994635381128,0.));
#13349 = ADVANCED_FACE('',(#13350),#13361,.T.);
#13350 = FACE_BOUND('',#13351,.T.);
#13351 = EDGE_LOOP('',(#13352,#13358,#13359,#13360));
#13352 = ORIENTED_EDGE('',*,*,#13353,.T.);
#13353 = EDGE_CURVE('',#1376,#5364,#13354,.T.);
#13354 = LINE('',#13355,#13356);
#13355 = CARTESIAN_POINT('',(165.534053,-141.034098,0.));
#13356 = VECTOR('',#13357,1.);
#13357 = DIRECTION('',(0.,0.,1.));
#13358 = ORIENTED_EDGE('',*,*,#5363,.T.);
#13359 = ORIENTED_EDGE('',*,*,#13319,.F.);
#13360 = ORIENTED_EDGE('',*,*,#1375,.F.);
#13361 = PLANE('',#13362);
#13362 = AXIS2_PLACEMENT_3D('',#13363,#13364,#13365);
#13363 = CARTESIAN_POINT('',(165.534053,-141.034098,0.));
#13364 = DIRECTION('',(1.116436031422E-02,-0.999937676587,0.));
#13365 = DIRECTION('',(-0.999937676587,-1.116436031422E-02,0.));
#13366 = ADVANCED_FACE('',(#13367),#13378,.T.);
#13367 = FACE_BOUND('',#13368,.T.);
#13368 = EDGE_LOOP('',(#13369,#13370,#13371,#13377));
#13369 = ORIENTED_EDGE('',*,*,#13338,.T.);
#13370 = ORIENTED_EDGE('',*,*,#6051,.T.);
#13371 = ORIENTED_EDGE('',*,*,#13372,.F.);
#13372 = EDGE_CURVE('',#2056,#6044,#13373,.T.);
#13373 = LINE('',#13374,#13375);
#13374 = CARTESIAN_POINT('',(221.025395,-104.575695,0.));
#13375 = VECTOR('',#13376,1.);
#13376 = DIRECTION('',(0.,0.,1.));
#13377 = ORIENTED_EDGE('',*,*,#2063,.F.);
#13378 = PLANE('',#13379);
#13379 = AXIS2_PLACEMENT_3D('',#13380,#13381,#13382);
#13380 = CARTESIAN_POINT('',(220.94214,-103.580736,0.));
#13381 = DIRECTION('',(0.996517373213,8.33853997068E-02,-0.));
#13382 = DIRECTION('',(8.33853997068E-02,-0.996517373213,0.));
#13383 = ADVANCED_FACE('',(#13384),#13395,.T.);
#13384 = FACE_BOUND('',#13385,.T.);
#13385 = EDGE_LOOP('',(#13386,#13392,#13393,#13394));
#13386 = ORIENTED_EDGE('',*,*,#13387,.T.);
#13387 = EDGE_CURVE('',#1384,#5372,#13388,.T.);
#13388 = LINE('',#13389,#13390);
#13389 = CARTESIAN_POINT('',(168.19409,-140.984106,0.));
#13390 = VECTOR('',#13391,1.);
#13391 = DIRECTION('',(0.,0.,1.));
#13392 = ORIENTED_EDGE('',*,*,#5371,.T.);
#13393 = ORIENTED_EDGE('',*,*,#13353,.F.);
#13394 = ORIENTED_EDGE('',*,*,#1383,.F.);
#13395 = PLANE('',#13396);
#13396 = AXIS2_PLACEMENT_3D('',#13397,#13398,#13399);
#13397 = CARTESIAN_POINT('',(168.19409,-140.984106,0.));
#13398 = DIRECTION('',(1.879040541532E-02,-0.999823444746,0.));
#13399 = DIRECTION('',(-0.999823444746,-1.879040541532E-02,0.));
#13400 = ADVANCED_FACE('',(#13401),#13412,.T.);
#13401 = FACE_BOUND('',#13402,.T.);
#13402 = EDGE_LOOP('',(#13403,#13404,#13405,#13411));
#13403 = ORIENTED_EDGE('',*,*,#13372,.T.);
#13404 = ORIENTED_EDGE('',*,*,#6043,.T.);
#13405 = ORIENTED_EDGE('',*,*,#13406,.F.);
#13406 = EDGE_CURVE('',#2048,#6036,#13407,.T.);
#13407 = LINE('',#13408,#13409);
#13408 = CARTESIAN_POINT('',(221.088366,-105.583685,0.));
#13409 = VECTOR('',#13410,1.);
#13410 = DIRECTION('',(0.,0.,1.));
#13411 = ORIENTED_EDGE('',*,*,#2055,.F.);
#13412 = PLANE('',#13413);
#13413 = AXIS2_PLACEMENT_3D('',#13414,#13415,#13416);
#13414 = CARTESIAN_POINT('',(221.025395,-104.575695,0.));
#13415 = DIRECTION('',(0.998054327215,6.235030014093E-02,-0.));
#13416 = DIRECTION('',(6.235030014093E-02,-0.998054327215,0.));
#13417 = ADVANCED_FACE('',(#13418),#13429,.T.);
#13418 = FACE_BOUND('',#13419,.T.);
#13419 = EDGE_LOOP('',(#13420,#13426,#13427,#13428));
#13420 = ORIENTED_EDGE('',*,*,#13421,.T.);
#13421 = EDGE_CURVE('',#1392,#5380,#13422,.T.);
#13422 = LINE('',#13423,#13424);
#13423 = CARTESIAN_POINT('',(170.713125,-140.916693,0.));
#13424 = VECTOR('',#13425,1.);
#13425 = DIRECTION('',(0.,0.,1.));
#13426 = ORIENTED_EDGE('',*,*,#5379,.T.);
#13427 = ORIENTED_EDGE('',*,*,#13387,.F.);
#13428 = ORIENTED_EDGE('',*,*,#1391,.F.);
#13429 = PLANE('',#13430);
#13430 = AXIS2_PLACEMENT_3D('',#13431,#13432,#13433);
#13431 = CARTESIAN_POINT('',(170.713125,-140.916693,0.));
#13432 = DIRECTION('',(2.675186062114E-02,-0.999642104932,0.));
#13433 = DIRECTION('',(-0.999642104932,-2.675186062114E-02,0.));
#13434 = ADVANCED_FACE('',(#13435),#13446,.T.);
#13435 = FACE_BOUND('',#13436,.T.);
#13436 = EDGE_LOOP('',(#13437,#13438,#13439,#13445));
#13437 = ORIENTED_EDGE('',*,*,#13406,.T.);
#13438 = ORIENTED_EDGE('',*,*,#6035,.T.);
#13439 = ORIENTED_EDGE('',*,*,#13440,.F.);
#13440 = EDGE_CURVE('',#2040,#6028,#13441,.T.);
#13441 = LINE('',#13442,#13443);
#13442 = CARTESIAN_POINT('',(221.129478,-106.603223,0.));
#13443 = VECTOR('',#13444,1.);
#13444 = DIRECTION('',(0.,0.,1.));
#13445 = ORIENTED_EDGE('',*,*,#2047,.F.);
#13446 = PLANE('',#13447);
#13447 = AXIS2_PLACEMENT_3D('',#13448,#13449,#13450);
#13448 = CARTESIAN_POINT('',(221.088366,-105.583685,0.));
#13449 = DIRECTION('',(0.999187971748,4.0291402473E-02,-0.));
#13450 = DIRECTION('',(4.0291402473E-02,-0.999187971748,0.));
#13451 = ADVANCED_FACE('',(#13452),#13463,.T.);
#13452 = FACE_BOUND('',#13453,.T.);
#13453 = EDGE_LOOP('',(#13454,#13460,#13461,#13462));
#13454 = ORIENTED_EDGE('',*,*,#13455,.T.);
#13455 = EDGE_CURVE('',#1400,#5388,#13456,.T.);
#13456 = LINE('',#13457,#13458);
#13457 = CARTESIAN_POINT('',(173.095033,-140.833115,0.));
#13458 = VECTOR('',#13459,1.);
#13459 = DIRECTION('',(0.,0.,1.));
#13460 = ORIENTED_EDGE('',*,*,#5387,.T.);
#13461 = ORIENTED_EDGE('',*,*,#13421,.F.);
#13462 = ORIENTED_EDGE('',*,*,#1399,.F.);
#13463 = PLANE('',#13464);
#13464 = AXIS2_PLACEMENT_3D('',#13465,#13466,#13467);
#13465 = CARTESIAN_POINT('',(173.095033,-140.833115,0.));
#13466 = DIRECTION('',(3.50670958779E-02,-0.999384960256,0.));
#13467 = DIRECTION('',(-0.999384960256,-3.50670958779E-02,0.));
#13468 = ADVANCED_FACE('',(#13469),#13480,.T.);
#13469 = FACE_BOUND('',#13470,.T.);
#13470 = EDGE_LOOP('',(#13471,#13472,#13473,#13479));
#13471 = ORIENTED_EDGE('',*,*,#13440,.T.);
#13472 = ORIENTED_EDGE('',*,*,#6027,.T.);
#13473 = ORIENTED_EDGE('',*,*,#13474,.F.);
#13474 = EDGE_CURVE('',#2032,#6020,#13475,.T.);
#13475 = LINE('',#13476,#13477);
#13476 = CARTESIAN_POINT('',(221.147158,-107.632826,0.));
#13477 = VECTOR('',#13478,1.);
#13478 = DIRECTION('',(0.,0.,1.));
#13479 = ORIENTED_EDGE('',*,*,#2039,.F.);
#13480 = PLANE('',#13481);
#13481 = AXIS2_PLACEMENT_3D('',#13482,#13483,#13484);
#13482 = CARTESIAN_POINT('',(221.129478,-106.603223,0.));
#13483 = DIRECTION('',(0.999852599521,1.716913602574E-02,-0.));
#13484 = DIRECTION('',(1.716913602574E-02,-0.999852599521,0.));
#13485 = ADVANCED_FACE('',(#13486),#13497,.T.);
#13486 = FACE_BOUND('',#13487,.T.);
#13487 = EDGE_LOOP('',(#13488,#13494,#13495,#13496));
#13488 = ORIENTED_EDGE('',*,*,#13489,.T.);
#13489 = EDGE_CURVE('',#1408,#5396,#13490,.T.);
#13490 = LINE('',#13491,#13492);
#13491 = CARTESIAN_POINT('',(175.343687,-140.734626,0.));
#13492 = VECTOR('',#13493,1.);
#13493 = DIRECTION('',(0.,0.,1.));
#13494 = ORIENTED_EDGE('',*,*,#5395,.T.);
#13495 = ORIENTED_EDGE('',*,*,#13455,.F.);
#13496 = ORIENTED_EDGE('',*,*,#1407,.F.);
#13497 = PLANE('',#13498);
#13498 = AXIS2_PLACEMENT_3D('',#13499,#13500,#13501);
#13499 = CARTESIAN_POINT('',(175.343687,-140.734626,0.));
#13500 = DIRECTION('',(4.375713960739E-02,-0.999042197674,0.));
#13501 = DIRECTION('',(-0.999042197674,-4.375713960739E-02,0.));
#13502 = ADVANCED_FACE('',(#13503),#13514,.T.);
#13503 = FACE_BOUND('',#13504,.T.);
#13504 = EDGE_LOOP('',(#13505,#13506,#13507,#13513));
#13505 = ORIENTED_EDGE('',*,*,#13474,.T.);
#13506 = ORIENTED_EDGE('',*,*,#6019,.T.);
#13507 = ORIENTED_EDGE('',*,*,#13508,.F.);
#13508 = EDGE_CURVE('',#2024,#6012,#13509,.T.);
#13509 = LINE('',#13510,#13511);
#13510 = CARTESIAN_POINT('',(221.139833,-108.671011,0.));
#13511 = VECTOR('',#13512,1.);
#13512 = DIRECTION('',(0.,0.,1.));
#13513 = ORIENTED_EDGE('',*,*,#2031,.F.);
#13514 = PLANE('',#13515);
#13515 = AXIS2_PLACEMENT_3D('',#13516,#13517,#13518);
#13516 = CARTESIAN_POINT('',(221.147158,-107.632826,0.));
#13517 = DIRECTION('',(0.999975110307,-7.055406967906E-03,0.));
#13518 = DIRECTION('',(-7.055406967906E-03,-0.999975110307,0.));
#13519 = ADVANCED_FACE('',(#13520),#13531,.T.);
#13520 = FACE_BOUND('',#13521,.T.);
#13521 = EDGE_LOOP('',(#13522,#13528,#13529,#13530));
#13522 = ORIENTED_EDGE('',*,*,#13523,.T.);
#13523 = EDGE_CURVE('',#1416,#5404,#13524,.T.);
#13524 = LINE('',#13525,#13526);
#13525 = CARTESIAN_POINT('',(177.462963,-140.622481,0.));
#13526 = VECTOR('',#13527,1.);
#13527 = DIRECTION('',(0.,0.,1.));
#13528 = ORIENTED_EDGE('',*,*,#5403,.T.);
#13529 = ORIENTED_EDGE('',*,*,#13489,.F.);
#13530 = ORIENTED_EDGE('',*,*,#1415,.F.);
#13531 = PLANE('',#13532);
#13532 = AXIS2_PLACEMENT_3D('',#13533,#13534,#13535);
#13533 = CARTESIAN_POINT('',(177.462963,-140.622481,0.));
#13534 = DIRECTION('',(5.284272379115E-02,-0.998602847253,0.));
#13535 = DIRECTION('',(-0.998602847253,-5.284272379115E-02,0.));
#13536 = ADVANCED_FACE('',(#13537),#13548,.T.);
#13537 = FACE_BOUND('',#13538,.T.);
#13538 = EDGE_LOOP('',(#13539,#13540,#13541,#13547));
#13539 = ORIENTED_EDGE('',*,*,#13508,.T.);
#13540 = ORIENTED_EDGE('',*,*,#6011,.T.);
#13541 = ORIENTED_EDGE('',*,*,#13542,.F.);
#13542 = EDGE_CURVE('',#2016,#6004,#13543,.T.);
#13543 = LINE('',#13544,#13545);
#13544 = CARTESIAN_POINT('',(221.105929,-109.716293,0.));
#13545 = VECTOR('',#13546,1.);
#13546 = DIRECTION('',(0.,0.,1.));
#13547 = ORIENTED_EDGE('',*,*,#2023,.F.);
#13548 = PLANE('',#13549);
#13549 = AXIS2_PLACEMENT_3D('',#13550,#13551,#13552);
#13550 = CARTESIAN_POINT('',(221.139833,-108.671011,0.));
#13551 = DIRECTION('',(0.999474391438,-3.241821801899E-02,0.));
#13552 = DIRECTION('',(-3.241821801899E-02,-0.999474391438,0.));
#13553 = ADVANCED_FACE('',(#13554),#13565,.T.);
#13554 = FACE_BOUND('',#13555,.T.);
#13555 = EDGE_LOOP('',(#13556,#13562,#13563,#13564));
#13556 = ORIENTED_EDGE('',*,*,#13557,.T.);
#13557 = EDGE_CURVE('',#1424,#5412,#13558,.T.);
#13558 = LINE('',#13559,#13560);
#13559 = CARTESIAN_POINT('',(179.456735,-140.497935,0.));
#13560 = VECTOR('',#13561,1.);
#13561 = DIRECTION('',(0.,0.,1.));
#13562 = ORIENTED_EDGE('',*,*,#5411,.T.);
#13563 = ORIENTED_EDGE('',*,*,#13523,.F.);
#13564 = ORIENTED_EDGE('',*,*,#1423,.F.);
#13565 = PLANE('',#13566);
#13566 = AXIS2_PLACEMENT_3D('',#13567,#13568,#13569);
#13567 = CARTESIAN_POINT('',(179.456735,-140.497935,0.));
#13568 = DIRECTION('',(6.234599929149E-02,-0.998054595888,0.));
#13569 = DIRECTION('',(-0.998054595888,-6.234599929149E-02,0.));
#13570 = ADVANCED_FACE('',(#13571),#13582,.T.);
#13571 = FACE_BOUND('',#13572,.T.);
#13572 = EDGE_LOOP('',(#13573,#13574,#13575,#13581));
#13573 = ORIENTED_EDGE('',*,*,#13542,.T.);
#13574 = ORIENTED_EDGE('',*,*,#6003,.T.);
#13575 = ORIENTED_EDGE('',*,*,#13576,.F.);
#13576 = EDGE_CURVE('',#2008,#5996,#13577,.T.);
#13577 = LINE('',#13578,#13579);
#13578 = CARTESIAN_POINT('',(221.043873,-110.767189,0.));
#13579 = VECTOR('',#13580,1.);
#13580 = DIRECTION('',(0.,0.,1.));
#13581 = ORIENTED_EDGE('',*,*,#2015,.F.);
#13582 = PLANE('',#13583);
#13583 = AXIS2_PLACEMENT_3D('',#13584,#13585,#13586);
#13584 = CARTESIAN_POINT('',(221.105929,-109.716293,0.));
#13585 = DIRECTION('',(0.998261061928,-5.894787729617E-02,0.));
#13586 = DIRECTION('',(-5.894787729617E-02,-0.998261061928,0.));
#13587 = ADVANCED_FACE('',(#13588),#13599,.T.);
#13588 = FACE_BOUND('',#13589,.T.);
#13589 = EDGE_LOOP('',(#13590,#13596,#13597,#13598));
#13590 = ORIENTED_EDGE('',*,*,#13591,.T.);
#13591 = EDGE_CURVE('',#1432,#5420,#13592,.T.);
#13592 = LINE('',#13593,#13594);
#13593 = CARTESIAN_POINT('',(181.328877,-140.362242,0.));
#13594 = VECTOR('',#13595,1.);
#13595 = DIRECTION('',(0.,0.,1.));
#13596 = ORIENTED_EDGE('',*,*,#5419,.T.);
#13597 = ORIENTED_EDGE('',*,*,#13557,.F.);
#13598 = ORIENTED_EDGE('',*,*,#1431,.F.);
#13599 = PLANE('',#13600);
#13600 = AXIS2_PLACEMENT_3D('',#13601,#13602,#13603);
#13601 = CARTESIAN_POINT('',(181.328877,-140.362242,0.));
#13602 = DIRECTION('',(7.229044376811E-02,-0.997383623156,0.));
#13603 = DIRECTION('',(-0.997383623156,-7.229044376811E-02,0.));
#13604 = ADVANCED_FACE('',(#13605),#13616,.T.);
#13605 = FACE_BOUND('',#13606,.T.);
#13606 = EDGE_LOOP('',(#13607,#13608,#13609,#13615));
#13607 = ORIENTED_EDGE('',*,*,#13576,.T.);
#13608 = ORIENTED_EDGE('',*,*,#5995,.T.);
#13609 = ORIENTED_EDGE('',*,*,#13610,.F.);
#13610 = EDGE_CURVE('',#2000,#5988,#13611,.T.);
#13611 = LINE('',#13612,#13613);
#13612 = CARTESIAN_POINT('',(220.952091,-111.822216,0.));
#13613 = VECTOR('',#13614,1.);
#13614 = DIRECTION('',(0.,0.,1.));
#13615 = ORIENTED_EDGE('',*,*,#2007,.F.);
#13616 = PLANE('',#13617);
#13617 = AXIS2_PLACEMENT_3D('',#13618,#13619,#13620);
#13618 = CARTESIAN_POINT('',(221.043873,-110.767189,0.));
#13619 = DIRECTION('',(0.996237285161,-8.666759287361E-02,0.));
#13620 = DIRECTION('',(-8.666759287361E-02,-0.996237285161,0.));
#13621 = ADVANCED_FACE('',(#13622),#13633,.T.);
#13622 = FACE_BOUND('',#13623,.T.);
#13623 = EDGE_LOOP('',(#13624,#13630,#13631,#13632));
#13624 = ORIENTED_EDGE('',*,*,#13625,.T.);
#13625 = EDGE_CURVE('',#1440,#5428,#13626,.T.);
#13626 = LINE('',#13627,#13628);
#13627 = CARTESIAN_POINT('',(183.083263,-140.216658,0.));
#13628 = VECTOR('',#13629,1.);
#13629 = DIRECTION('',(0.,0.,1.));
#13630 = ORIENTED_EDGE('',*,*,#5427,.T.);
#13631 = ORIENTED_EDGE('',*,*,#13591,.F.);
#13632 = ORIENTED_EDGE('',*,*,#1439,.F.);
#13633 = PLANE('',#13634);
#13634 = AXIS2_PLACEMENT_3D('',#13635,#13636,#13637);
#13635 = CARTESIAN_POINT('',(183.083263,-140.216658,0.));
#13636 = DIRECTION('',(8.269862893077E-02,-0.99657460171,0.));
#13637 = DIRECTION('',(-0.99657460171,-8.269862893077E-02,0.));
#13638 = ADVANCED_FACE('',(#13639),#13650,.T.);
#13639 = FACE_BOUND('',#13640,.T.);
#13640 = EDGE_LOOP('',(#13641,#13642,#13643,#13649));
#13641 = ORIENTED_EDGE('',*,*,#13610,.T.);
#13642 = ORIENTED_EDGE('',*,*,#5987,.T.);
#13643 = ORIENTED_EDGE('',*,*,#13644,.F.);
#13644 = EDGE_CURVE('',#1992,#5980,#13645,.T.);
#13645 = LINE('',#13646,#13647);
#13646 = CARTESIAN_POINT('',(220.82901,-112.87989,0.));
#13647 = VECTOR('',#13648,1.);
#13648 = DIRECTION('',(0.,0.,1.));
#13649 = ORIENTED_EDGE('',*,*,#1999,.F.);
#13650 = PLANE('',#13651);
#13651 = AXIS2_PLACEMENT_3D('',#13652,#13653,#13654);
#13652 = CARTESIAN_POINT('',(220.952091,-111.822216,0.));
#13653 = DIRECTION('',(0.993297070435,-0.115589488563,0.));
#13654 = DIRECTION('',(-0.115589488563,-0.993297070435,0.));
#13655 = ADVANCED_FACE('',(#13656),#13667,.T.);
#13656 = FACE_BOUND('',#13657,.T.);
#13657 = EDGE_LOOP('',(#13658,#13664,#13665,#13666));
#13658 = ORIENTED_EDGE('',*,*,#13659,.T.);
#13659 = EDGE_CURVE('',#1448,#5436,#13660,.T.);
#13660 = LINE('',#13661,#13662);
#13661 = CARTESIAN_POINT('',(184.723767,-140.062436,0.));
#13662 = VECTOR('',#13663,1.);
#13663 = DIRECTION('',(0.,0.,1.));
#13664 = ORIENTED_EDGE('',*,*,#5435,.T.);
#13665 = ORIENTED_EDGE('',*,*,#13625,.F.);
#13666 = ORIENTED_EDGE('',*,*,#1447,.F.);
#13667 = PLANE('',#13668);
#13668 = AXIS2_PLACEMENT_3D('',#13669,#13670,#13671);
#13669 = CARTESIAN_POINT('',(184.723767,-140.062436,0.));
#13670 = DIRECTION('',(9.359623749436E-02,-0.995610237155,0.));
#13671 = DIRECTION('',(-0.995610237155,-9.359623749436E-02,0.));
#13672 = ADVANCED_FACE('',(#13673),#13684,.T.);
#13673 = FACE_BOUND('',#13674,.T.);
#13674 = EDGE_LOOP('',(#13675,#13676,#13677,#13683));
#13675 = ORIENTED_EDGE('',*,*,#13644,.T.);
#13676 = ORIENTED_EDGE('',*,*,#5979,.T.);
#13677 = ORIENTED_EDGE('',*,*,#13678,.F.);
#13678 = EDGE_CURVE('',#1984,#5972,#13679,.T.);
#13679 = LINE('',#13680,#13681);
#13680 = CARTESIAN_POINT('',(220.673057,-113.938729,0.));
#13681 = VECTOR('',#13682,1.);
#13682 = DIRECTION('',(0.,0.,1.));
#13683 = ORIENTED_EDGE('',*,*,#1991,.F.);
#13684 = PLANE('',#13685);
#13685 = AXIS2_PLACEMENT_3D('',#13686,#13687,#13688);
#13686 = CARTESIAN_POINT('',(220.82901,-112.87989,0.));
#13687 = DIRECTION('',(0.989326645816,-0.145714748319,0.));
#13688 = DIRECTION('',(-0.145714748319,-0.989326645816,0.));
#13689 = ADVANCED_FACE('',(#13690),#13701,.T.);
#13690 = FACE_BOUND('',#13691,.T.);
#13691 = EDGE_LOOP('',(#13692,#13698,#13699,#13700));
#13692 = ORIENTED_EDGE('',*,*,#13693,.T.);
#13693 = EDGE_CURVE('',#1456,#5444,#13694,.T.);
#13694 = LINE('',#13695,#13696);
#13695 = CARTESIAN_POINT('',(186.254265,-139.900832,0.));
#13696 = VECTOR('',#13697,1.);
#13697 = DIRECTION('',(0.,0.,1.));
#13698 = ORIENTED_EDGE('',*,*,#5443,.T.);
#13699 = ORIENTED_EDGE('',*,*,#13659,.F.);
#13700 = ORIENTED_EDGE('',*,*,#1455,.F.);
#13701 = PLANE('',#13702);
#13702 = AXIS2_PLACEMENT_3D('',#13703,#13704,#13705);
#13703 = CARTESIAN_POINT('',(186.254265,-139.900832,0.));
#13704 = DIRECTION('',(0.105005427209,-0.994471648795,0.));
#13705 = DIRECTION('',(-0.994471648795,-0.105005427209,0.));
#13706 = ADVANCED_FACE('',(#13707),#13718,.T.);
#13707 = FACE_BOUND('',#13708,.T.);
#13708 = EDGE_LOOP('',(#13709,#13710,#13711,#13717));
#13709 = ORIENTED_EDGE('',*,*,#13678,.T.);
#13710 = ORIENTED_EDGE('',*,*,#5971,.T.);
#13711 = ORIENTED_EDGE('',*,*,#13712,.F.);
#13712 = EDGE_CURVE('',#1976,#5964,#13713,.T.);
#13713 = LINE('',#13714,#13715);
#13714 = CARTESIAN_POINT('',(220.482657,-114.997247,0.));
#13715 = VECTOR('',#13716,1.);
#13716 = DIRECTION('',(0.,0.,1.));
#13717 = ORIENTED_EDGE('',*,*,#1983,.F.);
#13718 = PLANE('',#13719);
#13719 = AXIS2_PLACEMENT_3D('',#13720,#13721,#13722);
#13720 = CARTESIAN_POINT('',(220.673057,-113.938729,0.));
#13721 = DIRECTION('',(0.984204916293,-0.177032999025,0.));
#13722 = DIRECTION('',(-0.177032999025,-0.984204916293,0.));
#13723 = ADVANCED_FACE('',(#13724),#13735,.T.);
#13724 = FACE_BOUND('',#13725,.T.);
#13725 = EDGE_LOOP('',(#13726,#13732,#13733,#13734));
#13726 = ORIENTED_EDGE('',*,*,#13727,.T.);
#13727 = EDGE_CURVE('',#1464,#5452,#13728,.T.);
#13728 = LINE('',#13729,#13730);
#13729 = CARTESIAN_POINT('',(187.678629,-139.733101,0.));
#13730 = VECTOR('',#13731,1.);
#13731 = DIRECTION('',(0.,0.,1.));
#13732 = ORIENTED_EDGE('',*,*,#5451,.T.);
#13733 = ORIENTED_EDGE('',*,*,#13693,.F.);
#13734 = ORIENTED_EDGE('',*,*,#1463,.F.);
#13735 = PLANE('',#13736);
#13736 = AXIS2_PLACEMENT_3D('',#13737,#13738,#13739);
#13737 = CARTESIAN_POINT('',(187.678629,-139.733101,0.));
#13738 = DIRECTION('',(0.116950434302,-0.99313775274,0.));
#13739 = DIRECTION('',(-0.99313775274,-0.116950434302,0.));
#13740 = ADVANCED_FACE('',(#13741),#13752,.T.);
#13741 = FACE_BOUND('',#13742,.T.);
#13742 = EDGE_LOOP('',(#13743,#13744,#13745,#13751));
#13743 = ORIENTED_EDGE('',*,*,#13712,.T.);
#13744 = ORIENTED_EDGE('',*,*,#5963,.T.);
#13745 = ORIENTED_EDGE('',*,*,#13746,.F.);
#13746 = EDGE_CURVE('',#1968,#5956,#13747,.T.);
#13747 = LINE('',#13748,#13749);
#13748 = CARTESIAN_POINT('',(220.256238,-116.053963,0.));
#13749 = VECTOR('',#13750,1.);
#13750 = DIRECTION('',(0.,0.,1.));
#13751 = ORIENTED_EDGE('',*,*,#1975,.F.);
#13752 = PLANE('',#13753);
#13753 = AXIS2_PLACEMENT_3D('',#13754,#13755,#13756);
#13754 = CARTESIAN_POINT('',(220.482657,-114.997247,0.));
#13755 = DIRECTION('',(0.977806232575,-0.209511268282,0.));
#13756 = DIRECTION('',(-0.209511268282,-0.977806232575,0.));
#13757 = ADVANCED_FACE('',(#13758),#13769,.T.);
#13758 = FACE_BOUND('',#13759,.T.);
#13759 = EDGE_LOOP('',(#13760,#13766,#13767,#13768));
#13760 = ORIENTED_EDGE('',*,*,#13761,.T.);
#13761 = EDGE_CURVE('',#1472,#5460,#13762,.T.);
#13762 = LINE('',#13763,#13764);
#13763 = CARTESIAN_POINT('',(189.000736,-139.560497,0.));
#13764 = VECTOR('',#13765,1.);
#13765 = DIRECTION('',(0.,0.,1.));
#13766 = ORIENTED_EDGE('',*,*,#5459,.T.);
#13767 = ORIENTED_EDGE('',*,*,#13727,.F.);
#13768 = ORIENTED_EDGE('',*,*,#1471,.F.);
#13769 = PLANE('',#13770);
#13770 = AXIS2_PLACEMENT_3D('',#13771,#13772,#13773);
#13771 = CARTESIAN_POINT('',(189.000736,-139.560497,0.));
#13772 = DIRECTION('',(0.129453681485,-0.991585470018,0.));
#13773 = DIRECTION('',(-0.991585470018,-0.129453681485,0.));
#13774 = ADVANCED_FACE('',(#13775),#13786,.T.);
#13775 = FACE_BOUND('',#13776,.T.);
#13776 = EDGE_LOOP('',(#13777,#13778,#13779,#13785));
#13777 = ORIENTED_EDGE('',*,*,#13746,.T.);
#13778 = ORIENTED_EDGE('',*,*,#5955,.T.);
#13779 = ORIENTED_EDGE('',*,*,#13780,.F.);
#13780 = EDGE_CURVE('',#1960,#5948,#13781,.T.);
#13781 = LINE('',#13782,#13783);
#13782 = CARTESIAN_POINT('',(219.992226,-117.107392,0.));
#13783 = VECTOR('',#13784,1.);
#13784 = DIRECTION('',(0.,0.,1.));
#13785 = ORIENTED_EDGE('',*,*,#1967,.F.);
#13786 = PLANE('',#13787);
#13787 = AXIS2_PLACEMENT_3D('',#13788,#13789,#13790);
#13788 = CARTESIAN_POINT('',(220.256238,-116.053963,0.));
#13789 = DIRECTION('',(0.97000047639,-0.243103014795,0.));
#13790 = DIRECTION('',(-0.243103014795,-0.97000047639,0.));
#13791 = ADVANCED_FACE('',(#13792),#13803,.T.);
#13792 = FACE_BOUND('',#13793,.T.);
#13793 = EDGE_LOOP('',(#13794,#13800,#13801,#13802));
#13794 = ORIENTED_EDGE('',*,*,#13795,.T.);
#13795 = EDGE_CURVE('',#1480,#5468,#13796,.T.);
#13796 = LINE('',#13797,#13798);
#13797 = CARTESIAN_POINT('',(190.224458,-139.384275,0.));
#13798 = VECTOR('',#13799,1.);
#13799 = DIRECTION('',(0.,0.,1.));
#13800 = ORIENTED_EDGE('',*,*,#5467,.T.);
#13801 = ORIENTED_EDGE('',*,*,#13761,.F.);
#13802 = ORIENTED_EDGE('',*,*,#1479,.F.);
#13803 = PLANE('',#13804);
#13804 = AXIS2_PLACEMENT_3D('',#13805,#13806,#13807);
#13805 = CARTESIAN_POINT('',(190.224458,-139.384275,0.));
#13806 = DIRECTION('',(0.142534612714,-0.989789818183,0.));
#13807 = DIRECTION('',(-0.989789818183,-0.142534612714,0.));
#13808 = ADVANCED_FACE('',(#13809),#13820,.T.);
#13809 = FACE_BOUND('',#13810,.T.);
#13810 = EDGE_LOOP('',(#13811,#13812,#13813,#13819));
#13811 = ORIENTED_EDGE('',*,*,#13780,.T.);
#13812 = ORIENTED_EDGE('',*,*,#5947,.T.);
#13813 = ORIENTED_EDGE('',*,*,#13814,.F.);
#13814 = EDGE_CURVE('',#1952,#5940,#13815,.T.);
#13815 = LINE('',#13816,#13817);
#13816 = CARTESIAN_POINT('',(219.845631,-117.63241,0.));
#13817 = VECTOR('',#13818,1.);
#13818 = DIRECTION('',(0.,0.,1.));
#13819 = ORIENTED_EDGE('',*,*,#1959,.F.);
#13820 = PLANE('',#13821);
#13821 = AXIS2_PLACEMENT_3D('',#13822,#13823,#13824);
#13822 = CARTESIAN_POINT('',(219.992226,-117.107392,0.));
#13823 = DIRECTION('',(0.963159078751,-0.268932313082,0.));
#13824 = DIRECTION('',(-0.268932313082,-0.963159078751,0.));
#13825 = ADVANCED_FACE('',(#13826),#13837,.T.);
#13826 = FACE_BOUND('',#13827,.T.);
#13827 = EDGE_LOOP('',(#13828,#13834,#13835,#13836));
#13828 = ORIENTED_EDGE('',*,*,#13829,.T.);
#13829 = EDGE_CURVE('',#1488,#5476,#13830,.T.);
#13830 = LINE('',#13831,#13832);
#13831 = CARTESIAN_POINT('',(191.353671,-139.20569,0.));
#13832 = VECTOR('',#13833,1.);
#13833 = DIRECTION('',(0.,0.,1.));
#13834 = ORIENTED_EDGE('',*,*,#5475,.T.);
#13835 = ORIENTED_EDGE('',*,*,#13795,.F.);
#13836 = ORIENTED_EDGE('',*,*,#1487,.F.);
#13837 = PLANE('',#13838);
#13838 = AXIS2_PLACEMENT_3D('',#13839,#13840,#13841);
#13839 = CARTESIAN_POINT('',(191.353671,-139.20569,0.));
#13840 = DIRECTION('',(0.156208534648,-0.987724097966,0.));
#13841 = DIRECTION('',(-0.987724097966,-0.156208534648,0.));
#13842 = ADVANCED_FACE('',(#13843),#13854,.T.);
#13843 = FACE_BOUND('',#13844,.T.);
#13844 = EDGE_LOOP('',(#13845,#13846,#13847,#13853));
#13845 = ORIENTED_EDGE('',*,*,#13814,.T.);
#13846 = ORIENTED_EDGE('',*,*,#5939,.T.);
#13847 = ORIENTED_EDGE('',*,*,#13848,.F.);
#13848 = EDGE_CURVE('',#1944,#5932,#13849,.T.);
#13849 = LINE('',#13850,#13851);
#13850 = CARTESIAN_POINT('',(219.689048,-118.156051,0.));
#13851 = VECTOR('',#13852,1.);
#13852 = DIRECTION('',(0.,0.,1.));
#13853 = ORIENTED_EDGE('',*,*,#1951,.F.);
#13854 = PLANE('',#13855);
#13855 = AXIS2_PLACEMENT_3D('',#13856,#13857,#13858);
#13856 = CARTESIAN_POINT('',(219.845631,-117.63241,0.));
#13857 = DIRECTION('',(0.958082374333,-0.286492869008,0.));
#13858 = DIRECTION('',(-0.286492869008,-0.958082374333,0.));
#13859 = ADVANCED_FACE('',(#13860),#13871,.T.);
#13860 = FACE_BOUND('',#13861,.T.);
#13861 = EDGE_LOOP('',(#13862,#13868,#13869,#13870));
#13862 = ORIENTED_EDGE('',*,*,#13863,.T.);
#13863 = EDGE_CURVE('',#1496,#5484,#13864,.T.);
#13864 = LINE('',#13865,#13866);
#13865 = CARTESIAN_POINT('',(192.392248,-139.025997,0.));
#13866 = VECTOR('',#13867,1.);
#13867 = DIRECTION('',(0.,0.,1.));
#13868 = ORIENTED_EDGE('',*,*,#5483,.T.);
#13869 = ORIENTED_EDGE('',*,*,#13829,.F.);
#13870 = ORIENTED_EDGE('',*,*,#1495,.F.);
#13871 = PLANE('',#13872);
#13872 = AXIS2_PLACEMENT_3D('',#13873,#13874,#13875);
#13873 = CARTESIAN_POINT('',(192.392248,-139.025997,0.));
#13874 = DIRECTION('',(0.170485508039,-0.985360183663,0.));
#13875 = DIRECTION('',(-0.985360183663,-0.170485508039,0.));
#13876 = ADVANCED_FACE('',(#13877),#13888,.T.);
#13877 = FACE_BOUND('',#13878,.T.);
#13878 = EDGE_LOOP('',(#13879,#13880,#13881,#13887));
#13879 = ORIENTED_EDGE('',*,*,#13848,.T.);
#13880 = ORIENTED_EDGE('',*,*,#5931,.T.);
#13881 = ORIENTED_EDGE('',*,*,#13882,.F.);
#13882 = EDGE_CURVE('',#1936,#5924,#13883,.T.);
#13883 = LINE('',#13884,#13885);
#13884 = CARTESIAN_POINT('',(219.522279,-118.678128,0.));
#13885 = VECTOR('',#13886,1.);
#13886 = DIRECTION('',(0.,0.,1.));
#13887 = ORIENTED_EDGE('',*,*,#1943,.F.);
#13888 = PLANE('',#13889);
#13889 = AXIS2_PLACEMENT_3D('',#13890,#13891,#13892);
#13890 = CARTESIAN_POINT('',(219.689048,-118.156051,0.));
#13891 = DIRECTION('',(0.952580603252,-0.304286368915,0.));
#13892 = DIRECTION('',(-0.304286368915,-0.952580603252,0.));
#13893 = ADVANCED_FACE('',(#13894),#13905,.T.);
#13894 = FACE_BOUND('',#13895,.T.);
#13895 = EDGE_LOOP('',(#13896,#13902,#13903,#13904));
#13896 = ORIENTED_EDGE('',*,*,#13897,.T.);
#13897 = EDGE_CURVE('',#1504,#5492,#13898,.T.);
#13898 = LINE('',#13899,#13900);
#13899 = CARTESIAN_POINT('',(193.344064,-138.84645,0.));
#13900 = VECTOR('',#13901,1.);
#13901 = DIRECTION('',(0.,0.,1.));
#13902 = ORIENTED_EDGE('',*,*,#5491,.T.);
#13903 = ORIENTED_EDGE('',*,*,#13863,.F.);
#13904 = ORIENTED_EDGE('',*,*,#1503,.F.);
#13905 = PLANE('',#13906);
#13906 = AXIS2_PLACEMENT_3D('',#13907,#13908,#13909);
#13907 = CARTESIAN_POINT('',(193.344064,-138.84645,0.));
#13908 = DIRECTION('',(0.185367060358,-0.982669350766,0.));
#13909 = DIRECTION('',(-0.982669350766,-0.185367060358,0.));
#13910 = ADVANCED_FACE('',(#13911),#13922,.T.);
#13911 = FACE_BOUND('',#13912,.T.);
#13912 = EDGE_LOOP('',(#13913,#13914,#13915,#13921));
#13913 = ORIENTED_EDGE('',*,*,#13882,.T.);
#13914 = ORIENTED_EDGE('',*,*,#5923,.T.);
#13915 = ORIENTED_EDGE('',*,*,#13916,.F.);
#13916 = EDGE_CURVE('',#1928,#5916,#13917,.T.);
#13917 = LINE('',#13918,#13919);
#13918 = CARTESIAN_POINT('',(219.345129,-119.198456,0.));
#13919 = VECTOR('',#13920,1.);
#13920 = DIRECTION('',(0.,0.,1.));
#13921 = ORIENTED_EDGE('',*,*,#1935,.F.);
#13922 = PLANE('',#13923);
#13923 = AXIS2_PLACEMENT_3D('',#13924,#13925,#13926);
#13924 = CARTESIAN_POINT('',(219.522279,-118.678128,0.));
#13925 = DIRECTION('',(0.946640434872,-0.322291618052,0.));
#13926 = DIRECTION('',(-0.322291618052,-0.946640434872,0.));
#13927 = ADVANCED_FACE('',(#13928),#13939,.T.);
#13928 = FACE_BOUND('',#13929,.T.);
#13929 = EDGE_LOOP('',(#13930,#13936,#13937,#13938));
#13930 = ORIENTED_EDGE('',*,*,#13931,.T.);
#13931 = EDGE_CURVE('',#1512,#5500,#13932,.T.);
#13932 = LINE('',#13933,#13934);
#13933 = CARTESIAN_POINT('',(194.212993,-138.668303,0.));
#13934 = VECTOR('',#13935,1.);
#13935 = DIRECTION('',(0.,0.,1.));
#13936 = ORIENTED_EDGE('',*,*,#5499,.T.);
#13937 = ORIENTED_EDGE('',*,*,#13897,.F.);
#13938 = ORIENTED_EDGE('',*,*,#1511,.F.);
#13939 = PLANE('',#13940);
#13940 = AXIS2_PLACEMENT_3D('',#13941,#13942,#13943);
#13941 = CARTESIAN_POINT('',(194.212993,-138.668303,0.));
#13942 = DIRECTION('',(0.200841531439,-0.979623743715,0.));
#13943 = DIRECTION('',(-0.979623743715,-0.200841531439,0.));
#13944 = ADVANCED_FACE('',(#13945),#13956,.T.);
#13945 = FACE_BOUND('',#13946,.T.);
#13946 = EDGE_LOOP('',(#13947,#13948,#13949,#13955));
#13947 = ORIENTED_EDGE('',*,*,#13916,.T.);
#13948 = ORIENTED_EDGE('',*,*,#5915,.T.);
#13949 = ORIENTED_EDGE('',*,*,#13950,.F.);
#13950 = EDGE_CURVE('',#1920,#5908,#13951,.T.);
#13951 = LINE('',#13952,#13953);
#13952 = CARTESIAN_POINT('',(219.157401,-119.71685,0.));
#13953 = VECTOR('',#13954,1.);
#13954 = DIRECTION('',(0.,0.,1.));
#13955 = ORIENTED_EDGE('',*,*,#1927,.F.);
#13956 = PLANE('',#13957);
#13957 = AXIS2_PLACEMENT_3D('',#13958,#13959,#13960);
#13958 = CARTESIAN_POINT('',(219.345129,-119.198456,0.));
#13959 = DIRECTION('',(0.940246328361,-0.340494995564,0.));
#13960 = DIRECTION('',(-0.340494995564,-0.940246328361,0.));
#13961 = ADVANCED_FACE('',(#13962),#13973,.T.);
#13962 = FACE_BOUND('',#13963,.T.);
#13963 = EDGE_LOOP('',(#13964,#13970,#13971,#13972));
#13964 = ORIENTED_EDGE('',*,*,#13965,.T.);
#13965 = EDGE_CURVE('',#1520,#5508,#13966,.T.);
#13966 = LINE('',#13967,#13968);
#13967 = CARTESIAN_POINT('',(195.00291,-138.492813,0.));
#13968 = VECTOR('',#13969,1.);
#13969 = DIRECTION('',(0.,0.,1.));
#13970 = ORIENTED_EDGE('',*,*,#5507,.T.);
#13971 = ORIENTED_EDGE('',*,*,#13931,.F.);
#13972 = ORIENTED_EDGE('',*,*,#1519,.F.);
#13973 = PLANE('',#13974);
#13974 = AXIS2_PLACEMENT_3D('',#13975,#13976,#13977);
#13975 = CARTESIAN_POINT('',(195.00291,-138.492813,0.));
#13976 = DIRECTION('',(0.216874976183,-0.976199387782,0.));
#13977 = DIRECTION('',(-0.976199387782,-0.216874976183,0.));
#13978 = ADVANCED_FACE('',(#13979),#13990,.T.);
#13979 = FACE_BOUND('',#13980,.T.);
#13980 = EDGE_LOOP('',(#13981,#13982,#13983,#13989));
#13981 = ORIENTED_EDGE('',*,*,#13950,.T.);
#13982 = ORIENTED_EDGE('',*,*,#5907,.T.);
#13983 = ORIENTED_EDGE('',*,*,#13984,.F.);
#13984 = EDGE_CURVE('',#1912,#5900,#13985,.T.);
#13985 = LINE('',#13986,#13987);
#13986 = CARTESIAN_POINT('',(218.958898,-120.233125,0.));
#13987 = VECTOR('',#13988,1.);
#13988 = DIRECTION('',(0.,0.,1.));
#13989 = ORIENTED_EDGE('',*,*,#1919,.F.);
#13990 = PLANE('',#13991);
#13991 = AXIS2_PLACEMENT_3D('',#13992,#13993,#13994);
#13992 = CARTESIAN_POINT('',(219.157401,-119.71685,0.));
#13993 = DIRECTION('',(0.933384554888,-0.358877796327,0.));
#13994 = DIRECTION('',(-0.358877796327,-0.933384554888,0.));
#13995 = ADVANCED_FACE('',(#13996),#14007,.T.);
#13996 = FACE_BOUND('',#13997,.T.);
#13997 = EDGE_LOOP('',(#13998,#14004,#14005,#14006));
#13998 = ORIENTED_EDGE('',*,*,#13999,.T.);
#13999 = EDGE_CURVE('',#1528,#5516,#14000,.T.);
#14000 = LINE('',#14001,#14002);
#14001 = CARTESIAN_POINT('',(195.717689,-138.321234,0.));
#14002 = VECTOR('',#14003,1.);
#14003 = DIRECTION('',(0.,0.,1.));
#14004 = ORIENTED_EDGE('',*,*,#5515,.T.);
#14005 = ORIENTED_EDGE('',*,*,#13965,.F.);
#14006 = ORIENTED_EDGE('',*,*,#1527,.F.);
#14007 = PLANE('',#14008);
#14008 = AXIS2_PLACEMENT_3D('',#14009,#14010,#14011);
#14009 = CARTESIAN_POINT('',(195.717689,-138.321234,0.));
#14010 = DIRECTION('',(0.233414165257,-0.972377409989,0.));
#14011 = DIRECTION('',(-0.972377409989,-0.233414165257,0.));
#14012 = ADVANCED_FACE('',(#14013),#14024,.T.);
#14013 = FACE_BOUND('',#14014,.T.);
#14014 = EDGE_LOOP('',(#14015,#14016,#14017,#14023));
#14015 = ORIENTED_EDGE('',*,*,#13984,.T.);
#14016 = ORIENTED_EDGE('',*,*,#5899,.T.);
#14017 = ORIENTED_EDGE('',*,*,#14018,.F.);
#14018 = EDGE_CURVE('',#1904,#5892,#14019,.T.);
#14019 = LINE('',#14020,#14021);
#14020 = CARTESIAN_POINT('',(218.749423,-120.747094,0.));
#14021 = VECTOR('',#14022,1.);
#14022 = DIRECTION('',(0.,0.,1.));
#14023 = ORIENTED_EDGE('',*,*,#1911,.F.);
#14024 = PLANE('',#14025);
#14025 = AXIS2_PLACEMENT_3D('',#14026,#14027,#14028);
#14026 = CARTESIAN_POINT('',(218.958898,-120.233125,0.));
#14027 = DIRECTION('',(0.926041847458,-0.377420848332,0.));
#14028 = DIRECTION('',(-0.377420848332,-0.926041847458,0.));
#14029 = ADVANCED_FACE('',(#14030),#14041,.T.);
#14030 = FACE_BOUND('',#14031,.T.);
#14031 = EDGE_LOOP('',(#14032,#14038,#14039,#14040));
#14032 = ORIENTED_EDGE('',*,*,#14033,.T.);
#14033 = EDGE_CURVE('',#1536,#5524,#14034,.T.);
#14034 = LINE('',#14035,#14036);
#14035 = CARTESIAN_POINT('',(196.361204,-138.15482,0.));
#14036 = VECTOR('',#14037,1.);
#14037 = DIRECTION('',(0.,0.,1.));
#14038 = ORIENTED_EDGE('',*,*,#5523,.T.);
#14039 = ORIENTED_EDGE('',*,*,#13999,.F.);
#14040 = ORIENTED_EDGE('',*,*,#1535,.F.);
#14041 = PLANE('',#14042);
#14042 = AXIS2_PLACEMENT_3D('',#14043,#14044,#14045);
#14043 = CARTESIAN_POINT('',(196.361204,-138.15482,0.));
#14044 = DIRECTION('',(0.250365486736,-0.968151394696,0.));
#14045 = DIRECTION('',(-0.968151394696,-0.250365486736,0.));
#14046 = ADVANCED_FACE('',(#14047),#14058,.T.);
#14047 = FACE_BOUND('',#14048,.T.);
#14048 = EDGE_LOOP('',(#14049,#14050,#14051,#14057));
#14049 = ORIENTED_EDGE('',*,*,#14018,.T.);
#14050 = ORIENTED_EDGE('',*,*,#5891,.T.);
#14051 = ORIENTED_EDGE('',*,*,#14052,.F.);
#14052 = EDGE_CURVE('',#1896,#5884,#14053,.T.);
#14053 = LINE('',#14054,#14055);
#14054 = CARTESIAN_POINT('',(218.52878,-121.258573,0.));
#14055 = VECTOR('',#14056,1.);
#14056 = DIRECTION('',(0.,0.,1.));
#14057 = ORIENTED_EDGE('',*,*,#1903,.F.);
#14058 = PLANE('',#14059);
#14059 = AXIS2_PLACEMENT_3D('',#14060,#14061,#14062);
#14060 = CARTESIAN_POINT('',(218.749423,-120.747094,0.));
#14061 = DIRECTION('',(0.918207948308,-0.3960986792,0.));
#14062 = DIRECTION('',(-0.3960986792,-0.918207948308,0.));
#14063 = ADVANCED_FACE('',(#14064),#14075,.T.);
#14064 = FACE_BOUND('',#14065,.T.);
#14065 = EDGE_LOOP('',(#14066,#14072,#14073,#14074));
#14066 = ORIENTED_EDGE('',*,*,#14067,.T.);
#14067 = EDGE_CURVE('',#1544,#5532,#14068,.T.);
#14068 = LINE('',#14069,#14070);
#14069 = CARTESIAN_POINT('',(196.93733,-137.994826,0.));
#14070 = VECTOR('',#14071,1.);
#14071 = DIRECTION('',(0.,0.,1.));
#14072 = ORIENTED_EDGE('',*,*,#5531,.T.);
#14073 = ORIENTED_EDGE('',*,*,#14033,.F.);
#14074 = ORIENTED_EDGE('',*,*,#1543,.F.);
#14075 = PLANE('',#14076);
#14076 = AXIS2_PLACEMENT_3D('',#14077,#14078,#14079);
#14077 = CARTESIAN_POINT('',(196.93733,-137.994826,0.));
#14078 = DIRECTION('',(0.267580205094,-0.963535590335,0.));
#14079 = DIRECTION('',(-0.963535590335,-0.267580205094,0.));
#14080 = ADVANCED_FACE('',(#14081),#14092,.T.);
#14081 = FACE_BOUND('',#14082,.T.);
#14082 = EDGE_LOOP('',(#14083,#14084,#14085,#14091));
#14083 = ORIENTED_EDGE('',*,*,#14052,.T.);
#14084 = ORIENTED_EDGE('',*,*,#5883,.T.);
#14085 = ORIENTED_EDGE('',*,*,#14086,.F.);
#14086 = EDGE_CURVE('',#1888,#5876,#14087,.T.);
#14087 = LINE('',#14088,#14089);
#14088 = CARTESIAN_POINT('',(218.296771,-121.767375,0.));
#14089 = VECTOR('',#14090,1.);
#14090 = DIRECTION('',(0.,0.,1.));
#14091 = ORIENTED_EDGE('',*,*,#1895,.F.);
#14092 = PLANE('',#14093);
#14093 = AXIS2_PLACEMENT_3D('',#14094,#14095,#14096);
#14094 = CARTESIAN_POINT('',(218.52878,-121.258573,0.));
#14095 = DIRECTION('',(0.909870440246,-0.414892494469,0.));
#14096 = DIRECTION('',(-0.414892494469,-0.909870440246,0.));
#14097 = ADVANCED_FACE('',(#14098),#14109,.T.);
#14098 = FACE_BOUND('',#14099,.T.);
#14099 = EDGE_LOOP('',(#14100,#14106,#14107,#14108));
#14100 = ORIENTED_EDGE('',*,*,#14101,.T.);
#14101 = EDGE_CURVE('',#1552,#5540,#14102,.T.);
#14102 = LINE('',#14103,#14104);
#14103 = CARTESIAN_POINT('',(197.90291,-137.699117,0.));
#14104 = VECTOR('',#14105,1.);
#14105 = DIRECTION('',(0.,0.,1.));
#14106 = ORIENTED_EDGE('',*,*,#5539,.T.);
#14107 = ORIENTED_EDGE('',*,*,#14067,.F.);
#14108 = ORIENTED_EDGE('',*,*,#1551,.F.);
#14109 = PLANE('',#14110);
#14110 = AXIS2_PLACEMENT_3D('',#14111,#14112,#14113);
#14111 = CARTESIAN_POINT('',(197.90291,-137.699117,0.));
#14112 = DIRECTION('',(0.292825893469,-0.956165778573,0.));
#14113 = DIRECTION('',(-0.956165778573,-0.292825893469,0.));
#14114 = ADVANCED_FACE('',(#14115),#14126,.T.);
#14115 = FACE_BOUND('',#14116,.T.);
#14116 = EDGE_LOOP('',(#14117,#14118,#14119,#14125));
#14117 = ORIENTED_EDGE('',*,*,#14086,.T.);
#14118 = ORIENTED_EDGE('',*,*,#5875,.T.);
#14119 = ORIENTED_EDGE('',*,*,#14120,.F.);
#14120 = EDGE_CURVE('',#1880,#5868,#14121,.T.);
#14121 = LINE('',#14122,#14123);
#14122 = CARTESIAN_POINT('',(218.053201,-122.273317,0.));
#14123 = VECTOR('',#14124,1.);
#14124 = DIRECTION('',(0.,0.,1.));
#14125 = ORIENTED_EDGE('',*,*,#1887,.F.);
#14126 = PLANE('',#14127);
#14127 = AXIS2_PLACEMENT_3D('',#14128,#14129,#14130);
#14128 = CARTESIAN_POINT('',(218.296771,-121.767375,0.));
#14129 = DIRECTION('',(0.901023737269,-0.433769783269,0.));
#14130 = DIRECTION('',(-0.433769783269,-0.901023737269,0.));
#14131 = ADVANCED_FACE('',(#14132),#14143,.T.);
#14132 = FACE_BOUND('',#14133,.T.);
#14133 = EDGE_LOOP('',(#14134,#14140,#14141,#14142));
#14134 = ORIENTED_EDGE('',*,*,#14135,.T.);
#14135 = EDGE_CURVE('',#1560,#5548,#14136,.T.);
#14136 = LINE('',#14137,#14138);
#14137 = CARTESIAN_POINT('',(198.645424,-137.444147,0.));
#14138 = VECTOR('',#14139,1.);
#14139 = DIRECTION('',(0.,0.,1.));
#14140 = ORIENTED_EDGE('',*,*,#5547,.T.);
#14141 = ORIENTED_EDGE('',*,*,#14101,.F.);
#14142 = ORIENTED_EDGE('',*,*,#1559,.F.);
#14143 = PLANE('',#14144);
#14144 = AXIS2_PLACEMENT_3D('',#14145,#14146,#14147);
#14145 = CARTESIAN_POINT('',(198.645424,-137.444147,0.));
#14146 = DIRECTION('',(0.324773103284,-0.945791959885,0.));
#14147 = DIRECTION('',(-0.945791959885,-0.324773103284,0.));
#14148 = ADVANCED_FACE('',(#14149),#14160,.T.);
#14149 = FACE_BOUND('',#14150,.T.);
#14150 = EDGE_LOOP('',(#14151,#14152,#14153,#14159));
#14151 = ORIENTED_EDGE('',*,*,#14120,.T.);
#14152 = ORIENTED_EDGE('',*,*,#5867,.T.);
#14153 = ORIENTED_EDGE('',*,*,#14154,.F.);
#14154 = EDGE_CURVE('',#1872,#5860,#14155,.T.);
#14155 = LINE('',#14156,#14157);
#14156 = CARTESIAN_POINT('',(217.797873,-122.776211,0.));
#14157 = VECTOR('',#14158,1.);
#14158 = DIRECTION('',(0.,0.,1.));
#14159 = ORIENTED_EDGE('',*,*,#1879,.F.);
#14160 = PLANE('',#14161);
#14161 = AXIS2_PLACEMENT_3D('',#14162,#14163,#14164);
#14162 = CARTESIAN_POINT('',(218.053201,-122.273317,0.));
#14163 = DIRECTION('',(0.891657762346,-0.452710100228,0.));
#14164 = DIRECTION('',(-0.452710100228,-0.891657762346,0.));
#14165 = ADVANCED_FACE('',(#14166),#14177,.T.);
#14166 = FACE_BOUND('',#14167,.T.);
#14167 = EDGE_LOOP('',(#14168,#14174,#14175,#14176));
#14168 = ORIENTED_EDGE('',*,*,#14169,.T.);
#14169 = EDGE_CURVE('',#1568,#5556,#14170,.T.);
#14170 = LINE('',#14171,#14172);
#14171 = CARTESIAN_POINT('',(199.195867,-137.239952,0.));
#14172 = VECTOR('',#14173,1.);
#14173 = DIRECTION('',(0.,0.,1.));
#14174 = ORIENTED_EDGE('',*,*,#5555,.T.);
#14175 = ORIENTED_EDGE('',*,*,#14135,.F.);
#14176 = ORIENTED_EDGE('',*,*,#1567,.F.);
#14177 = PLANE('',#14178);
#14178 = AXIS2_PLACEMENT_3D('',#14179,#14180,#14181);
#14179 = CARTESIAN_POINT('',(199.195867,-137.239952,0.));
#14180 = DIRECTION('',(0.347804432189,-0.937567105305,0.));
#14181 = DIRECTION('',(-0.937567105305,-0.347804432189,0.));
#14182 = ADVANCED_FACE('',(#14183),#14194,.T.);
#14183 = FACE_BOUND('',#14184,.T.);
#14184 = EDGE_LOOP('',(#14185,#14186,#14187,#14193));
#14185 = ORIENTED_EDGE('',*,*,#14154,.T.);
#14186 = ORIENTED_EDGE('',*,*,#5859,.T.);
#14187 = ORIENTED_EDGE('',*,*,#14188,.F.);
#14188 = EDGE_CURVE('',#1864,#5852,#14189,.T.);
#14189 = LINE('',#14190,#14191);
#14190 = CARTESIAN_POINT('',(217.530589,-123.275873,0.));
#14191 = VECTOR('',#14192,1.);
#14192 = DIRECTION('',(0.,0.,1.));
#14193 = ORIENTED_EDGE('',*,*,#1871,.F.);
#14194 = PLANE('',#14195);
#14195 = AXIS2_PLACEMENT_3D('',#14196,#14197,#14198);
#14196 = CARTESIAN_POINT('',(217.797873,-122.776211,0.));
#14197 = DIRECTION('',(0.881767811889,-0.471683713856,0.));
#14198 = DIRECTION('',(-0.471683713856,-0.881767811889,0.));
#14199 = ADVANCED_FACE('',(#14200),#14211,.T.);
#14200 = FACE_BOUND('',#14201,.T.);
#14201 = EDGE_LOOP('',(#14202,#14208,#14209,#14210));
#14202 = ORIENTED_EDGE('',*,*,#14203,.T.);
#14203 = EDGE_CURVE('',#1576,#5564,#14204,.T.);
#14204 = LINE('',#14205,#14206);
#14205 = CARTESIAN_POINT('',(199.548808,-137.109241,0.));
#14206 = VECTOR('',#14207,1.);
#14207 = DIRECTION('',(0.,0.,1.));
#14208 = ORIENTED_EDGE('',*,*,#5563,.T.);
#14209 = ORIENTED_EDGE('',*,*,#14169,.F.);
#14210 = ORIENTED_EDGE('',*,*,#1575,.F.);
#14211 = PLANE('',#14212);
#14212 = AXIS2_PLACEMENT_3D('',#14213,#14214,#14215);
#14213 = CARTESIAN_POINT('',(199.548808,-137.109241,0.));
#14214 = DIRECTION('',(0.34729592359,-0.937755587271,0.));
#14215 = DIRECTION('',(-0.937755587271,-0.34729592359,0.));
#14216 = ADVANCED_FACE('',(#14217),#14228,.T.);
#14217 = FACE_BOUND('',#14218,.T.);
#14218 = EDGE_LOOP('',(#14219,#14220,#14221,#14227));
#14219 = ORIENTED_EDGE('',*,*,#14188,.T.);
#14220 = ORIENTED_EDGE('',*,*,#5851,.T.);
#14221 = ORIENTED_EDGE('',*,*,#14222,.F.);
#14222 = EDGE_CURVE('',#1856,#5844,#14223,.T.);
#14223 = LINE('',#14224,#14225);
#14224 = CARTESIAN_POINT('',(217.251153,-123.772117,0.));
#14225 = VECTOR('',#14226,1.);
#14226 = DIRECTION('',(0.,0.,1.));
#14227 = ORIENTED_EDGE('',*,*,#1863,.F.);
#14228 = PLANE('',#14229);
#14229 = AXIS2_PLACEMENT_3D('',#14230,#14231,#14232);
#14230 = CARTESIAN_POINT('',(217.530589,-123.275873,0.));
#14231 = DIRECTION('',(0.871351296145,-0.490659677074,0.));
#14232 = DIRECTION('',(-0.490659677074,-0.871351296145,0.));
#14233 = ADVANCED_FACE('',(#14234),#14245,.T.);
#14234 = FACE_BOUND('',#14235,.T.);
#14235 = EDGE_LOOP('',(#14236,#14242,#14243,#14244));
#14236 = ORIENTED_EDGE('',*,*,#14237,.T.);
#14237 = EDGE_CURVE('',#1584,#5572,#14238,.T.);
#14238 = LINE('',#14239,#14240);
#14239 = CARTESIAN_POINT('',(199.792672,-137.03441,0.));
#14240 = VECTOR('',#14241,1.);
#14241 = DIRECTION('',(0.,0.,1.));
#14242 = ORIENTED_EDGE('',*,*,#5571,.T.);
#14243 = ORIENTED_EDGE('',*,*,#14203,.F.);
#14244 = ORIENTED_EDGE('',*,*,#1583,.F.);
#14245 = PLANE('',#14246);
#14246 = AXIS2_PLACEMENT_3D('',#14247,#14248,#14249);
#14247 = CARTESIAN_POINT('',(199.792672,-137.03441,0.));
#14248 = DIRECTION('',(0.293354925554,-0.956003602322,0.));
#14249 = DIRECTION('',(-0.956003602322,-0.293354925554,0.));
#14250 = ADVANCED_FACE('',(#14251),#14262,.T.);
#14251 = FACE_BOUND('',#14252,.T.);
#14252 = EDGE_LOOP('',(#14253,#14254,#14255,#14261));
#14253 = ORIENTED_EDGE('',*,*,#14222,.T.);
#14254 = ORIENTED_EDGE('',*,*,#5843,.T.);
#14255 = ORIENTED_EDGE('',*,*,#14256,.F.);
#14256 = EDGE_CURVE('',#1848,#5836,#14257,.T.);
#14257 = LINE('',#14258,#14259);
#14258 = CARTESIAN_POINT('',(216.95937,-124.264759,0.));
#14259 = VECTOR('',#14260,1.);
#14260 = DIRECTION('',(0.,0.,1.));
#14261 = ORIENTED_EDGE('',*,*,#1855,.F.);
#14262 = PLANE('',#14263);
#14263 = AXIS2_PLACEMENT_3D('',#14264,#14265,#14266);
#14264 = CARTESIAN_POINT('',(217.251153,-123.772117,0.));
#14265 = DIRECTION('',(0.860408706773,-0.5096046088,0.));
#14266 = DIRECTION('',(-0.5096046088,-0.860408706773,0.));
#14267 = ADVANCED_FACE('',(#14268),#14279,.T.);
#14268 = FACE_BOUND('',#14269,.T.);
#14269 = EDGE_LOOP('',(#14270,#14276,#14277,#14278));
#14270 = ORIENTED_EDGE('',*,*,#14271,.T.);
#14271 = EDGE_CURVE('',#1592,#5580,#14272,.T.);
#14272 = LINE('',#14273,#14274);
#14273 = CARTESIAN_POINT('',(199.92535,-137.017162,0.));
#14274 = VECTOR('',#14275,1.);
#14275 = DIRECTION('',(0.,0.,1.));
#14276 = ORIENTED_EDGE('',*,*,#5579,.T.);
#14277 = ORIENTED_EDGE('',*,*,#14237,.F.);
#14278 = ORIENTED_EDGE('',*,*,#1591,.F.);
#14279 = PLANE('',#14280);
#14280 = AXIS2_PLACEMENT_3D('',#14281,#14282,#14283);
#14281 = CARTESIAN_POINT('',(199.92535,-137.017162,0.));
#14282 = DIRECTION('',(0.128914201263,-0.991655751112,0.));
#14283 = DIRECTION('',(-0.991655751112,-0.128914201263,0.));
#14284 = ADVANCED_FACE('',(#14285),#14296,.T.);
#14285 = FACE_BOUND('',#14286,.T.);
#14286 = EDGE_LOOP('',(#14287,#14288,#14289,#14295));
#14287 = ORIENTED_EDGE('',*,*,#14256,.T.);
#14288 = ORIENTED_EDGE('',*,*,#5835,.T.);
#14289 = ORIENTED_EDGE('',*,*,#14290,.F.);
#14290 = EDGE_CURVE('',#1840,#5828,#14291,.T.);
#14291 = LINE('',#14292,#14293);
#14292 = CARTESIAN_POINT('',(216.655041,-124.753611,0.));
#14293 = VECTOR('',#14294,1.);
#14294 = DIRECTION('',(0.,0.,1.));
#14295 = ORIENTED_EDGE('',*,*,#1847,.F.);
#14296 = PLANE('',#14297);
#14297 = AXIS2_PLACEMENT_3D('',#14298,#14299,#14300);
#14298 = CARTESIAN_POINT('',(216.95937,-124.264759,0.));
#14299 = DIRECTION('',(0.848936292656,-0.52849519488,0.));
#14300 = DIRECTION('',(-0.52849519488,-0.848936292656,0.));
#14301 = ADVANCED_FACE('',(#14302),#14313,.T.);
#14302 = FACE_BOUND('',#14303,.T.);
#14303 = EDGE_LOOP('',(#14304,#14310,#14311,#14312));
#14304 = ORIENTED_EDGE('',*,*,#14305,.T.);
#14305 = EDGE_CURVE('',#1600,#5588,#14306,.T.);
#14306 = LINE('',#14307,#14308);
#14307 = CARTESIAN_POINT('',(200.716133,-136.737732,0.));
#14308 = VECTOR('',#14309,1.);
#14309 = DIRECTION('',(0.,0.,1.));
#14310 = ORIENTED_EDGE('',*,*,#5587,.T.);
#14311 = ORIENTED_EDGE('',*,*,#14271,.F.);
#14312 = ORIENTED_EDGE('',*,*,#1599,.F.);
#14313 = PLANE('',#14314);
#14314 = AXIS2_PLACEMENT_3D('',#14315,#14316,#14317);
#14315 = CARTESIAN_POINT('',(200.716133,-136.737732,0.));
#14316 = DIRECTION('',(0.333170101393,-0.942866736892,0.));
#14317 = DIRECTION('',(-0.942866736892,-0.333170101393,0.));
#14318 = ADVANCED_FACE('',(#14319),#14330,.T.);
#14319 = FACE_BOUND('',#14320,.T.);
#14320 = EDGE_LOOP('',(#14321,#14322,#14323,#14329));
#14321 = ORIENTED_EDGE('',*,*,#14290,.T.);
#14322 = ORIENTED_EDGE('',*,*,#5827,.T.);
#14323 = ORIENTED_EDGE('',*,*,#14324,.F.);
#14324 = EDGE_CURVE('',#1832,#5820,#14325,.T.);
#14325 = LINE('',#14326,#14327);
#14326 = CARTESIAN_POINT('',(216.33797,-125.23849,0.));
#14327 = VECTOR('',#14328,1.);
#14328 = DIRECTION('',(0.,0.,1.));
#14329 = ORIENTED_EDGE('',*,*,#1839,.F.);
#14330 = PLANE('',#14331);
#14331 = AXIS2_PLACEMENT_3D('',#14332,#14333,#14334);
#14332 = CARTESIAN_POINT('',(216.655041,-124.753611,0.));
#14333 = DIRECTION('',(0.83694215476,-0.547291357126,0.));
#14334 = DIRECTION('',(-0.547291357126,-0.83694215476,0.));
#14335 = ADVANCED_FACE('',(#14336),#14347,.T.);
#14336 = FACE_BOUND('',#14337,.T.);
#14337 = EDGE_LOOP('',(#14338,#14344,#14345,#14346));
#14338 = ORIENTED_EDGE('',*,*,#14339,.T.);
#14339 = EDGE_CURVE('',#1608,#5596,#14340,.T.);
#14340 = LINE('',#14341,#14342);
#14341 = CARTESIAN_POINT('',(201.488273,-136.448764,0.));
#14342 = VECTOR('',#14343,1.);
#14343 = DIRECTION('',(0.,0.,1.));
#14344 = ORIENTED_EDGE('',*,*,#5595,.T.);
#14345 = ORIENTED_EDGE('',*,*,#14305,.F.);
#14346 = ORIENTED_EDGE('',*,*,#1607,.F.);
#14347 = PLANE('',#14348);
#14348 = AXIS2_PLACEMENT_3D('',#14349,#14350,#14351);
#14349 = CARTESIAN_POINT('',(201.488273,-136.448764,0.));
#14350 = DIRECTION('',(0.350501805543,-0.936562055771,0.));
#14351 = DIRECTION('',(-0.936562055771,-0.350501805543,0.));
#14352 = ADVANCED_FACE('',(#14353),#14364,.T.);
#14353 = FACE_BOUND('',#14354,.T.);
#14354 = EDGE_LOOP('',(#14355,#14356,#14357,#14363));
#14355 = ORIENTED_EDGE('',*,*,#14324,.T.);
#14356 = ORIENTED_EDGE('',*,*,#5819,.T.);
#14357 = ORIENTED_EDGE('',*,*,#14358,.F.);
#14358 = EDGE_CURVE('',#1824,#5812,#14359,.T.);
#14359 = LINE('',#14360,#14361);
#14360 = CARTESIAN_POINT('',(216.00796,-125.719209,0.));
#14361 = VECTOR('',#14362,1.);
#14362 = DIRECTION('',(0.,0.,1.));
#14363 = ORIENTED_EDGE('',*,*,#1831,.F.);
#14364 = PLANE('',#14365);
#14365 = AXIS2_PLACEMENT_3D('',#14366,#14367,#14368);
#14366 = CARTESIAN_POINT('',(216.33797,-125.23849,0.));
#14367 = DIRECTION('',(0.824429487807,-0.565964680554,0.));
#14368 = DIRECTION('',(-0.565964680554,-0.824429487807,0.));
#14369 = ADVANCED_FACE('',(#14370),#14381,.T.);
#14370 = FACE_BOUND('',#14371,.T.);
#14371 = EDGE_LOOP('',(#14372,#14378,#14379,#14380));
#14372 = ORIENTED_EDGE('',*,*,#14373,.T.);
#14373 = EDGE_CURVE('',#1616,#5604,#14374,.T.);
#14374 = LINE('',#14375,#14376);
#14375 = CARTESIAN_POINT('',(202.241968,-136.150445,0.));
#14376 = VECTOR('',#14377,1.);
#14377 = DIRECTION('',(0.,0.,1.));
#14378 = ORIENTED_EDGE('',*,*,#5603,.T.);
#14379 = ORIENTED_EDGE('',*,*,#14339,.F.);
#14380 = ORIENTED_EDGE('',*,*,#1615,.F.);
#14381 = PLANE('',#14382);
#14382 = AXIS2_PLACEMENT_3D('',#14383,#14384,#14385);
#14383 = CARTESIAN_POINT('',(202.241968,-136.150445,0.));
#14384 = DIRECTION('',(0.368028608435,-0.929814467178,0.));
#14385 = DIRECTION('',(-0.929814467178,-0.368028608435,0.));
#14386 = ADVANCED_FACE('',(#14387),#14398,.T.);
#14387 = FACE_BOUND('',#14388,.T.);
#14388 = EDGE_LOOP('',(#14389,#14390,#14391,#14397));
#14389 = ORIENTED_EDGE('',*,*,#14358,.T.);
#14390 = ORIENTED_EDGE('',*,*,#5811,.T.);
#14391 = ORIENTED_EDGE('',*,*,#14392,.F.);
#14392 = EDGE_CURVE('',#1816,#5804,#14393,.T.);
#14393 = LINE('',#14394,#14395);
#14394 = CARTESIAN_POINT('',(215.664816,-126.195583,0.));
#14395 = VECTOR('',#14396,1.);
#14396 = DIRECTION('',(0.,0.,1.));
#14397 = ORIENTED_EDGE('',*,*,#1823,.F.);
#14398 = PLANE('',#14399);
#14399 = AXIS2_PLACEMENT_3D('',#14400,#14401,#14402);
#14400 = CARTESIAN_POINT('',(216.00796,-125.719209,0.));
#14401 = DIRECTION('',(0.811409358949,-0.584478273514,0.));
#14402 = DIRECTION('',(-0.584478273514,-0.811409358949,0.));
#14403 = ADVANCED_FACE('',(#14404),#14415,.T.);
#14404 = FACE_BOUND('',#14405,.T.);
#14405 = EDGE_LOOP('',(#14406,#14412,#14413,#14414));
#14406 = ORIENTED_EDGE('',*,*,#14407,.T.);
#14407 = EDGE_CURVE('',#1624,#5612,#14408,.T.);
#14408 = LINE('',#14409,#14410);
#14409 = CARTESIAN_POINT('',(202.977415,-135.84296,0.));
#14410 = VECTOR('',#14411,1.);
#14411 = DIRECTION('',(0.,0.,1.));
#14412 = ORIENTED_EDGE('',*,*,#5611,.T.);
#14413 = ORIENTED_EDGE('',*,*,#14373,.F.);
#14414 = ORIENTED_EDGE('',*,*,#1623,.F.);
#14415 = PLANE('',#14416);
#14416 = AXIS2_PLACEMENT_3D('',#14417,#14418,#14419);
#14417 = CARTESIAN_POINT('',(202.977415,-135.84296,0.));
#14418 = DIRECTION('',(0.385736122993,-0.922609149867,0.));
#14419 = DIRECTION('',(-0.922609149867,-0.385736122993,0.));
#14420 = ADVANCED_FACE('',(#14421),#14432,.T.);
#14421 = FACE_BOUND('',#14422,.T.);
#14422 = EDGE_LOOP('',(#14423,#14424,#14425,#14431));
#14423 = ORIENTED_EDGE('',*,*,#14392,.T.);
#14424 = ORIENTED_EDGE('',*,*,#5803,.T.);
#14425 = ORIENTED_EDGE('',*,*,#14426,.F.);
#14426 = EDGE_CURVE('',#1808,#5796,#14427,.T.);
#14427 = LINE('',#14428,#14429);
#14428 = CARTESIAN_POINT('',(215.308339,-126.667427,0.));
#14429 = VECTOR('',#14430,1.);
#14430 = DIRECTION('',(0.,0.,1.));
#14431 = ORIENTED_EDGE('',*,*,#1815,.F.);
#14432 = PLANE('',#14433);
#14433 = AXIS2_PLACEMENT_3D('',#14434,#14435,#14436);
#14434 = CARTESIAN_POINT('',(215.664816,-126.195583,0.));
#14435 = DIRECTION('',(0.797889572745,-0.602803641084,0.));
#14436 = DIRECTION('',(-0.602803641084,-0.797889572745,0.));
#14437 = ADVANCED_FACE('',(#14438),#14449,.T.);
#14438 = FACE_BOUND('',#14439,.T.);
#14439 = EDGE_LOOP('',(#14440,#14446,#14447,#14448));
#14440 = ORIENTED_EDGE('',*,*,#14441,.T.);
#14441 = EDGE_CURVE('',#1632,#5620,#14442,.T.);
#14442 = LINE('',#14443,#14444);
#14443 = CARTESIAN_POINT('',(203.694808,-135.526494,0.));
#14444 = VECTOR('',#14445,1.);
#14445 = DIRECTION('',(0.,0.,1.));
#14446 = ORIENTED_EDGE('',*,*,#5619,.T.);
#14447 = ORIENTED_EDGE('',*,*,#14407,.F.);
#14448 = ORIENTED_EDGE('',*,*,#1631,.F.);
#14449 = PLANE('',#14450);
#14450 = AXIS2_PLACEMENT_3D('',#14451,#14452,#14453);
#14451 = CARTESIAN_POINT('',(203.694808,-135.526494,0.));
#14452 = DIRECTION('',(0.403607205868,-0.914932359998,0.));
#14453 = DIRECTION('',(-0.914932359998,-0.403607205868,0.));
#14454 = ADVANCED_FACE('',(#14455),#14466,.T.);
#14455 = FACE_BOUND('',#14456,.T.);
#14456 = EDGE_LOOP('',(#14457,#14458,#14459,#14465));
#14457 = ORIENTED_EDGE('',*,*,#14426,.T.);
#14458 = ORIENTED_EDGE('',*,*,#5795,.T.);
#14459 = ORIENTED_EDGE('',*,*,#14460,.F.);
#14460 = EDGE_CURVE('',#1800,#5788,#14461,.T.);
#14461 = LINE('',#14462,#14463);
#14462 = CARTESIAN_POINT('',(214.938334,-127.134555,0.));
#14463 = VECTOR('',#14464,1.);
#14464 = DIRECTION('',(0.,0.,1.));
#14465 = ORIENTED_EDGE('',*,*,#1807,.F.);
#14466 = PLANE('',#14467);
#14467 = AXIS2_PLACEMENT_3D('',#14468,#14469,#14470);
#14468 = CARTESIAN_POINT('',(215.308339,-126.667427,0.));
#14469 = DIRECTION('',(0.783886277234,-0.6209044245,0.));
#14470 = DIRECTION('',(-0.6209044245,-0.783886277234,0.));
#14471 = ADVANCED_FACE('',(#14472),#14483,.T.);
#14472 = FACE_BOUND('',#14473,.T.);
#14473 = EDGE_LOOP('',(#14474,#14480,#14481,#14482));
#14474 = ORIENTED_EDGE('',*,*,#14475,.T.);
#14475 = EDGE_CURVE('',#1640,#5628,#14476,.T.);
#14476 = LINE('',#14477,#14478);
#14477 = CARTESIAN_POINT('',(204.394347,-135.201233,0.));
#14478 = VECTOR('',#14479,1.);
#14479 = DIRECTION('',(0.,0.,1.));
#14480 = ORIENTED_EDGE('',*,*,#5627,.T.);
#14481 = ORIENTED_EDGE('',*,*,#14441,.F.);
#14482 = ORIENTED_EDGE('',*,*,#1639,.F.);
#14483 = PLANE('',#14484);
#14484 = AXIS2_PLACEMENT_3D('',#14485,#14486,#14487);
#14485 = CARTESIAN_POINT('',(204.394347,-135.201233,0.));
#14486 = DIRECTION('',(0.421617807173,-0.906773634748,0.));
#14487 = DIRECTION('',(-0.906773634748,-0.421617807173,0.));
#14488 = ADVANCED_FACE('',(#14489),#14500,.T.);
#14489 = FACE_BOUND('',#14490,.T.);
#14490 = EDGE_LOOP('',(#14491,#14492,#14493,#14499));
#14491 = ORIENTED_EDGE('',*,*,#14460,.T.);
#14492 = ORIENTED_EDGE('',*,*,#5787,.T.);
#14493 = ORIENTED_EDGE('',*,*,#14494,.F.);
#14494 = EDGE_CURVE('',#1792,#5780,#14495,.T.);
#14495 = LINE('',#14496,#14497);
#14496 = CARTESIAN_POINT('',(214.554604,-127.596782,0.));
#14497 = VECTOR('',#14498,1.);
#14498 = DIRECTION('',(0.,0.,1.));
#14499 = ORIENTED_EDGE('',*,*,#1799,.F.);
#14500 = PLANE('',#14501);
#14501 = AXIS2_PLACEMENT_3D('',#14502,#14503,#14504);
#14502 = CARTESIAN_POINT('',(214.938334,-127.134555,0.));
#14503 = DIRECTION('',(0.769414484077,-0.638749834984,0.));
#14504 = DIRECTION('',(-0.638749834984,-0.769414484077,0.));
#14505 = ADVANCED_FACE('',(#14506),#14517,.T.);
#14506 = FACE_BOUND('',#14507,.T.);
#14507 = EDGE_LOOP('',(#14508,#14514,#14515,#14516));
#14508 = ORIENTED_EDGE('',*,*,#14509,.T.);
#14509 = EDGE_CURVE('',#1648,#5636,#14510,.T.);
#14510 = LINE('',#14511,#14512);
#14511 = CARTESIAN_POINT('',(205.076226,-134.867362,0.));
#14512 = VECTOR('',#14513,1.);
#14513 = DIRECTION('',(0.,0.,1.));
#14514 = ORIENTED_EDGE('',*,*,#5635,.T.);
#14515 = ORIENTED_EDGE('',*,*,#14475,.F.);
#14516 = ORIENTED_EDGE('',*,*,#1647,.F.);
#14517 = PLANE('',#14518);
#14518 = AXIS2_PLACEMENT_3D('',#14519,#14520,#14521);
#14519 = CARTESIAN_POINT('',(205.076226,-134.867362,0.));
#14520 = DIRECTION('',(0.439750008511,-0.898120220246,0.));
#14521 = DIRECTION('',(-0.898120220246,-0.439750008511,0.));
#14522 = ADVANCED_FACE('',(#14523),#14534,.T.);
#14523 = FACE_BOUND('',#14524,.T.);
#14524 = EDGE_LOOP('',(#14525,#14526,#14527,#14533));
#14525 = ORIENTED_EDGE('',*,*,#14494,.T.);
#14526 = ORIENTED_EDGE('',*,*,#5779,.T.);
#14527 = ORIENTED_EDGE('',*,*,#14528,.F.);
#14528 = EDGE_CURVE('',#1784,#5772,#14529,.T.);
#14529 = LINE('',#14530,#14531);
#14530 = CARTESIAN_POINT('',(214.156952,-128.053922,0.));
#14531 = VECTOR('',#14532,1.);
#14532 = DIRECTION('',(0.,0.,1.));
#14533 = ORIENTED_EDGE('',*,*,#1791,.F.);
#14534 = PLANE('',#14535);
#14535 = AXIS2_PLACEMENT_3D('',#14536,#14537,#14538);
#14536 = CARTESIAN_POINT('',(214.554604,-127.596782,0.));
#14537 = DIRECTION('',(0.754491950587,-0.656309299416,0.));
#14538 = DIRECTION('',(-0.656309299416,-0.754491950587,0.));
#14539 = ADVANCED_FACE('',(#14540),#14551,.T.);
#14540 = FACE_BOUND('',#14541,.T.);
#14541 = EDGE_LOOP('',(#14542,#14548,#14549,#14550));
#14542 = ORIENTED_EDGE('',*,*,#14543,.T.);
#14543 = EDGE_CURVE('',#1656,#5644,#14544,.T.);
#14544 = LINE('',#14545,#14546);
#14545 = CARTESIAN_POINT('',(205.740643,-134.525066,0.));
#14546 = VECTOR('',#14547,1.);
#14547 = DIRECTION('',(0.,0.,1.));
#14548 = ORIENTED_EDGE('',*,*,#5643,.T.);
#14549 = ORIENTED_EDGE('',*,*,#14509,.F.);
#14550 = ORIENTED_EDGE('',*,*,#1655,.F.);
#14551 = PLANE('',#14552);
#14552 = AXIS2_PLACEMENT_3D('',#14553,#14554,#14555);
#14553 = CARTESIAN_POINT('',(205.740643,-134.525066,0.));
#14554 = DIRECTION('',(0.457978345465,-0.888963348561,0.));
#14555 = DIRECTION('',(-0.888963348561,-0.457978345465,0.));
#14556 = ADVANCED_FACE('',(#14557),#14568,.T.);
#14557 = FACE_BOUND('',#14558,.T.);
#14558 = EDGE_LOOP('',(#14559,#14560,#14561,#14567));
#14559 = ORIENTED_EDGE('',*,*,#14528,.T.);
#14560 = ORIENTED_EDGE('',*,*,#5771,.T.);
#14561 = ORIENTED_EDGE('',*,*,#14562,.F.);
#14562 = EDGE_CURVE('',#1776,#5764,#14563,.T.);
#14563 = LINE('',#14564,#14565);
#14564 = CARTESIAN_POINT('',(213.745181,-128.50579,0.));
#14565 = VECTOR('',#14566,1.);
#14566 = DIRECTION('',(0.,0.,1.));
#14567 = ORIENTED_EDGE('',*,*,#1783,.F.);
#14568 = PLANE('',#14569);
#14569 = AXIS2_PLACEMENT_3D('',#14570,#14571,#14572);
#14570 = CARTESIAN_POINT('',(214.156952,-128.053922,0.));
#14571 = DIRECTION('',(0.739140108998,-0.673551704972,0.));
#14572 = DIRECTION('',(-0.673551704972,-0.739140108998,0.));
#14573 = ADVANCED_FACE('',(#14574),#14585,.T.);
#14574 = FACE_BOUND('',#14575,.T.);
#14575 = EDGE_LOOP('',(#14576,#14582,#14583,#14584));
#14576 = ORIENTED_EDGE('',*,*,#14577,.T.);
#14577 = EDGE_CURVE('',#1664,#5652,#14578,.T.);
#14578 = LINE('',#14579,#14580);
#14579 = CARTESIAN_POINT('',(206.387795,-134.174531,0.));
#14580 = VECTOR('',#14581,1.);
#14581 = DIRECTION('',(0.,0.,1.));
#14582 = ORIENTED_EDGE('',*,*,#5651,.T.);
#14583 = ORIENTED_EDGE('',*,*,#14543,.F.);
#14584 = ORIENTED_EDGE('',*,*,#1663,.F.);
#14585 = PLANE('',#14586);
#14586 = AXIS2_PLACEMENT_3D('',#14587,#14588,#14589);
#14587 = CARTESIAN_POINT('',(206.387795,-134.174531,0.));
#14588 = DIRECTION('',(0.476277195716,-0.879295190957,0.));
#14589 = DIRECTION('',(-0.879295190957,-0.476277195716,0.));
#14590 = ADVANCED_FACE('',(#14591),#14602,.T.);
#14591 = FACE_BOUND('',#14592,.T.);
#14592 = EDGE_LOOP('',(#14593,#14594,#14595,#14601));
#14593 = ORIENTED_EDGE('',*,*,#14562,.T.);
#14594 = ORIENTED_EDGE('',*,*,#5763,.T.);
#14595 = ORIENTED_EDGE('',*,*,#14596,.F.);
#14596 = EDGE_CURVE('',#1768,#5756,#14597,.T.);
#14597 = LINE('',#14598,#14599);
#14598 = CARTESIAN_POINT('',(213.319095,-128.9522,0.));
#14599 = VECTOR('',#14600,1.);
#14600 = DIRECTION('',(0.,0.,1.));
#14601 = ORIENTED_EDGE('',*,*,#1775,.F.);
#14602 = PLANE('',#14603);
#14603 = AXIS2_PLACEMENT_3D('',#14604,#14605,#14606);
#14604 = CARTESIAN_POINT('',(213.745181,-128.50579,0.));
#14605 = DIRECTION('',(0.723381957711,-0.690448074266,0.));
#14606 = DIRECTION('',(-0.690448074266,-0.723381957711,0.));
#14607 = ADVANCED_FACE('',(#14608),#14619,.T.);
#14608 = FACE_BOUND('',#14609,.T.);
#14609 = EDGE_LOOP('',(#14610,#14616,#14617,#14618));
#14610 = ORIENTED_EDGE('',*,*,#14611,.T.);
#14611 = EDGE_CURVE('',#1672,#5660,#14612,.T.);
#14612 = LINE('',#14613,#14614);
#14613 = CARTESIAN_POINT('',(207.017878,-133.815943,0.));
#14614 = VECTOR('',#14615,1.);
#14615 = DIRECTION('',(0.,0.,1.));
#14616 = ORIENTED_EDGE('',*,*,#5659,.T.);
#14617 = ORIENTED_EDGE('',*,*,#14577,.F.);
#14618 = ORIENTED_EDGE('',*,*,#1671,.F.);
#14619 = PLANE('',#14620);
#14620 = AXIS2_PLACEMENT_3D('',#14621,#14622,#14623);
#14621 = CARTESIAN_POINT('',(207.017878,-133.815943,0.));
#14622 = DIRECTION('',(0.494620633889,-0.869108985416,0.));
#14623 = DIRECTION('',(-0.869108985416,-0.494620633889,0.));
#14624 = ADVANCED_FACE('',(#14625),#14636,.T.);
#14625 = FACE_BOUND('',#14626,.T.);
#14626 = EDGE_LOOP('',(#14627,#14628,#14629,#14635));
#14627 = ORIENTED_EDGE('',*,*,#14596,.T.);
#14628 = ORIENTED_EDGE('',*,*,#5755,.T.);
#14629 = ORIENTED_EDGE('',*,*,#14630,.F.);
#14630 = EDGE_CURVE('',#1760,#5748,#14631,.T.);
#14631 = LINE('',#14632,#14633);
#14632 = CARTESIAN_POINT('',(212.878497,-129.392968,0.));
#14633 = VECTOR('',#14634,1.);
#14634 = DIRECTION('',(0.,0.,1.));
#14635 = ORIENTED_EDGE('',*,*,#1767,.F.);
#14636 = PLANE('',#14637);
#14637 = AXIS2_PLACEMENT_3D('',#14638,#14639,#14640);
#14638 = CARTESIAN_POINT('',(213.319095,-128.9522,0.));
#14639 = DIRECTION('',(0.707243156492,-0.706970379574,0.));
#14640 = DIRECTION('',(-0.706970379574,-0.707243156492,0.));
#14641 = ADVANCED_FACE('',(#14642),#14653,.T.);
#14642 = FACE_BOUND('',#14643,.T.);
#14643 = EDGE_LOOP('',(#14644,#14650,#14651,#14652));
#14644 = ORIENTED_EDGE('',*,*,#14645,.T.);
#14645 = EDGE_CURVE('',#1680,#5668,#14646,.T.);
#14646 = LINE('',#14647,#14648);
#14647 = CARTESIAN_POINT('',(207.631088,-133.449487,0.));
#14648 = VECTOR('',#14649,1.);
#14649 = DIRECTION('',(0.,0.,1.));
#14650 = ORIENTED_EDGE('',*,*,#5667,.T.);
#14651 = ORIENTED_EDGE('',*,*,#14611,.F.);
#14652 = ORIENTED_EDGE('',*,*,#1679,.F.);
#14653 = PLANE('',#14654);
#14654 = AXIS2_PLACEMENT_3D('',#14655,#14656,#14657);
#14655 = CARTESIAN_POINT('',(207.631088,-133.449487,0.));
#14656 = DIRECTION('',(0.51298188587,-0.858399431949,0.));
#14657 = DIRECTION('',(-0.858399431949,-0.51298188587,0.));
#14658 = ADVANCED_FACE('',(#14659),#14670,.T.);
#14659 = FACE_BOUND('',#14660,.T.);
#14660 = EDGE_LOOP('',(#14661,#14662,#14663,#14669));
#14661 = ORIENTED_EDGE('',*,*,#14630,.T.);
#14662 = ORIENTED_EDGE('',*,*,#5747,.T.);
#14663 = ORIENTED_EDGE('',*,*,#14664,.F.);
#14664 = EDGE_CURVE('',#1752,#5740,#14665,.T.);
#14665 = LINE('',#14666,#14667);
#14666 = CARTESIAN_POINT('',(212.42319,-129.827907,0.));
#14667 = VECTOR('',#14668,1.);
#14668 = DIRECTION('',(0.,0.,1.));
#14669 = ORIENTED_EDGE('',*,*,#1759,.F.);
#14670 = PLANE('',#14671);
#14671 = AXIS2_PLACEMENT_3D('',#14672,#14673,#14674);
#14672 = CARTESIAN_POINT('',(212.878497,-129.392968,0.));
#14673 = DIRECTION('',(0.690748073066,-0.723095498227,0.));
#14674 = DIRECTION('',(-0.723095498227,-0.690748073066,0.));
#14675 = ADVANCED_FACE('',(#14676),#14687,.T.);
#14676 = FACE_BOUND('',#14677,.T.);
#14677 = EDGE_LOOP('',(#14678,#14684,#14685,#14686));
#14678 = ORIENTED_EDGE('',*,*,#14679,.T.);
#14679 = EDGE_CURVE('',#1688,#5676,#14680,.T.);
#14680 = LINE('',#14681,#14682);
#14681 = CARTESIAN_POINT('',(208.227624,-133.075347,0.));
#14682 = VECTOR('',#14683,1.);
#14683 = DIRECTION('',(0.,0.,1.));
#14684 = ORIENTED_EDGE('',*,*,#5675,.T.);
#14685 = ORIENTED_EDGE('',*,*,#14645,.F.);
#14686 = ORIENTED_EDGE('',*,*,#1687,.F.);
#14687 = PLANE('',#14688);
#14688 = AXIS2_PLACEMENT_3D('',#14689,#14690,#14691);
#14689 = CARTESIAN_POINT('',(208.227624,-133.075347,0.));
#14690 = DIRECTION('',(0.531330982668,-0.847164321048,0.));
#14691 = DIRECTION('',(-0.847164321048,-0.531330982668,0.));
#14692 = ADVANCED_FACE('',(#14693),#14704,.T.);
#14693 = FACE_BOUND('',#14694,.T.);
#14694 = EDGE_LOOP('',(#14695,#14696,#14697,#14703));
#14695 = ORIENTED_EDGE('',*,*,#14664,.T.);
#14696 = ORIENTED_EDGE('',*,*,#5739,.T.);
#14697 = ORIENTED_EDGE('',*,*,#14698,.F.);
#14698 = EDGE_CURVE('',#1744,#5732,#14699,.T.);
#14699 = LINE('',#14700,#14701);
#14700 = CARTESIAN_POINT('',(211.952978,-130.256833,0.));
#14701 = VECTOR('',#14702,1.);
#14702 = DIRECTION('',(0.,0.,1.));
#14703 = ORIENTED_EDGE('',*,*,#1751,.F.);
#14704 = PLANE('',#14705);
#14705 = AXIS2_PLACEMENT_3D('',#14706,#14707,#14708);
#14706 = CARTESIAN_POINT('',(212.42319,-129.827907,0.));
#14707 = DIRECTION('',(0.673928257633,-0.738796794501,0.));
#14708 = DIRECTION('',(-0.738796794501,-0.673928257633,0.));
#14709 = ADVANCED_FACE('',(#14710),#14721,.T.);
#14710 = FACE_BOUND('',#14711,.T.);
#14711 = EDGE_LOOP('',(#14712,#14718,#14719,#14720));
#14712 = ORIENTED_EDGE('',*,*,#14713,.T.);
#14713 = EDGE_CURVE('',#1696,#5684,#14714,.T.);
#14714 = LINE('',#14715,#14716);
#14715 = CARTESIAN_POINT('',(208.80768,-132.693711,0.));
#14716 = VECTOR('',#14717,1.);
#14717 = DIRECTION('',(0.,0.,1.));
#14718 = ORIENTED_EDGE('',*,*,#5683,.T.);
#14719 = ORIENTED_EDGE('',*,*,#14679,.F.);
#14720 = ORIENTED_EDGE('',*,*,#1695,.F.);
#14721 = PLANE('',#14722);
#14722 = AXIS2_PLACEMENT_3D('',#14723,#14724,#14725);
#14723 = CARTESIAN_POINT('',(208.80768,-132.693711,0.));
#14724 = DIRECTION('',(0.549636816032,-0.835403717051,0.));
#14725 = DIRECTION('',(-0.835403717051,-0.549636816032,0.));
#14726 = ADVANCED_FACE('',(#14727),#14738,.T.);
#14727 = FACE_BOUND('',#14728,.T.);
#14728 = EDGE_LOOP('',(#14729,#14730,#14731,#14737));
#14729 = ORIENTED_EDGE('',*,*,#14698,.T.);
#14730 = ORIENTED_EDGE('',*,*,#5731,.T.);
#14731 = ORIENTED_EDGE('',*,*,#14732,.F.);
#14732 = EDGE_CURVE('',#1736,#5724,#14733,.T.);
#14733 = LINE('',#14734,#14735);
#14734 = CARTESIAN_POINT('',(211.467664,-130.679559,0.));
#14735 = VECTOR('',#14736,1.);
#14736 = DIRECTION('',(0.,0.,1.));
#14737 = ORIENTED_EDGE('',*,*,#1743,.F.);
#14738 = PLANE('',#14739);
#14739 = AXIS2_PLACEMENT_3D('',#14740,#14741,#14742);
#14740 = CARTESIAN_POINT('',(211.952978,-130.256833,0.));
#14741 = DIRECTION('',(0.656810043047,-0.754056077061,0.));
#14742 = DIRECTION('',(-0.754056077061,-0.656810043047,0.));
#14743 = ADVANCED_FACE('',(#14744),#14755,.T.);
#14744 = FACE_BOUND('',#14745,.T.);
#14745 = EDGE_LOOP('',(#14746,#14752,#14753,#14754));
#14746 = ORIENTED_EDGE('',*,*,#14747,.T.);
#14747 = EDGE_CURVE('',#1704,#5692,#14748,.T.);
#14748 = LINE('',#14749,#14750);
#14749 = CARTESIAN_POINT('',(209.371454,-132.304762,0.));
#14750 = VECTOR('',#14751,1.);
#14751 = DIRECTION('',(0.,0.,1.));
#14752 = ORIENTED_EDGE('',*,*,#5691,.T.);
#14753 = ORIENTED_EDGE('',*,*,#14713,.F.);
#14754 = ORIENTED_EDGE('',*,*,#1703,.F.);
#14755 = PLANE('',#14756);
#14756 = AXIS2_PLACEMENT_3D('',#14757,#14758,#14759);
#14757 = CARTESIAN_POINT('',(209.371454,-132.304762,0.));
#14758 = DIRECTION('',(0.567870818535,-0.823117691133,0.));
#14759 = DIRECTION('',(-0.823117691133,-0.567870818535,0.));
#14760 = ADVANCED_FACE('',(#14761),#14772,.T.);
#14761 = FACE_BOUND('',#14762,.T.);
#14762 = EDGE_LOOP('',(#14763,#14764,#14765,#14771));
#14763 = ORIENTED_EDGE('',*,*,#14732,.T.);
#14764 = ORIENTED_EDGE('',*,*,#5723,.T.);
#14765 = ORIENTED_EDGE('',*,*,#14766,.F.);
#14766 = EDGE_CURVE('',#1728,#5716,#14767,.T.);
#14767 = LINE('',#14768,#14769);
#14768 = CARTESIAN_POINT('',(210.967051,-131.0959,0.));
#14769 = VECTOR('',#14770,1.);
#14770 = DIRECTION('',(0.,0.,1.));
#14771 = ORIENTED_EDGE('',*,*,#1735,.F.);
#14772 = PLANE('',#14773);
#14773 = AXIS2_PLACEMENT_3D('',#14774,#14775,#14776);
#14774 = CARTESIAN_POINT('',(211.467664,-130.679559,0.));
#14775 = DIRECTION('',(0.639425895085,-0.768852732775,0.));
#14776 = DIRECTION('',(-0.768852732775,-0.639425895085,0.));
#14777 = ADVANCED_FACE('',(#14778),#14789,.T.);
#14778 = FACE_BOUND('',#14779,.T.);
#14779 = EDGE_LOOP('',(#14780,#14786,#14787,#14788));
#14780 = ORIENTED_EDGE('',*,*,#14781,.T.);
#14781 = EDGE_CURVE('',#1712,#5700,#14782,.T.);
#14782 = LINE('',#14783,#14784);
#14783 = CARTESIAN_POINT('',(209.919143,-131.908688,0.));
#14784 = VECTOR('',#14785,1.);
#14785 = DIRECTION('',(0.,0.,1.));
#14786 = ORIENTED_EDGE('',*,*,#5699,.T.);
#14787 = ORIENTED_EDGE('',*,*,#14747,.F.);
#14788 = ORIENTED_EDGE('',*,*,#1711,.F.);
#14789 = PLANE('',#14790);
#14790 = AXIS2_PLACEMENT_3D('',#14791,#14792,#14793);
#14791 = CARTESIAN_POINT('',(209.919143,-131.908688,0.));
#14792 = DIRECTION('',(0.585996865401,-0.810313318255,0.));
#14793 = DIRECTION('',(-0.810313318255,-0.585996865401,0.));
#14794 = ADVANCED_FACE('',(#14795),#14806,.T.);
#14795 = FACE_BOUND('',#14796,.T.);
#14796 = EDGE_LOOP('',(#14797,#14798,#14799,#14805));
#14797 = ORIENTED_EDGE('',*,*,#14766,.T.);
#14798 = ORIENTED_EDGE('',*,*,#5715,.T.);
#14799 = ORIENTED_EDGE('',*,*,#14800,.F.);
#14800 = EDGE_CURVE('',#1720,#5708,#14801,.T.);
#14801 = LINE('',#14802,#14803);
#14802 = CARTESIAN_POINT('',(210.450943,-131.505672,0.));
#14803 = VECTOR('',#14804,1.);
#14804 = DIRECTION('',(0.,0.,1.));
#14805 = ORIENTED_EDGE('',*,*,#1727,.F.);
#14806 = PLANE('',#14807);
#14807 = AXIS2_PLACEMENT_3D('',#14808,#14809,#14810);
#14808 = CARTESIAN_POINT('',(210.967051,-131.0959,0.));
#14809 = DIRECTION('',(0.621809116465,-0.783168834084,0.));
#14810 = DIRECTION('',(-0.783168834084,-0.621809116465,0.));
#14811 = ADVANCED_FACE('',(#14812),#14818,.T.);
#14812 = FACE_BOUND('',#14813,.T.);
#14813 = EDGE_LOOP('',(#14814,#14815,#14816,#14817));
#14814 = ORIENTED_EDGE('',*,*,#14800,.T.);
#14815 = ORIENTED_EDGE('',*,*,#5707,.T.);
#14816 = ORIENTED_EDGE('',*,*,#14781,.F.);
#14817 = ORIENTED_EDGE('',*,*,#1719,.F.);
#14818 = PLANE('',#14819);
#14819 = AXIS2_PLACEMENT_3D('',#14820,#14821,#14822);
#14820 = CARTESIAN_POINT('',(210.450943,-131.505672,0.));
#14821 = DIRECTION('',(0.603988331805,-0.796993158718,0.));
#14822 = DIRECTION('',(-0.796993158718,-0.603988331805,0.));
#14823 = ADVANCED_FACE('',(#14824),#14835,.F.);
#14824 = FACE_BOUND('',#14825,.T.);
#14825 = EDGE_LOOP('',(#14826,#14827,#14833,#14834));
#14826 = ORIENTED_EDGE('',*,*,#3304,.T.);
#14827 = ORIENTED_EDGE('',*,*,#14828,.T.);
#14828 = EDGE_CURVE('',#3305,#7293,#14829,.T.);
#14829 = LINE('',#14830,#14831);
#14830 = CARTESIAN_POINT('',(97.532577,-133.978924,-4.6E-02));
#14831 = VECTOR('',#14832,1.);
#14832 = DIRECTION('',(0.,0.,1.));
#14833 = ORIENTED_EDGE('',*,*,#7292,.F.);
#14834 = ORIENTED_EDGE('',*,*,#14828,.F.);
#14835 = CYLINDRICAL_SURFACE('',#14836,0.5);
#14836 = AXIS2_PLACEMENT_3D('',#14837,#14838,#14839);
#14837 = CARTESIAN_POINT('',(97.532577,-133.478924,-4.6E-02));
#14838 = DIRECTION('',(-0.,-0.,-1.));
#14839 = DIRECTION('',(-0.,-1.,0.));
#14840 = ADVANCED_FACE('',(#14841),#14852,.F.);
#14841 = FACE_BOUND('',#14842,.T.);
#14842 = EDGE_LOOP('',(#14843,#14844,#14850,#14851));
#14843 = ORIENTED_EDGE('',*,*,#3315,.T.);
#14844 = ORIENTED_EDGE('',*,*,#14845,.T.);
#14845 = EDGE_CURVE('',#3316,#7304,#14846,.T.);
#14846 = LINE('',#14847,#14848);
#14847 = CARTESIAN_POINT('',(93.42277,-130.992975,-4.6E-02));
#14848 = VECTOR('',#14849,1.);
#14849 = DIRECTION('',(0.,0.,1.));
#14850 = ORIENTED_EDGE('',*,*,#7303,.F.);
#14851 = ORIENTED_EDGE('',*,*,#14845,.F.);
#14852 = CYLINDRICAL_SURFACE('',#14853,0.5);
#14853 = AXIS2_PLACEMENT_3D('',#14854,#14855,#14856);
#14854 = CARTESIAN_POINT('',(93.42277,-130.492975,-4.6E-02));
#14855 = DIRECTION('',(-0.,-0.,-1.));
#14856 = DIRECTION('',(-0.,-1.,0.));
#14857 = ADVANCED_FACE('',(#14858),#14869,.F.);
#14858 = FACE_BOUND('',#14859,.T.);
#14859 = EDGE_LOOP('',(#14860,#14861,#14867,#14868));
#14860 = ORIENTED_EDGE('',*,*,#3326,.T.);
#14861 = ORIENTED_EDGE('',*,*,#14862,.T.);
#14862 = EDGE_CURVE('',#3327,#7315,#14863,.T.);
#14863 = LINE('',#14864,#14865);
#14864 = CARTESIAN_POINT('',(91.367867,-129.5,-4.6E-02));
#14865 = VECTOR('',#14866,1.);
#14866 = DIRECTION('',(0.,0.,1.));
#14867 = ORIENTED_EDGE('',*,*,#7314,.F.);
#14868 = ORIENTED_EDGE('',*,*,#14862,.F.);
#14869 = CYLINDRICAL_SURFACE('',#14870,0.5);
#14870 = AXIS2_PLACEMENT_3D('',#14871,#14872,#14873);
#14871 = CARTESIAN_POINT('',(91.367867,-129.,-4.6E-02));
#14872 = DIRECTION('',(-0.,-0.,-1.));
#14873 = DIRECTION('',(-0.,-1.,0.));
#14874 = ADVANCED_FACE('',(#14875),#14886,.F.);
#14875 = FACE_BOUND('',#14876,.T.);
#14876 = EDGE_LOOP('',(#14877,#14878,#14884,#14885));
#14877 = ORIENTED_EDGE('',*,*,#3337,.T.);
#14878 = ORIENTED_EDGE('',*,*,#14879,.T.);
#14879 = EDGE_CURVE('',#3338,#7326,#14880,.T.);
#14880 = LINE('',#14881,#14882);
#14881 = CARTESIAN_POINT('',(95.477674,-132.485949,-4.6E-02));
#14882 = VECTOR('',#14883,1.);
#14883 = DIRECTION('',(0.,0.,1.));
#14884 = ORIENTED_EDGE('',*,*,#7325,.F.);
#14885 = ORIENTED_EDGE('',*,*,#14879,.F.);
#14886 = CYLINDRICAL_SURFACE('',#14887,0.5);
#14887 = AXIS2_PLACEMENT_3D('',#14888,#14889,#14890);
#14888 = CARTESIAN_POINT('',(95.477674,-131.985949,-4.6E-02));
#14889 = DIRECTION('',(-0.,-0.,-1.));
#14890 = DIRECTION('',(-0.,-1.,0.));
#14891 = ADVANCED_FACE('',(#14892),#14903,.F.);
#14892 = FACE_BOUND('',#14893,.T.);
#14893 = EDGE_LOOP('',(#14894,#14895,#14901,#14902));
#14894 = ORIENTED_EDGE('',*,*,#3348,.T.);
#14895 = ORIENTED_EDGE('',*,*,#14896,.T.);
#14896 = EDGE_CURVE('',#3349,#7337,#14897,.T.);
#14897 = LINE('',#14898,#14899);
#14898 = CARTESIAN_POINT('',(89.312964,-128.007026,-4.6E-02));
#14899 = VECTOR('',#14900,1.);
#14900 = DIRECTION('',(0.,0.,1.));
#14901 = ORIENTED_EDGE('',*,*,#7336,.F.);
#14902 = ORIENTED_EDGE('',*,*,#14896,.F.);
#14903 = CYLINDRICAL_SURFACE('',#14904,0.5);
#14904 = AXIS2_PLACEMENT_3D('',#14905,#14906,#14907);
#14905 = CARTESIAN_POINT('',(89.312964,-127.507026,-4.6E-02));
#14906 = DIRECTION('',(-0.,-0.,-1.));
#14907 = DIRECTION('',(-0.,-1.,0.));
#14908 = ADVANCED_FACE('',(#14909),#14920,.F.);
#14909 = FACE_BOUND('',#14910,.T.);
#14910 = EDGE_LOOP('',(#14911,#14912,#14918,#14919));
#14911 = ORIENTED_EDGE('',*,*,#3359,.T.);
#14912 = ORIENTED_EDGE('',*,*,#14913,.T.);
#14913 = EDGE_CURVE('',#3360,#7348,#14914,.T.);
#14914 = LINE('',#14915,#14916);
#14915 = CARTESIAN_POINT('',(87.258061,-126.514051,-4.6E-02));
#14916 = VECTOR('',#14917,1.);
#14917 = DIRECTION('',(0.,0.,1.));
#14918 = ORIENTED_EDGE('',*,*,#7347,.F.);
#14919 = ORIENTED_EDGE('',*,*,#14913,.F.);
#14920 = CYLINDRICAL_SURFACE('',#14921,0.5);
#14921 = AXIS2_PLACEMENT_3D('',#14922,#14923,#14924);
#14922 = CARTESIAN_POINT('',(87.258061,-126.014051,-4.6E-02));
#14923 = DIRECTION('',(-0.,-0.,-1.));
#14924 = DIRECTION('',(-0.,-1.,0.));
#14925 = ADVANCED_FACE('',(#14926),#14937,.F.);
#14926 = FACE_BOUND('',#14927,.T.);
#14927 = EDGE_LOOP('',(#14928,#14929,#14935,#14936));
#14928 = ORIENTED_EDGE('',*,*,#3370,.T.);
#14929 = ORIENTED_EDGE('',*,*,#14930,.T.);
#14930 = EDGE_CURVE('',#3371,#7359,#14931,.T.);
#14931 = LINE('',#14932,#14933);
#14932 = CARTESIAN_POINT('',(100.,-124.4,-4.6E-02));
#14933 = VECTOR('',#14934,1.);
#14934 = DIRECTION('',(0.,0.,1.));
#14935 = ORIENTED_EDGE('',*,*,#7358,.F.);
#14936 = ORIENTED_EDGE('',*,*,#14930,.F.);
#14937 = CYLINDRICAL_SURFACE('',#14938,0.4);
#14938 = AXIS2_PLACEMENT_3D('',#14939,#14940,#14941);
#14939 = CARTESIAN_POINT('',(100.,-124.,-4.6E-02));
#14940 = DIRECTION('',(-0.,-0.,-1.));
#14941 = DIRECTION('',(-0.,-1.,0.));
#14942 = ADVANCED_FACE('',(#14943),#14954,.F.);
#14943 = FACE_BOUND('',#14944,.T.);
#14944 = EDGE_LOOP('',(#14945,#14946,#14952,#14953));
#14945 = ORIENTED_EDGE('',*,*,#3381,.T.);
#14946 = ORIENTED_EDGE('',*,*,#14947,.T.);
#14947 = EDGE_CURVE('',#3382,#7370,#14948,.T.);
#14948 = LINE('',#14949,#14950);
#14949 = CARTESIAN_POINT('',(105.,-124.4,-4.6E-02));
#14950 = VECTOR('',#14951,1.);
#14951 = DIRECTION('',(0.,0.,1.));
#14952 = ORIENTED_EDGE('',*,*,#7369,.F.);
#14953 = ORIENTED_EDGE('',*,*,#14947,.F.);
#14954 = CYLINDRICAL_SURFACE('',#14955,0.4);
#14955 = AXIS2_PLACEMENT_3D('',#14956,#14957,#14958);
#14956 = CARTESIAN_POINT('',(105.,-124.,-4.6E-02));
#14957 = DIRECTION('',(-0.,-0.,-1.));
#14958 = DIRECTION('',(-0.,-1.,0.));
#14959 = ADVANCED_FACE('',(#14960),#14971,.F.);
#14960 = FACE_BOUND('',#14961,.T.);
#14961 = EDGE_LOOP('',(#14962,#14963,#14969,#14970));
#14962 = ORIENTED_EDGE('',*,*,#3392,.T.);
#14963 = ORIENTED_EDGE('',*,*,#14964,.T.);
#14964 = EDGE_CURVE('',#3393,#7381,#14965,.T.);
#14965 = LINE('',#14966,#14967);
#14966 = CARTESIAN_POINT('',(142.505,-137.675,-4.6E-02));
#14967 = VECTOR('',#14968,1.);
#14968 = DIRECTION('',(0.,0.,1.));
#14969 = ORIENTED_EDGE('',*,*,#7380,.F.);
#14970 = ORIENTED_EDGE('',*,*,#14964,.F.);
#14971 = CYLINDRICAL_SURFACE('',#14972,0.51);
#14972 = AXIS2_PLACEMENT_3D('',#14973,#14974,#14975);
#14973 = CARTESIAN_POINT('',(142.505,-137.165,-4.6E-02));
#14974 = DIRECTION('',(-0.,-0.,-1.));
#14975 = DIRECTION('',(-0.,-1.,0.));
#14976 = ADVANCED_FACE('',(#14977),#14988,.F.);
#14977 = FACE_BOUND('',#14978,.T.);
#14978 = EDGE_LOOP('',(#14979,#14980,#14986,#14987));
#14979 = ORIENTED_EDGE('',*,*,#3403,.T.);
#14980 = ORIENTED_EDGE('',*,*,#14981,.T.);
#14981 = EDGE_CURVE('',#3404,#7392,#14982,.T.);
#14982 = LINE('',#14983,#14984);
#14983 = CARTESIAN_POINT('',(146.6,-135.95,-4.6E-02));
#14984 = VECTOR('',#14985,1.);
#14985 = DIRECTION('',(0.,0.,1.));
#14986 = ORIENTED_EDGE('',*,*,#7391,.F.);
#14987 = ORIENTED_EDGE('',*,*,#14981,.F.);
#14988 = CYLINDRICAL_SURFACE('',#14989,0.45);
#14989 = AXIS2_PLACEMENT_3D('',#14990,#14991,#14992);
#14990 = CARTESIAN_POINT('',(146.6,-135.5,-4.6E-02));
#14991 = DIRECTION('',(-0.,-0.,-1.));
#14992 = DIRECTION('',(-6.315935428979E-14,-1.,0.));
#14993 = ADVANCED_FACE('',(#14994),#15010,.F.);
#14994 = FACE_BOUND('',#14995,.T.);
#14995 = EDGE_LOOP('',(#14996,#14997,#15003,#15004));
#14996 = ORIENTED_EDGE('',*,*,#3414,.T.);
#14997 = ORIENTED_EDGE('',*,*,#14998,.T.);
#14998 = EDGE_CURVE('',#3417,#7405,#14999,.T.);
#14999 = LINE('',#15000,#15001);
#15000 = CARTESIAN_POINT('',(118.92,-112.2,-4.6E-02));
#15001 = VECTOR('',#15002,1.);
#15002 = DIRECTION('',(0.,0.,1.));
#15003 = ORIENTED_EDGE('',*,*,#7402,.F.);
#15004 = ORIENTED_EDGE('',*,*,#15005,.F.);
#15005 = EDGE_CURVE('',#3415,#7403,#15006,.T.);
#15006 = LINE('',#15007,#15008);
#15007 = CARTESIAN_POINT('',(118.92,-111.4,-4.6E-02));
#15008 = VECTOR('',#15009,1.);
#15009 = DIRECTION('',(0.,0.,1.));
#15010 = CYLINDRICAL_SURFACE('',#15011,0.4);
#15011 = AXIS2_PLACEMENT_3D('',#15012,#15013,#15014);
#15012 = CARTESIAN_POINT('',(118.92,-111.8,-4.6E-02));
#15013 = DIRECTION('',(-0.,-0.,-1.));
#15014 = DIRECTION('',(-0.,-1.,0.));
#15015 = ADVANCED_FACE('',(#15016),#15027,.T.);
#15016 = FACE_BOUND('',#15017,.T.);
#15017 = EDGE_LOOP('',(#15018,#15019,#15020,#15021));
#15018 = ORIENTED_EDGE('',*,*,#3442,.T.);
#15019 = ORIENTED_EDGE('',*,*,#15005,.T.);
#15020 = ORIENTED_EDGE('',*,*,#7430,.F.);
#15021 = ORIENTED_EDGE('',*,*,#15022,.F.);
#15022 = EDGE_CURVE('',#3434,#7422,#15023,.T.);
#15023 = LINE('',#15024,#15025);
#15024 = CARTESIAN_POINT('',(117.52,-111.4,-4.6E-02));
#15025 = VECTOR('',#15026,1.);
#15026 = DIRECTION('',(0.,0.,1.));
#15027 = PLANE('',#15028);
#15028 = AXIS2_PLACEMENT_3D('',#15029,#15030,#15031);
#15029 = CARTESIAN_POINT('',(118.92,-111.4,-4.6E-02));
#15030 = DIRECTION('',(0.,-1.,0.));
#15031 = DIRECTION('',(-1.,0.,0.));
#15032 = ADVANCED_FACE('',(#15033),#15044,.F.);
#15033 = FACE_BOUND('',#15034,.T.);
#15034 = EDGE_LOOP('',(#15035,#15036,#15037,#15038));
#15035 = ORIENTED_EDGE('',*,*,#3433,.T.);
#15036 = ORIENTED_EDGE('',*,*,#15022,.T.);
#15037 = ORIENTED_EDGE('',*,*,#7421,.F.);
#15038 = ORIENTED_EDGE('',*,*,#15039,.F.);
#15039 = EDGE_CURVE('',#3426,#7414,#15040,.T.);
#15040 = LINE('',#15041,#15042);
#15041 = CARTESIAN_POINT('',(117.52,-112.2,-4.6E-02));
#15042 = VECTOR('',#15043,1.);
#15043 = DIRECTION('',(0.,0.,1.));
#15044 = CYLINDRICAL_SURFACE('',#15045,0.4);
#15045 = AXIS2_PLACEMENT_3D('',#15046,#15047,#15048);
#15046 = CARTESIAN_POINT('',(117.52,-111.8,-4.6E-02));
#15047 = DIRECTION('',(-0.,0.,-1.));
#15048 = DIRECTION('',(0.,1.,0.));
#15049 = ADVANCED_FACE('',(#15050),#15056,.T.);
#15050 = FACE_BOUND('',#15051,.T.);
#15051 = EDGE_LOOP('',(#15052,#15053,#15054,#15055));
#15052 = ORIENTED_EDGE('',*,*,#3425,.T.);
#15053 = ORIENTED_EDGE('',*,*,#15039,.T.);
#15054 = ORIENTED_EDGE('',*,*,#7413,.F.);
#15055 = ORIENTED_EDGE('',*,*,#14998,.F.);
#15056 = PLANE('',#15057);
#15057 = AXIS2_PLACEMENT_3D('',#15058,#15059,#15060);
#15058 = CARTESIAN_POINT('',(117.52,-112.2,-4.6E-02));
#15059 = DIRECTION('',(0.,1.,0.));
#15060 = DIRECTION('',(1.,0.,0.));
#15061 = ADVANCED_FACE('',(#15062),#15078,.F.);
#15062 = FACE_BOUND('',#15063,.T.);
#15063 = EDGE_LOOP('',(#15064,#15065,#15071,#15072));
#15064 = ORIENTED_EDGE('',*,*,#3450,.T.);
#15065 = ORIENTED_EDGE('',*,*,#15066,.T.);
#15066 = EDGE_CURVE('',#3453,#7441,#15067,.T.);
#15067 = LINE('',#15068,#15069);
#15068 = CARTESIAN_POINT('',(118.92,-109.66,-4.6E-02));
#15069 = VECTOR('',#15070,1.);
#15070 = DIRECTION('',(0.,0.,1.));
#15071 = ORIENTED_EDGE('',*,*,#7438,.F.);
#15072 = ORIENTED_EDGE('',*,*,#15073,.F.);
#15073 = EDGE_CURVE('',#3451,#7439,#15074,.T.);
#15074 = LINE('',#15075,#15076);
#15075 = CARTESIAN_POINT('',(118.92,-108.86,-4.6E-02));
#15076 = VECTOR('',#15077,1.);
#15077 = DIRECTION('',(0.,0.,1.));
#15078 = CYLINDRICAL_SURFACE('',#15079,0.4);
#15079 = AXIS2_PLACEMENT_3D('',#15080,#15081,#15082);
#15080 = CARTESIAN_POINT('',(118.92,-109.26,-4.6E-02));
#15081 = DIRECTION('',(-0.,-0.,-1.));
#15082 = DIRECTION('',(-0.,-1.,0.));
#15083 = ADVANCED_FACE('',(#15084),#15095,.T.);
#15084 = FACE_BOUND('',#15085,.T.);
#15085 = EDGE_LOOP('',(#15086,#15087,#15088,#15089));
#15086 = ORIENTED_EDGE('',*,*,#3478,.T.);
#15087 = ORIENTED_EDGE('',*,*,#15073,.T.);
#15088 = ORIENTED_EDGE('',*,*,#7466,.F.);
#15089 = ORIENTED_EDGE('',*,*,#15090,.F.);
#15090 = EDGE_CURVE('',#3470,#7458,#15091,.T.);
#15091 = LINE('',#15092,#15093);
#15092 = CARTESIAN_POINT('',(117.52,-108.86,-4.6E-02));
#15093 = VECTOR('',#15094,1.);
#15094 = DIRECTION('',(0.,0.,1.));
#15095 = PLANE('',#15096);
#15096 = AXIS2_PLACEMENT_3D('',#15097,#15098,#15099);
#15097 = CARTESIAN_POINT('',(118.92,-108.86,-4.6E-02));
#15098 = DIRECTION('',(0.,-1.,0.));
#15099 = DIRECTION('',(-1.,0.,0.));
#15100 = ADVANCED_FACE('',(#15101),#15112,.F.);
#15101 = FACE_BOUND('',#15102,.T.);
#15102 = EDGE_LOOP('',(#15103,#15104,#15105,#15106));
#15103 = ORIENTED_EDGE('',*,*,#3469,.T.);
#15104 = ORIENTED_EDGE('',*,*,#15090,.T.);
#15105 = ORIENTED_EDGE('',*,*,#7457,.F.);
#15106 = ORIENTED_EDGE('',*,*,#15107,.F.);
#15107 = EDGE_CURVE('',#3462,#7450,#15108,.T.);
#15108 = LINE('',#15109,#15110);
#15109 = CARTESIAN_POINT('',(117.52,-109.66,-4.6E-02));
#15110 = VECTOR('',#15111,1.);
#15111 = DIRECTION('',(0.,0.,1.));
#15112 = CYLINDRICAL_SURFACE('',#15113,0.4);
#15113 = AXIS2_PLACEMENT_3D('',#15114,#15115,#15116);
#15114 = CARTESIAN_POINT('',(117.52,-109.26,-4.6E-02));
#15115 = DIRECTION('',(-0.,0.,-1.));
#15116 = DIRECTION('',(0.,1.,0.));
#15117 = ADVANCED_FACE('',(#15118),#15124,.T.);
#15118 = FACE_BOUND('',#15119,.T.);
#15119 = EDGE_LOOP('',(#15120,#15121,#15122,#15123));
#15120 = ORIENTED_EDGE('',*,*,#3461,.T.);
#15121 = ORIENTED_EDGE('',*,*,#15107,.T.);
#15122 = ORIENTED_EDGE('',*,*,#7449,.F.);
#15123 = ORIENTED_EDGE('',*,*,#15066,.F.);
#15124 = PLANE('',#15125);
#15125 = AXIS2_PLACEMENT_3D('',#15126,#15127,#15128);
#15126 = CARTESIAN_POINT('',(117.52,-109.66,-4.6E-02));
#15127 = DIRECTION('',(0.,1.,0.));
#15128 = DIRECTION('',(1.,0.,0.));
#15129 = ADVANCED_FACE('',(#15130),#15146,.F.);
#15130 = FACE_BOUND('',#15131,.T.);
#15131 = EDGE_LOOP('',(#15132,#15133,#15139,#15140));
#15132 = ORIENTED_EDGE('',*,*,#3486,.T.);
#15133 = ORIENTED_EDGE('',*,*,#15134,.T.);
#15134 = EDGE_CURVE('',#3489,#7477,#15135,.T.);
#15135 = LINE('',#15136,#15137);
#15136 = CARTESIAN_POINT('',(118.92,-107.12,-4.6E-02));
#15137 = VECTOR('',#15138,1.);
#15138 = DIRECTION('',(0.,0.,1.));
#15139 = ORIENTED_EDGE('',*,*,#7474,.F.);
#15140 = ORIENTED_EDGE('',*,*,#15141,.F.);
#15141 = EDGE_CURVE('',#3487,#7475,#15142,.T.);
#15142 = LINE('',#15143,#15144);
#15143 = CARTESIAN_POINT('',(118.92,-106.32,-4.6E-02));
#15144 = VECTOR('',#15145,1.);
#15145 = DIRECTION('',(0.,0.,1.));
#15146 = CYLINDRICAL_SURFACE('',#15147,0.4);
#15147 = AXIS2_PLACEMENT_3D('',#15148,#15149,#15150);
#15148 = CARTESIAN_POINT('',(118.92,-106.72,-4.6E-02));
#15149 = DIRECTION('',(-0.,0.,-1.));
#15150 = DIRECTION('',(3.5527136788E-14,-1.,-0.));
#15151 = ADVANCED_FACE('',(#15152),#15163,.T.);
#15152 = FACE_BOUND('',#15153,.T.);
#15153 = EDGE_LOOP('',(#15154,#15155,#15156,#15157));
#15154 = ORIENTED_EDGE('',*,*,#3514,.T.);
#15155 = ORIENTED_EDGE('',*,*,#15141,.T.);
#15156 = ORIENTED_EDGE('',*,*,#7502,.F.);
#15157 = ORIENTED_EDGE('',*,*,#15158,.F.);
#15158 = EDGE_CURVE('',#3506,#7494,#15159,.T.);
#15159 = LINE('',#15160,#15161);
#15160 = CARTESIAN_POINT('',(117.52,-106.32,-4.6E-02));
#15161 = VECTOR('',#15162,1.);
#15162 = DIRECTION('',(0.,0.,1.));
#15163 = PLANE('',#15164);
#15164 = AXIS2_PLACEMENT_3D('',#15165,#15166,#15167);
#15165 = CARTESIAN_POINT('',(118.92,-106.32,-4.6E-02));
#15166 = DIRECTION('',(0.,-1.,0.));
#15167 = DIRECTION('',(-1.,0.,0.));
#15168 = ADVANCED_FACE('',(#15169),#15180,.F.);
#15169 = FACE_BOUND('',#15170,.T.);
#15170 = EDGE_LOOP('',(#15171,#15172,#15173,#15174));
#15171 = ORIENTED_EDGE('',*,*,#3505,.T.);
#15172 = ORIENTED_EDGE('',*,*,#15158,.T.);
#15173 = ORIENTED_EDGE('',*,*,#7493,.F.);
#15174 = ORIENTED_EDGE('',*,*,#15175,.F.);
#15175 = EDGE_CURVE('',#3498,#7486,#15176,.T.);
#15176 = LINE('',#15177,#15178);
#15177 = CARTESIAN_POINT('',(117.52,-107.12,-4.6E-02));
#15178 = VECTOR('',#15179,1.);
#15179 = DIRECTION('',(0.,0.,1.));
#15180 = CYLINDRICAL_SURFACE('',#15181,0.4);
#15181 = AXIS2_PLACEMENT_3D('',#15182,#15183,#15184);
#15182 = CARTESIAN_POINT('',(117.52,-106.72,-4.6E-02));
#15183 = DIRECTION('',(-0.,-0.,-1.));
#15184 = DIRECTION('',(-3.5527136788E-14,1.,0.));
#15185 = ADVANCED_FACE('',(#15186),#15192,.T.);
#15186 = FACE_BOUND('',#15187,.T.);
#15187 = EDGE_LOOP('',(#15188,#15189,#15190,#15191));
#15188 = ORIENTED_EDGE('',*,*,#3497,.T.);
#15189 = ORIENTED_EDGE('',*,*,#15175,.T.);
#15190 = ORIENTED_EDGE('',*,*,#7485,.F.);
#15191 = ORIENTED_EDGE('',*,*,#15134,.F.);
#15192 = PLANE('',#15193);
#15193 = AXIS2_PLACEMENT_3D('',#15194,#15195,#15196);
#15194 = CARTESIAN_POINT('',(117.52,-107.12,-4.6E-02));
#15195 = DIRECTION('',(0.,1.,0.));
#15196 = DIRECTION('',(1.,0.,0.));
#15197 = ADVANCED_FACE('',(#15198),#15214,.F.);
#15198 = FACE_BOUND('',#15199,.T.);
#15199 = EDGE_LOOP('',(#15200,#15201,#15207,#15208));
#15200 = ORIENTED_EDGE('',*,*,#3522,.T.);
#15201 = ORIENTED_EDGE('',*,*,#15202,.T.);
#15202 = EDGE_CURVE('',#3525,#7513,#15203,.T.);
#15203 = LINE('',#15204,#15205);
#15204 = CARTESIAN_POINT('',(118.92,-104.58,-4.6E-02));
#15205 = VECTOR('',#15206,1.);
#15206 = DIRECTION('',(0.,0.,1.));
#15207 = ORIENTED_EDGE('',*,*,#7510,.F.);
#15208 = ORIENTED_EDGE('',*,*,#15209,.F.);
#15209 = EDGE_CURVE('',#3523,#7511,#15210,.T.);
#15210 = LINE('',#15211,#15212);
#15211 = CARTESIAN_POINT('',(118.92,-103.78,-4.6E-02));
#15212 = VECTOR('',#15213,1.);
#15213 = DIRECTION('',(0.,0.,1.));
#15214 = CYLINDRICAL_SURFACE('',#15215,0.4);
#15215 = AXIS2_PLACEMENT_3D('',#15216,#15217,#15218);
#15216 = CARTESIAN_POINT('',(118.92,-104.18,-4.6E-02));
#15217 = DIRECTION('',(-0.,-0.,-1.));
#15218 = DIRECTION('',(-0.,-1.,0.));
#15219 = ADVANCED_FACE('',(#15220),#15231,.T.);
#15220 = FACE_BOUND('',#15221,.T.);
#15221 = EDGE_LOOP('',(#15222,#15223,#15224,#15225));
#15222 = ORIENTED_EDGE('',*,*,#3550,.T.);
#15223 = ORIENTED_EDGE('',*,*,#15209,.T.);
#15224 = ORIENTED_EDGE('',*,*,#7538,.F.);
#15225 = ORIENTED_EDGE('',*,*,#15226,.F.);
#15226 = EDGE_CURVE('',#3542,#7530,#15227,.T.);
#15227 = LINE('',#15228,#15229);
#15228 = CARTESIAN_POINT('',(117.52,-103.78,-4.6E-02));
#15229 = VECTOR('',#15230,1.);
#15230 = DIRECTION('',(0.,0.,1.));
#15231 = PLANE('',#15232);
#15232 = AXIS2_PLACEMENT_3D('',#15233,#15234,#15235);
#15233 = CARTESIAN_POINT('',(118.92,-103.78,-4.6E-02));
#15234 = DIRECTION('',(0.,-1.,0.));
#15235 = DIRECTION('',(-1.,0.,0.));
#15236 = ADVANCED_FACE('',(#15237),#15248,.F.);
#15237 = FACE_BOUND('',#15238,.T.);
#15238 = EDGE_LOOP('',(#15239,#15240,#15241,#15242));
#15239 = ORIENTED_EDGE('',*,*,#3541,.T.);
#15240 = ORIENTED_EDGE('',*,*,#15226,.T.);
#15241 = ORIENTED_EDGE('',*,*,#7529,.F.);
#15242 = ORIENTED_EDGE('',*,*,#15243,.F.);
#15243 = EDGE_CURVE('',#3534,#7522,#15244,.T.);
#15244 = LINE('',#15245,#15246);
#15245 = CARTESIAN_POINT('',(117.52,-104.58,-4.6E-02));
#15246 = VECTOR('',#15247,1.);
#15247 = DIRECTION('',(0.,0.,1.));
#15248 = CYLINDRICAL_SURFACE('',#15249,0.4);
#15249 = AXIS2_PLACEMENT_3D('',#15250,#15251,#15252);
#15250 = CARTESIAN_POINT('',(117.52,-104.18,-4.6E-02));
#15251 = DIRECTION('',(-0.,0.,-1.));
#15252 = DIRECTION('',(0.,1.,0.));
#15253 = ADVANCED_FACE('',(#15254),#15260,.T.);
#15254 = FACE_BOUND('',#15255,.T.);
#15255 = EDGE_LOOP('',(#15256,#15257,#15258,#15259));
#15256 = ORIENTED_EDGE('',*,*,#3533,.T.);
#15257 = ORIENTED_EDGE('',*,*,#15243,.T.);
#15258 = ORIENTED_EDGE('',*,*,#7521,.F.);
#15259 = ORIENTED_EDGE('',*,*,#15202,.F.);
#15260 = PLANE('',#15261);
#15261 = AXIS2_PLACEMENT_3D('',#15262,#15263,#15264);
#15262 = CARTESIAN_POINT('',(117.52,-104.58,-4.6E-02));
#15263 = DIRECTION('',(0.,1.,0.));
#15264 = DIRECTION('',(1.,0.,0.));
#15265 = ADVANCED_FACE('',(#15266),#15277,.F.);
#15266 = FACE_BOUND('',#15267,.T.);
#15267 = EDGE_LOOP('',(#15268,#15269,#15275,#15276));
#15268 = ORIENTED_EDGE('',*,*,#3558,.T.);
#15269 = ORIENTED_EDGE('',*,*,#15270,.T.);
#15270 = EDGE_CURVE('',#3559,#7547,#15271,.T.);
#15271 = LINE('',#15272,#15273);
#15272 = CARTESIAN_POINT('',(142.505,-111.65,-4.6E-02));
#15273 = VECTOR('',#15274,1.);
#15274 = DIRECTION('',(0.,0.,1.));
#15275 = ORIENTED_EDGE('',*,*,#7546,.F.);
#15276 = ORIENTED_EDGE('',*,*,#15270,.F.);
#15277 = CYLINDRICAL_SURFACE('',#15278,1.65);
#15278 = AXIS2_PLACEMENT_3D('',#15279,#15280,#15281);
#15279 = CARTESIAN_POINT('',(142.505,-110.,-4.6E-02));
#15280 = DIRECTION('',(-0.,-0.,-1.));
#15281 = DIRECTION('',(-0.,-1.,0.));
#15282 = ADVANCED_FACE('',(#15283),#15294,.F.);
#15283 = FACE_BOUND('',#15284,.T.);
#15284 = EDGE_LOOP('',(#15285,#15286,#15292,#15293));
#15285 = ORIENTED_EDGE('',*,*,#3569,.T.);
#15286 = ORIENTED_EDGE('',*,*,#15287,.T.);
#15287 = EDGE_CURVE('',#3570,#7558,#15288,.T.);
#15288 = LINE('',#15289,#15290);
#15289 = CARTESIAN_POINT('',(153.4,-135.95,-4.6E-02));
#15290 = VECTOR('',#15291,1.);
#15291 = DIRECTION('',(0.,0.,1.));
#15292 = ORIENTED_EDGE('',*,*,#7557,.F.);
#15293 = ORIENTED_EDGE('',*,*,#15287,.F.);
#15294 = CYLINDRICAL_SURFACE('',#15295,0.45);
#15295 = AXIS2_PLACEMENT_3D('',#15296,#15297,#15298);
#15296 = CARTESIAN_POINT('',(153.4,-135.5,-4.6E-02));
#15297 = DIRECTION('',(-0.,0.,-1.));
#15298 = DIRECTION('',(6.315935428978E-14,-1.,-0.));
#15299 = ADVANCED_FACE('',(#15300),#15311,.F.);
#15300 = FACE_BOUND('',#15301,.T.);
#15301 = EDGE_LOOP('',(#15302,#15303,#15309,#15310));
#15302 = ORIENTED_EDGE('',*,*,#3580,.T.);
#15303 = ORIENTED_EDGE('',*,*,#15304,.T.);
#15304 = EDGE_CURVE('',#3581,#7569,#15305,.T.);
#15305 = LINE('',#15306,#15307);
#15306 = CARTESIAN_POINT('',(157.495,-137.675,-4.6E-02));
#15307 = VECTOR('',#15308,1.);
#15308 = DIRECTION('',(0.,0.,1.));
#15309 = ORIENTED_EDGE('',*,*,#7568,.F.);
#15310 = ORIENTED_EDGE('',*,*,#15304,.F.);
#15311 = CYLINDRICAL_SURFACE('',#15312,0.51);
#15312 = AXIS2_PLACEMENT_3D('',#15313,#15314,#15315);
#15313 = CARTESIAN_POINT('',(157.495,-137.165,-4.6E-02));
#15314 = DIRECTION('',(-0.,-0.,-1.));
#15315 = DIRECTION('',(-0.,-1.,0.));
#15316 = ADVANCED_FACE('',(#15317),#15328,.F.);
#15317 = FACE_BOUND('',#15318,.T.);
#15318 = EDGE_LOOP('',(#15319,#15320,#15326,#15327));
#15319 = ORIENTED_EDGE('',*,*,#3591,.T.);
#15320 = ORIENTED_EDGE('',*,*,#15321,.T.);
#15321 = EDGE_CURVE('',#3592,#7580,#15322,.T.);
#15322 = LINE('',#15323,#15324);
#15323 = CARTESIAN_POINT('',(191.4,-125.,-4.6E-02));
#15324 = VECTOR('',#15325,1.);
#15325 = DIRECTION('',(0.,0.,1.));
#15326 = ORIENTED_EDGE('',*,*,#7579,.F.);
#15327 = ORIENTED_EDGE('',*,*,#15321,.F.);
#15328 = CYLINDRICAL_SURFACE('',#15329,0.5);
#15329 = AXIS2_PLACEMENT_3D('',#15330,#15331,#15332);
#15330 = CARTESIAN_POINT('',(191.4,-124.5,-4.6E-02));
#15331 = DIRECTION('',(-0.,-0.,-1.));
#15332 = DIRECTION('',(-0.,-1.,0.));
#15333 = ADVANCED_FACE('',(#15334),#15345,.F.);
#15334 = FACE_BOUND('',#15335,.T.);
#15335 = EDGE_LOOP('',(#15336,#15337,#15343,#15344));
#15336 = ORIENTED_EDGE('',*,*,#3602,.T.);
#15337 = ORIENTED_EDGE('',*,*,#15338,.T.);
#15338 = EDGE_CURVE('',#3603,#7591,#15339,.T.);
#15339 = LINE('',#15340,#15341);
#15340 = CARTESIAN_POINT('',(191.4,-122.46,-4.6E-02));
#15341 = VECTOR('',#15342,1.);
#15342 = DIRECTION('',(0.,0.,1.));
#15343 = ORIENTED_EDGE('',*,*,#7590,.F.);
#15344 = ORIENTED_EDGE('',*,*,#15338,.F.);
#15345 = CYLINDRICAL_SURFACE('',#15346,0.5);
#15346 = AXIS2_PLACEMENT_3D('',#15347,#15348,#15349);
#15347 = CARTESIAN_POINT('',(191.4,-121.96,-4.6E-02));
#15348 = DIRECTION('',(-0.,-0.,-1.));
#15349 = DIRECTION('',(-0.,-1.,0.));
#15350 = ADVANCED_FACE('',(#15351),#15367,.F.);
#15351 = FACE_BOUND('',#15352,.T.);
#15352 = EDGE_LOOP('',(#15353,#15354,#15360,#15361));
#15353 = ORIENTED_EDGE('',*,*,#3613,.T.);
#15354 = ORIENTED_EDGE('',*,*,#15355,.T.);
#15355 = EDGE_CURVE('',#3616,#7604,#15356,.T.);
#15356 = LINE('',#15357,#15358);
#15357 = CARTESIAN_POINT('',(214.903176,-120.028499,-4.6E-02));
#15358 = VECTOR('',#15359,1.);
#15359 = DIRECTION('',(0.,0.,1.));
#15360 = ORIENTED_EDGE('',*,*,#7601,.F.);
#15361 = ORIENTED_EDGE('',*,*,#15362,.F.);
#15362 = EDGE_CURVE('',#3614,#7602,#15363,.T.);
#15363 = LINE('',#15364,#15365);
#15364 = CARTESIAN_POINT('',(214.732853,-120.624646,-4.6E-02));
#15365 = VECTOR('',#15366,1.);
#15366 = DIRECTION('',(0.,0.,1.));
#15367 = CYLINDRICAL_SURFACE('',#15368,0.310000471749);
#15368 = AXIS2_PLACEMENT_3D('',#15369,#15370,#15371);
#15369 = CARTESIAN_POINT('',(214.8180145,-120.3265725,-4.6E-02));
#15370 = DIRECTION('',(-0.,-0.,-1.));
#15371 = DIRECTION('',(0.274714098077,0.961525956133,-0.));
#15372 = ADVANCED_FACE('',(#15373),#15384,.T.);
#15373 = FACE_BOUND('',#15374,.T.);
#15374 = EDGE_LOOP('',(#15375,#15376,#15377,#15378));
#15375 = ORIENTED_EDGE('',*,*,#3641,.T.);
#15376 = ORIENTED_EDGE('',*,*,#15362,.T.);
#15377 = ORIENTED_EDGE('',*,*,#7629,.F.);
#15378 = ORIENTED_EDGE('',*,*,#15379,.F.);
#15379 = EDGE_CURVE('',#3633,#7621,#15380,.T.);
#15380 = LINE('',#15381,#15382);
#15381 = CARTESIAN_POINT('',(215.290537,-120.78398,-4.6E-02));
#15382 = VECTOR('',#15383,1.);
#15383 = DIRECTION('',(0.,0.,1.));
#15384 = PLANE('',#15385);
#15385 = AXIS2_PLACEMENT_3D('',#15386,#15387,#15388);
#15386 = CARTESIAN_POINT('',(214.732853,-120.624646,-4.6E-02));
#15387 = DIRECTION('',(0.274714296388,0.961525899474,-0.));
#15388 = DIRECTION('',(0.961525899474,-0.274714296388,0.));
#15389 = ADVANCED_FACE('',(#15390),#15401,.F.);
#15390 = FACE_BOUND('',#15391,.T.);
#15391 = EDGE_LOOP('',(#15392,#15393,#15394,#15395));
#15392 = ORIENTED_EDGE('',*,*,#3632,.T.);
#15393 = ORIENTED_EDGE('',*,*,#15379,.T.);
#15394 = ORIENTED_EDGE('',*,*,#7620,.F.);
#15395 = ORIENTED_EDGE('',*,*,#15396,.F.);
#15396 = EDGE_CURVE('',#3625,#7613,#15397,.T.);
#15397 = LINE('',#15398,#15399);
#15398 = CARTESIAN_POINT('',(215.46086,-120.187833,-4.6E-02));
#15399 = VECTOR('',#15400,1.);
#15400 = DIRECTION('',(0.,0.,1.));
#15401 = CYLINDRICAL_SURFACE('',#15402,0.310000471749);
#15402 = AXIS2_PLACEMENT_3D('',#15403,#15404,#15405);
#15403 = CARTESIAN_POINT('',(215.3756985,-120.4859065,-4.6E-02));
#15404 = DIRECTION('',(-0.,-0.,-1.));
#15405 = DIRECTION('',(-0.274714098077,-0.961525956133,0.));
#15406 = ADVANCED_FACE('',(#15407),#15413,.T.);
#15407 = FACE_BOUND('',#15408,.T.);
#15408 = EDGE_LOOP('',(#15409,#15410,#15411,#15412));
#15409 = ORIENTED_EDGE('',*,*,#3624,.T.);
#15410 = ORIENTED_EDGE('',*,*,#15396,.T.);
#15411 = ORIENTED_EDGE('',*,*,#7612,.F.);
#15412 = ORIENTED_EDGE('',*,*,#15355,.F.);
#15413 = PLANE('',#15414);
#15414 = AXIS2_PLACEMENT_3D('',#15415,#15416,#15417);
#15415 = CARTESIAN_POINT('',(215.46086,-120.187833,-4.6E-02));
#15416 = DIRECTION('',(-0.274714296388,-0.961525899474,0.));
#15417 = DIRECTION('',(-0.961525899474,0.274714296388,0.));
#15418 = ADVANCED_FACE('',(#15419),#15430,.F.);
#15419 = FACE_BOUND('',#15420,.T.);
#15420 = EDGE_LOOP('',(#15421,#15422,#15428,#15429));
#15421 = ORIENTED_EDGE('',*,*,#3649,.T.);
#15422 = ORIENTED_EDGE('',*,*,#15423,.T.);
#15423 = EDGE_CURVE('',#3650,#7638,#15424,.T.);
#15424 = LINE('',#15425,#15426);
#15425 = CARTESIAN_POINT('',(157.495,-111.65,-4.6E-02));
#15426 = VECTOR('',#15427,1.);
#15427 = DIRECTION('',(0.,0.,1.));
#15428 = ORIENTED_EDGE('',*,*,#7637,.F.);
#15429 = ORIENTED_EDGE('',*,*,#15423,.F.);
#15430 = CYLINDRICAL_SURFACE('',#15431,1.65);
#15431 = AXIS2_PLACEMENT_3D('',#15432,#15433,#15434);
#15432 = CARTESIAN_POINT('',(157.495,-110.,-4.6E-02));
#15433 = DIRECTION('',(-0.,-0.,-1.));
#15434 = DIRECTION('',(-0.,-1.,0.));
#15435 = ADVANCED_FACE('',(#15436),#15447,.F.);
#15436 = FACE_BOUND('',#15437,.T.);
#15437 = EDGE_LOOP('',(#15438,#15439,#15445,#15446));
#15438 = ORIENTED_EDGE('',*,*,#3660,.T.);
#15439 = ORIENTED_EDGE('',*,*,#15440,.T.);
#15440 = EDGE_CURVE('',#3661,#7649,#15441,.T.);
#15441 = LINE('',#15442,#15443);
#15442 = CARTESIAN_POINT('',(179.395,-105.1,-4.6E-02));
#15443 = VECTOR('',#15444,1.);
#15444 = DIRECTION('',(0.,0.,1.));
#15445 = ORIENTED_EDGE('',*,*,#7648,.F.);
#15446 = ORIENTED_EDGE('',*,*,#15440,.F.);
#15447 = CYLINDRICAL_SURFACE('',#15448,0.15);
#15448 = AXIS2_PLACEMENT_3D('',#15449,#15450,#15451);
#15449 = CARTESIAN_POINT('',(179.395,-104.95,-4.6E-02));
#15450 = DIRECTION('',(-0.,0.,-1.));
#15451 = DIRECTION('',(1.894780628694E-13,-1.,-0.));
#15452 = ADVANCED_FACE('',(#15453),#15464,.F.);
#15453 = FACE_BOUND('',#15454,.T.);
#15454 = EDGE_LOOP('',(#15455,#15456,#15462,#15463));
#15455 = ORIENTED_EDGE('',*,*,#3671,.T.);
#15456 = ORIENTED_EDGE('',*,*,#15457,.T.);
#15457 = EDGE_CURVE('',#3672,#7660,#15458,.T.);
#15458 = LINE('',#15459,#15460);
#15459 = CARTESIAN_POINT('',(180.795,-105.1,-4.6E-02));
#15460 = VECTOR('',#15461,1.);
#15461 = DIRECTION('',(0.,0.,1.));
#15462 = ORIENTED_EDGE('',*,*,#7659,.F.);
#15463 = ORIENTED_EDGE('',*,*,#15457,.F.);
#15464 = CYLINDRICAL_SURFACE('',#15465,0.15);
#15465 = AXIS2_PLACEMENT_3D('',#15466,#15467,#15468);
#15466 = CARTESIAN_POINT('',(180.795,-104.95,-4.6E-02));
#15467 = DIRECTION('',(-0.,-0.,-1.));
#15468 = DIRECTION('',(-1.894780628694E-13,-1.,0.));
#15469 = ADVANCED_FACE('',(#15470),#15481,.F.);
#15470 = FACE_BOUND('',#15471,.T.);
#15471 = EDGE_LOOP('',(#15472,#15473,#15479,#15480));
#15472 = ORIENTED_EDGE('',*,*,#3682,.T.);
#15473 = ORIENTED_EDGE('',*,*,#15474,.T.);
#15474 = EDGE_CURVE('',#3683,#7671,#15475,.T.);
#15475 = LINE('',#15476,#15477);
#15476 = CARTESIAN_POINT('',(177.795,-103.5,-4.6E-02));
#15477 = VECTOR('',#15478,1.);
#15478 = DIRECTION('',(0.,0.,1.));
#15479 = ORIENTED_EDGE('',*,*,#7670,.F.);
#15480 = ORIENTED_EDGE('',*,*,#15474,.F.);
#15481 = CYLINDRICAL_SURFACE('',#15482,0.15);
#15482 = AXIS2_PLACEMENT_3D('',#15483,#15484,#15485);
#15483 = CARTESIAN_POINT('',(177.795,-103.35,-4.6E-02));
#15484 = DIRECTION('',(-0.,-0.,-1.));
#15485 = DIRECTION('',(-1.894780628694E-13,-1.,0.));
#15486 = ADVANCED_FACE('',(#15487),#15498,.F.);
#15487 = FACE_BOUND('',#15488,.T.);
#15488 = EDGE_LOOP('',(#15489,#15490,#15496,#15497));
#15489 = ORIENTED_EDGE('',*,*,#3693,.T.);
#15490 = ORIENTED_EDGE('',*,*,#15491,.T.);
#15491 = EDGE_CURVE('',#3694,#7682,#15492,.T.);
#15492 = LINE('',#15493,#15494);
#15493 = CARTESIAN_POINT('',(177.795,-102.1,-4.6E-02));
#15494 = VECTOR('',#15495,1.);
#15495 = DIRECTION('',(0.,0.,1.));
#15496 = ORIENTED_EDGE('',*,*,#7681,.F.);
#15497 = ORIENTED_EDGE('',*,*,#15491,.F.);
#15498 = CYLINDRICAL_SURFACE('',#15499,0.15);
#15499 = AXIS2_PLACEMENT_3D('',#15500,#15501,#15502);
#15500 = CARTESIAN_POINT('',(177.795,-101.95,-4.6E-02));
#15501 = DIRECTION('',(-0.,-0.,-1.));
#15502 = DIRECTION('',(-1.894780628694E-13,-1.,0.));
#15503 = ADVANCED_FACE('',(#15504),#15515,.F.);
#15504 = FACE_BOUND('',#15505,.T.);
#15505 = EDGE_LOOP('',(#15506,#15507,#15513,#15514));
#15506 = ORIENTED_EDGE('',*,*,#3704,.T.);
#15507 = ORIENTED_EDGE('',*,*,#15508,.T.);
#15508 = EDGE_CURVE('',#3705,#7693,#15509,.T.);
#15509 = LINE('',#15510,#15511);
#15510 = CARTESIAN_POINT('',(182.395,-103.5,-4.6E-02));
#15511 = VECTOR('',#15512,1.);
#15512 = DIRECTION('',(0.,0.,1.));
#15513 = ORIENTED_EDGE('',*,*,#7692,.F.);
#15514 = ORIENTED_EDGE('',*,*,#15508,.F.);
#15515 = CYLINDRICAL_SURFACE('',#15516,0.15);
#15516 = AXIS2_PLACEMENT_3D('',#15517,#15518,#15519);
#15517 = CARTESIAN_POINT('',(182.395,-103.35,-4.6E-02));
#15518 = DIRECTION('',(-0.,0.,-1.));
#15519 = DIRECTION('',(1.894780628694E-13,-1.,-0.));
#15520 = ADVANCED_FACE('',(#15521),#15532,.F.);
#15521 = FACE_BOUND('',#15522,.T.);
#15522 = EDGE_LOOP('',(#15523,#15524,#15530,#15531));
#15523 = ORIENTED_EDGE('',*,*,#3715,.T.);
#15524 = ORIENTED_EDGE('',*,*,#15525,.T.);
#15525 = EDGE_CURVE('',#3716,#7704,#15526,.T.);
#15526 = LINE('',#15527,#15528);
#15527 = CARTESIAN_POINT('',(182.395,-102.1,-4.6E-02));
#15528 = VECTOR('',#15529,1.);
#15529 = DIRECTION('',(0.,0.,1.));
#15530 = ORIENTED_EDGE('',*,*,#7703,.F.);
#15531 = ORIENTED_EDGE('',*,*,#15525,.F.);
#15532 = CYLINDRICAL_SURFACE('',#15533,0.15);
#15533 = AXIS2_PLACEMENT_3D('',#15534,#15535,#15536);
#15534 = CARTESIAN_POINT('',(182.395,-101.95,-4.6E-02));
#15535 = DIRECTION('',(-0.,0.,-1.));
#15536 = DIRECTION('',(1.894780628694E-13,-1.,-0.));
#15537 = ADVANCED_FACE('',(#15538),#15549,.F.);
#15538 = FACE_BOUND('',#15539,.T.);
#15539 = EDGE_LOOP('',(#15540,#15541,#15547,#15548));
#15540 = ORIENTED_EDGE('',*,*,#3726,.T.);
#15541 = ORIENTED_EDGE('',*,*,#15542,.T.);
#15542 = EDGE_CURVE('',#3727,#7715,#15543,.T.);
#15543 = LINE('',#15544,#15545);
#15544 = CARTESIAN_POINT('',(191.4,-119.92,-4.6E-02));
#15545 = VECTOR('',#15546,1.);
#15546 = DIRECTION('',(0.,0.,1.));
#15547 = ORIENTED_EDGE('',*,*,#7714,.F.);
#15548 = ORIENTED_EDGE('',*,*,#15542,.F.);
#15549 = CYLINDRICAL_SURFACE('',#15550,0.5);
#15550 = AXIS2_PLACEMENT_3D('',#15551,#15552,#15553);
#15551 = CARTESIAN_POINT('',(191.4,-119.42,-4.6E-02));
#15552 = DIRECTION('',(-0.,-0.,-1.));
#15553 = DIRECTION('',(-0.,-1.,0.));
#15554 = ADVANCED_FACE('',(#15555),#15566,.F.);
#15555 = FACE_BOUND('',#15556,.T.);
#15556 = EDGE_LOOP('',(#15557,#15558,#15564,#15565));
#15557 = ORIENTED_EDGE('',*,*,#3737,.T.);
#15558 = ORIENTED_EDGE('',*,*,#15559,.T.);
#15559 = EDGE_CURVE('',#3738,#7726,#15560,.T.);
#15560 = LINE('',#15561,#15562);
#15561 = CARTESIAN_POINT('',(191.4,-117.38,-4.6E-02));
#15562 = VECTOR('',#15563,1.);
#15563 = DIRECTION('',(0.,0.,1.));
#15564 = ORIENTED_EDGE('',*,*,#7725,.F.);
#15565 = ORIENTED_EDGE('',*,*,#15559,.F.);
#15566 = CYLINDRICAL_SURFACE('',#15567,0.5);
#15567 = AXIS2_PLACEMENT_3D('',#15568,#15569,#15570);
#15568 = CARTESIAN_POINT('',(191.4,-116.88,-4.6E-02));
#15569 = DIRECTION('',(-0.,-0.,-1.));
#15570 = DIRECTION('',(-0.,-1.,0.));
#15571 = ADVANCED_FACE('',(#15572),#15583,.F.);
#15572 = FACE_BOUND('',#15573,.T.);
#15573 = EDGE_LOOP('',(#15574,#15575,#15581,#15582));
#15574 = ORIENTED_EDGE('',*,*,#3748,.T.);
#15575 = ORIENTED_EDGE('',*,*,#15576,.T.);
#15576 = EDGE_CURVE('',#3749,#7737,#15577,.T.);
#15577 = LINE('',#15578,#15579);
#15578 = CARTESIAN_POINT('',(191.4,-114.84,-4.6E-02));
#15579 = VECTOR('',#15580,1.);
#15580 = DIRECTION('',(0.,0.,1.));
#15581 = ORIENTED_EDGE('',*,*,#7736,.F.);
#15582 = ORIENTED_EDGE('',*,*,#15576,.F.);
#15583 = CYLINDRICAL_SURFACE('',#15584,0.5);
#15584 = AXIS2_PLACEMENT_3D('',#15585,#15586,#15587);
#15585 = CARTESIAN_POINT('',(191.4,-114.34,-4.6E-02));
#15586 = DIRECTION('',(-0.,-0.,-1.));
#15587 = DIRECTION('',(-0.,-1.,0.));
#15588 = ADVANCED_FACE('',(#15589),#15600,.F.);
#15589 = FACE_BOUND('',#15590,.T.);
#15590 = EDGE_LOOP('',(#15591,#15592,#15598,#15599));
#15591 = ORIENTED_EDGE('',*,*,#3759,.T.);
#15592 = ORIENTED_EDGE('',*,*,#15593,.T.);
#15593 = EDGE_CURVE('',#3760,#7748,#15594,.T.);
#15594 = LINE('',#15595,#15596);
#15595 = CARTESIAN_POINT('',(191.4,-112.3,-4.6E-02));
#15596 = VECTOR('',#15597,1.);
#15597 = DIRECTION('',(0.,0.,1.));
#15598 = ORIENTED_EDGE('',*,*,#7747,.F.);
#15599 = ORIENTED_EDGE('',*,*,#15593,.F.);
#15600 = CYLINDRICAL_SURFACE('',#15601,0.5);
#15601 = AXIS2_PLACEMENT_3D('',#15602,#15603,#15604);
#15602 = CARTESIAN_POINT('',(191.4,-111.8,-4.6E-02));
#15603 = DIRECTION('',(-0.,-0.,-1.));
#15604 = DIRECTION('',(-0.,-1.,0.));
#15605 = ADVANCED_FACE('',(#15606),#15622,.F.);
#15606 = FACE_BOUND('',#15607,.T.);
#15607 = EDGE_LOOP('',(#15608,#15609,#15615,#15616));
#15608 = ORIENTED_EDGE('',*,*,#3770,.T.);
#15609 = ORIENTED_EDGE('',*,*,#15610,.T.);
#15610 = EDGE_CURVE('',#3773,#7761,#15611,.T.);
#15611 = LINE('',#15612,#15613);
#15612 = CARTESIAN_POINT('',(210.643616,-118.811513,-4.6E-02));
#15613 = VECTOR('',#15614,1.);
#15614 = DIRECTION('',(0.,0.,1.));
#15615 = ORIENTED_EDGE('',*,*,#7758,.F.);
#15616 = ORIENTED_EDGE('',*,*,#15617,.F.);
#15617 = EDGE_CURVE('',#3771,#7759,#15618,.T.);
#15618 = LINE('',#15619,#15620);
#15619 = CARTESIAN_POINT('',(210.473293,-119.407658,-4.6E-02));
#15620 = VECTOR('',#15621,1.);
#15621 = DIRECTION('',(0.,0.,1.));
#15622 = CYLINDRICAL_SURFACE('',#15623,0.309999510223);
#15623 = AXIS2_PLACEMENT_3D('',#15624,#15625,#15626);
#15624 = CARTESIAN_POINT('',(210.5584545,-119.1095855,-4.6E-02));
#15625 = DIRECTION('',(-0.,-0.,-1.));
#15626 = DIRECTION('',(0.274714950158,0.961525712688,-0.));
#15627 = ADVANCED_FACE('',(#15628),#15639,.T.);
#15628 = FACE_BOUND('',#15629,.T.);
#15629 = EDGE_LOOP('',(#15630,#15631,#15632,#15633));
#15630 = ORIENTED_EDGE('',*,*,#3798,.T.);
#15631 = ORIENTED_EDGE('',*,*,#15617,.T.);
#15632 = ORIENTED_EDGE('',*,*,#7786,.F.);
#15633 = ORIENTED_EDGE('',*,*,#15634,.F.);
#15634 = EDGE_CURVE('',#3790,#7778,#15635,.T.);
#15635 = LINE('',#15636,#15637);
#15636 = CARTESIAN_POINT('',(211.511741,-119.70435,-4.6E-02));
#15637 = VECTOR('',#15638,1.);
#15638 = DIRECTION('',(0.,0.,1.));
#15639 = PLANE('',#15640);
#15640 = AXIS2_PLACEMENT_3D('',#15641,#15642,#15643);
#15641 = CARTESIAN_POINT('',(210.473293,-119.407658,-4.6E-02));
#15642 = DIRECTION('',(0.274714768703,0.961525764531,-0.));
#15643 = DIRECTION('',(0.961525764531,-0.274714768703,0.));
#15644 = ADVANCED_FACE('',(#15645),#15656,.F.);
#15645 = FACE_BOUND('',#15646,.T.);
#15646 = EDGE_LOOP('',(#15647,#15648,#15649,#15650));
#15647 = ORIENTED_EDGE('',*,*,#3789,.T.);
#15648 = ORIENTED_EDGE('',*,*,#15634,.T.);
#15649 = ORIENTED_EDGE('',*,*,#7777,.F.);
#15650 = ORIENTED_EDGE('',*,*,#15651,.F.);
#15651 = EDGE_CURVE('',#3782,#7770,#15652,.T.);
#15652 = LINE('',#15653,#15654);
#15653 = CARTESIAN_POINT('',(211.682064,-119.108205,-4.6E-02));
#15654 = VECTOR('',#15655,1.);
#15655 = DIRECTION('',(0.,0.,1.));
#15656 = CYLINDRICAL_SURFACE('',#15657,0.309999510223);
#15657 = AXIS2_PLACEMENT_3D('',#15658,#15659,#15660);
#15658 = CARTESIAN_POINT('',(211.5969025,-119.4062775,-4.6E-02));
#15659 = DIRECTION('',(-0.,-0.,-1.));
#15660 = DIRECTION('',(-0.274714950158,-0.961525712688,0.));
#15661 = ADVANCED_FACE('',(#15662),#15668,.T.);
#15662 = FACE_BOUND('',#15663,.T.);
#15663 = EDGE_LOOP('',(#15664,#15665,#15666,#15667));
#15664 = ORIENTED_EDGE('',*,*,#3781,.T.);
#15665 = ORIENTED_EDGE('',*,*,#15651,.T.);
#15666 = ORIENTED_EDGE('',*,*,#7769,.F.);
#15667 = ORIENTED_EDGE('',*,*,#15610,.F.);
#15668 = PLANE('',#15669);
#15669 = AXIS2_PLACEMENT_3D('',#15670,#15671,#15672);
#15670 = CARTESIAN_POINT('',(211.682064,-119.108205,-4.6E-02));
#15671 = DIRECTION('',(-0.274714768703,-0.961525764531,0.));
#15672 = DIRECTION('',(-0.961525764531,0.274714768703,0.));
#15673 = ADVANCED_FACE('',(#15674),#15685,.F.);
#15674 = FACE_BOUND('',#15675,.T.);
#15675 = EDGE_LOOP('',(#15676,#15677,#15683,#15684));
#15676 = ORIENTED_EDGE('',*,*,#3806,.T.);
#15677 = ORIENTED_EDGE('',*,*,#15678,.T.);
#15678 = EDGE_CURVE('',#3807,#7795,#15679,.T.);
#15679 = LINE('',#15680,#15681);
#15680 = CARTESIAN_POINT('',(211.951284,-118.345307,-4.6E-02));
#15681 = VECTOR('',#15682,1.);
#15682 = DIRECTION('',(0.,0.,1.));
#15683 = ORIENTED_EDGE('',*,*,#7794,.F.);
#15684 = ORIENTED_EDGE('',*,*,#15678,.F.);
#15685 = CYLINDRICAL_SURFACE('',#15686,0.325);
#15686 = AXIS2_PLACEMENT_3D('',#15687,#15688,#15689);
#15687 = CARTESIAN_POINT('',(211.951284,-118.020307,-4.6E-02));
#15688 = DIRECTION('',(-0.,-0.,-1.));
#15689 = DIRECTION('',(-0.,-1.,0.));
#15690 = ADVANCED_FACE('',(#15691),#15702,.F.);
#15691 = FACE_BOUND('',#15692,.T.);
#15692 = EDGE_LOOP('',(#15693,#15694,#15700,#15701));
#15693 = ORIENTED_EDGE('',*,*,#3817,.T.);
#15694 = ORIENTED_EDGE('',*,*,#15695,.T.);
#15695 = EDGE_CURVE('',#3818,#7806,#15696,.T.);
#15696 = LINE('',#15697,#15698);
#15697 = CARTESIAN_POINT('',(213.539134,-112.787688,-4.6E-02));
#15698 = VECTOR('',#15699,1.);
#15699 = DIRECTION('',(0.,0.,1.));
#15700 = ORIENTED_EDGE('',*,*,#7805,.F.);
#15701 = ORIENTED_EDGE('',*,*,#15695,.F.);
#15702 = CYLINDRICAL_SURFACE('',#15703,0.325);
#15703 = AXIS2_PLACEMENT_3D('',#15704,#15705,#15706);
#15704 = CARTESIAN_POINT('',(213.539134,-112.462688,-4.6E-02));
#15705 = DIRECTION('',(-0.,-0.,-1.));
#15706 = DIRECTION('',(-0.,-1.,0.));
#15707 = ADVANCED_FACE('',(#15708),#15724,.F.);
#15708 = FACE_BOUND('',#15709,.T.);
#15709 = EDGE_LOOP('',(#15710,#15711,#15717,#15718));
#15710 = ORIENTED_EDGE('',*,*,#3828,.T.);
#15711 = ORIENTED_EDGE('',*,*,#15712,.T.);
#15712 = EDGE_CURVE('',#3831,#7819,#15713,.T.);
#15713 = LINE('',#15714,#15715);
#15714 = CARTESIAN_POINT('',(213.017149,-110.50393,-4.6E-02));
#15715 = VECTOR('',#15716,1.);
#15716 = DIRECTION('',(0.,0.,1.));
#15717 = ORIENTED_EDGE('',*,*,#7816,.F.);
#15718 = ORIENTED_EDGE('',*,*,#15719,.F.);
#15719 = EDGE_CURVE('',#3829,#7817,#15720,.T.);
#15720 = LINE('',#15721,#15722);
#15721 = CARTESIAN_POINT('',(212.846826,-111.100075,-4.6E-02));
#15722 = VECTOR('',#15723,1.);
#15723 = DIRECTION('',(0.,0.,1.));
#15724 = CYLINDRICAL_SURFACE('',#15725,0.309999510223);
#15725 = AXIS2_PLACEMENT_3D('',#15726,#15727,#15728);
#15726 = CARTESIAN_POINT('',(212.9319875,-110.8020025,-4.6E-02));
#15727 = DIRECTION('',(-0.,-0.,-1.));
#15728 = DIRECTION('',(0.274714950158,0.961525712688,-0.));
#15729 = ADVANCED_FACE('',(#15730),#15741,.T.);
#15730 = FACE_BOUND('',#15731,.T.);
#15731 = EDGE_LOOP('',(#15732,#15733,#15734,#15735));
#15732 = ORIENTED_EDGE('',*,*,#3856,.T.);
#15733 = ORIENTED_EDGE('',*,*,#15719,.T.);
#15734 = ORIENTED_EDGE('',*,*,#7844,.F.);
#15735 = ORIENTED_EDGE('',*,*,#15736,.F.);
#15736 = EDGE_CURVE('',#3848,#7836,#15737,.T.);
#15737 = LINE('',#15738,#15739);
#15738 = CARTESIAN_POINT('',(213.885274,-111.396767,-4.6E-02));
#15739 = VECTOR('',#15740,1.);
#15740 = DIRECTION('',(0.,0.,1.));
#15741 = PLANE('',#15742);
#15742 = AXIS2_PLACEMENT_3D('',#15743,#15744,#15745);
#15743 = CARTESIAN_POINT('',(212.846826,-111.100075,-4.6E-02));
#15744 = DIRECTION('',(0.274714768703,0.961525764531,-0.));
#15745 = DIRECTION('',(0.961525764531,-0.274714768703,0.));
#15746 = ADVANCED_FACE('',(#15747),#15758,.F.);
#15747 = FACE_BOUND('',#15748,.T.);
#15748 = EDGE_LOOP('',(#15749,#15750,#15751,#15752));
#15749 = ORIENTED_EDGE('',*,*,#3847,.T.);
#15750 = ORIENTED_EDGE('',*,*,#15736,.T.);
#15751 = ORIENTED_EDGE('',*,*,#7835,.F.);
#15752 = ORIENTED_EDGE('',*,*,#15753,.F.);
#15753 = EDGE_CURVE('',#3840,#7828,#15754,.T.);
#15754 = LINE('',#15755,#15756);
#15755 = CARTESIAN_POINT('',(214.055597,-110.800622,-4.6E-02));
#15756 = VECTOR('',#15757,1.);
#15757 = DIRECTION('',(0.,0.,1.));
#15758 = CYLINDRICAL_SURFACE('',#15759,0.309999510223);
#15759 = AXIS2_PLACEMENT_3D('',#15760,#15761,#15762);
#15760 = CARTESIAN_POINT('',(213.9704355,-111.0986945,-4.6E-02));
#15761 = DIRECTION('',(-0.,-0.,-1.));
#15762 = DIRECTION('',(-0.274714950158,-0.961525712688,0.));
#15763 = ADVANCED_FACE('',(#15764),#15770,.T.);
#15764 = FACE_BOUND('',#15765,.T.);
#15765 = EDGE_LOOP('',(#15766,#15767,#15768,#15769));
#15766 = ORIENTED_EDGE('',*,*,#3839,.T.);
#15767 = ORIENTED_EDGE('',*,*,#15753,.T.);
#15768 = ORIENTED_EDGE('',*,*,#7827,.F.);
#15769 = ORIENTED_EDGE('',*,*,#15712,.F.);
#15770 = PLANE('',#15771);
#15771 = AXIS2_PLACEMENT_3D('',#15772,#15773,#15774);
#15772 = CARTESIAN_POINT('',(214.055597,-110.800622,-4.6E-02));
#15773 = DIRECTION('',(-0.274714768703,-0.961525764531,0.));
#15774 = DIRECTION('',(-0.961525764531,0.274714768703,0.));
#15775 = ADVANCED_FACE('',(#15776),#15792,.F.);
#15776 = FACE_BOUND('',#15777,.T.);
#15777 = EDGE_LOOP('',(#15778,#15779,#15785,#15786));
#15778 = ORIENTED_EDGE('',*,*,#3864,.T.);
#15779 = ORIENTED_EDGE('',*,*,#15780,.T.);
#15780 = EDGE_CURVE('',#3867,#7855,#15781,.T.);
#15781 = LINE('',#15782,#15783);
#15782 = CARTESIAN_POINT('',(217.276708,-111.720914,-4.6E-02));
#15783 = VECTOR('',#15784,1.);
#15784 = DIRECTION('',(0.,0.,1.));
#15785 = ORIENTED_EDGE('',*,*,#7852,.F.);
#15786 = ORIENTED_EDGE('',*,*,#15787,.F.);
#15787 = EDGE_CURVE('',#3865,#7853,#15788,.T.);
#15788 = LINE('',#15789,#15790);
#15789 = CARTESIAN_POINT('',(217.106385,-112.317061,-4.6E-02));
#15790 = VECTOR('',#15791,1.);
#15791 = DIRECTION('',(0.,0.,1.));
#15792 = CYLINDRICAL_SURFACE('',#15793,0.310000471749);
#15793 = AXIS2_PLACEMENT_3D('',#15794,#15795,#15796);
#15794 = CARTESIAN_POINT('',(217.1915465,-112.0189875,-4.6E-02));
#15795 = DIRECTION('',(-0.,-0.,-1.));
#15796 = DIRECTION('',(0.274714098077,0.961525956133,-0.));
#15797 = ADVANCED_FACE('',(#15798),#15809,.T.);
#15798 = FACE_BOUND('',#15799,.T.);
#15799 = EDGE_LOOP('',(#15800,#15801,#15802,#15803));
#15800 = ORIENTED_EDGE('',*,*,#3892,.T.);
#15801 = ORIENTED_EDGE('',*,*,#15787,.T.);
#15802 = ORIENTED_EDGE('',*,*,#7880,.F.);
#15803 = ORIENTED_EDGE('',*,*,#15804,.F.);
#15804 = EDGE_CURVE('',#3884,#7872,#15805,.T.);
#15805 = LINE('',#15806,#15807);
#15806 = CARTESIAN_POINT('',(217.664069,-112.476395,-4.6E-02));
#15807 = VECTOR('',#15808,1.);
#15808 = DIRECTION('',(0.,0.,1.));
#15809 = PLANE('',#15810);
#15810 = AXIS2_PLACEMENT_3D('',#15811,#15812,#15813);
#15811 = CARTESIAN_POINT('',(217.106385,-112.317061,-4.6E-02));
#15812 = DIRECTION('',(0.274714296388,0.961525899474,-0.));
#15813 = DIRECTION('',(0.961525899474,-0.274714296388,0.));
#15814 = ADVANCED_FACE('',(#15815),#15826,.F.);
#15815 = FACE_BOUND('',#15816,.T.);
#15816 = EDGE_LOOP('',(#15817,#15818,#15819,#15820));
#15817 = ORIENTED_EDGE('',*,*,#3883,.T.);
#15818 = ORIENTED_EDGE('',*,*,#15804,.T.);
#15819 = ORIENTED_EDGE('',*,*,#7871,.F.);
#15820 = ORIENTED_EDGE('',*,*,#15821,.F.);
#15821 = EDGE_CURVE('',#3876,#7864,#15822,.T.);
#15822 = LINE('',#15823,#15824);
#15823 = CARTESIAN_POINT('',(217.834392,-111.880248,-4.6E-02));
#15824 = VECTOR('',#15825,1.);
#15825 = DIRECTION('',(0.,0.,1.));
#15826 = CYLINDRICAL_SURFACE('',#15827,0.310000471749);
#15827 = AXIS2_PLACEMENT_3D('',#15828,#15829,#15830);
#15828 = CARTESIAN_POINT('',(217.7492305,-112.1783215,-4.6E-02));
#15829 = DIRECTION('',(-0.,-0.,-1.));
#15830 = DIRECTION('',(-0.274714098077,-0.961525956133,0.));
#15831 = ADVANCED_FACE('',(#15832),#15838,.T.);
#15832 = FACE_BOUND('',#15833,.T.);
#15833 = EDGE_LOOP('',(#15834,#15835,#15836,#15837));
#15834 = ORIENTED_EDGE('',*,*,#3875,.T.);
#15835 = ORIENTED_EDGE('',*,*,#15821,.T.);
#15836 = ORIENTED_EDGE('',*,*,#7863,.F.);
#15837 = ORIENTED_EDGE('',*,*,#15780,.F.);
#15838 = PLANE('',#15839);
#15839 = AXIS2_PLACEMENT_3D('',#15840,#15841,#15842);
#15840 = CARTESIAN_POINT('',(217.834392,-111.880248,-4.6E-02));
#15841 = DIRECTION('',(-0.274714296388,-0.961525899474,0.));
#15842 = DIRECTION('',(-0.961525899474,0.274714296388,0.));
#15843 = ADVANCED_FACE('',(#15844),#15855,.F.);
#15844 = FACE_BOUND('',#15845,.T.);
#15845 = EDGE_LOOP('',(#15846,#15847,#15853,#15854));
#15846 = ORIENTED_EDGE('',*,*,#3900,.T.);
#15847 = ORIENTED_EDGE('',*,*,#15848,.T.);
#15848 = EDGE_CURVE('',#3901,#7889,#15849,.T.);
#15849 = LINE('',#15850,#15851);
#15850 = CARTESIAN_POINT('',(191.4,-109.76,-4.6E-02));
#15851 = VECTOR('',#15852,1.);
#15852 = DIRECTION('',(0.,0.,1.));
#15853 = ORIENTED_EDGE('',*,*,#7888,.F.);
#15854 = ORIENTED_EDGE('',*,*,#15848,.F.);
#15855 = CYLINDRICAL_SURFACE('',#15856,0.5);
#15856 = AXIS2_PLACEMENT_3D('',#15857,#15858,#15859);
#15857 = CARTESIAN_POINT('',(191.4,-109.26,-4.6E-02));
#15858 = DIRECTION('',(-0.,-0.,-1.));
#15859 = DIRECTION('',(-0.,-1.,0.));
#15860 = ADVANCED_FACE('',(#15861),#15872,.F.);
#15861 = FACE_BOUND('',#15862,.T.);
#15862 = EDGE_LOOP('',(#15863,#15864,#15870,#15871));
#15863 = ORIENTED_EDGE('',*,*,#3911,.T.);
#15864 = ORIENTED_EDGE('',*,*,#15865,.T.);
#15865 = EDGE_CURVE('',#3912,#7900,#15866,.T.);
#15866 = LINE('',#15867,#15868);
#15867 = CARTESIAN_POINT('',(191.4,-107.22,-4.6E-02));
#15868 = VECTOR('',#15869,1.);
#15869 = DIRECTION('',(0.,0.,1.));
#15870 = ORIENTED_EDGE('',*,*,#7899,.F.);
#15871 = ORIENTED_EDGE('',*,*,#15865,.F.);
#15872 = CYLINDRICAL_SURFACE('',#15873,0.5);
#15873 = AXIS2_PLACEMENT_3D('',#15874,#15875,#15876);
#15874 = CARTESIAN_POINT('',(191.4,-106.72,-4.6E-02));
#15875 = DIRECTION('',(-0.,-0.,-1.));
#15876 = DIRECTION('',(-0.,-1.,0.));
#15877 = ADVANCED_FACE('',(#15878),#15889,.F.);
#15878 = FACE_BOUND('',#15879,.T.);
#15879 = EDGE_LOOP('',(#15880,#15881,#15887,#15888));
#15880 = ORIENTED_EDGE('',*,*,#3922,.T.);
#15881 = ORIENTED_EDGE('',*,*,#15882,.T.);
#15882 = EDGE_CURVE('',#3923,#7911,#15883,.T.);
#15883 = LINE('',#15884,#15885);
#15884 = CARTESIAN_POINT('',(191.4,-104.68,-4.6E-02));
#15885 = VECTOR('',#15886,1.);
#15886 = DIRECTION('',(0.,0.,1.));
#15887 = ORIENTED_EDGE('',*,*,#7910,.F.);
#15888 = ORIENTED_EDGE('',*,*,#15882,.F.);
#15889 = CYLINDRICAL_SURFACE('',#15890,0.5);
#15890 = AXIS2_PLACEMENT_3D('',#15891,#15892,#15893);
#15891 = CARTESIAN_POINT('',(191.4,-104.18,-4.6E-02));
#15892 = DIRECTION('',(-0.,-0.,-1.));
#15893 = DIRECTION('',(-0.,-1.,0.));
#15894 = ADVANCED_FACE('',(#15895),#15906,.F.);
#15895 = FACE_BOUND('',#15896,.T.);
#15896 = EDGE_LOOP('',(#15897,#15898,#15904,#15905));
#15897 = ORIENTED_EDGE('',*,*,#3933,.T.);
#15898 = ORIENTED_EDGE('',*,*,#15899,.T.);
#15899 = EDGE_CURVE('',#3934,#7922,#15900,.T.);
#15900 = LINE('',#15901,#15902);
#15901 = CARTESIAN_POINT('',(191.4,-102.14,-4.6E-02));
#15902 = VECTOR('',#15903,1.);
#15903 = DIRECTION('',(0.,0.,1.));
#15904 = ORIENTED_EDGE('',*,*,#7921,.F.);
#15905 = ORIENTED_EDGE('',*,*,#15899,.F.);
#15906 = CYLINDRICAL_SURFACE('',#15907,0.5);
#15907 = AXIS2_PLACEMENT_3D('',#15908,#15909,#15910);
#15908 = CARTESIAN_POINT('',(191.4,-101.64,-4.6E-02));
#15909 = DIRECTION('',(-0.,-0.,-1.));
#15910 = DIRECTION('',(-0.,-1.,0.));
#15911 = ADVANCED_FACE('',(#15912),#15923,.F.);
#15912 = FACE_BOUND('',#15913,.T.);
#15913 = EDGE_LOOP('',(#15914,#15915,#15921,#15922));
#15914 = ORIENTED_EDGE('',*,*,#3944,.T.);
#15915 = ORIENTED_EDGE('',*,*,#15916,.T.);
#15916 = EDGE_CURVE('',#3945,#7933,#15917,.T.);
#15917 = LINE('',#15918,#15919);
#15918 = CARTESIAN_POINT('',(110.9,-66.5,-4.6E-02));
#15919 = VECTOR('',#15920,1.);
#15920 = DIRECTION('',(0.,0.,1.));
#15921 = ORIENTED_EDGE('',*,*,#7932,.F.);
#15922 = ORIENTED_EDGE('',*,*,#15916,.F.);
#15923 = CYLINDRICAL_SURFACE('',#15924,0.5);
#15924 = AXIS2_PLACEMENT_3D('',#15925,#15926,#15927);
#15925 = CARTESIAN_POINT('',(110.9,-66.,-4.6E-02));
#15926 = DIRECTION('',(-0.,-0.,-1.));
#15927 = DIRECTION('',(-0.,-1.,0.));
#15928 = ADVANCED_FACE('',(#15929),#15945,.F.);
#15929 = FACE_BOUND('',#15930,.T.);
#15930 = EDGE_LOOP('',(#15931,#15937,#15938,#15944));
#15931 = ORIENTED_EDGE('',*,*,#15932,.T.);
#15932 = EDGE_CURVE('',#3956,#7944,#15933,.T.);
#15933 = LINE('',#15934,#15935);
#15934 = CARTESIAN_POINT('',(146.,-75.,0.));
#15935 = VECTOR('',#15936,1.);
#15936 = DIRECTION('',(0.,0.,1.));
#15937 = ORIENTED_EDGE('',*,*,#7943,.T.);
#15938 = ORIENTED_EDGE('',*,*,#15939,.F.);
#15939 = EDGE_CURVE('',#3958,#7946,#15940,.T.);
#15940 = LINE('',#15941,#15942);
#15941 = CARTESIAN_POINT('',(146.,-80.,0.));
#15942 = VECTOR('',#15943,1.);
#15943 = DIRECTION('',(0.,0.,1.));
#15944 = ORIENTED_EDGE('',*,*,#3955,.F.);
#15945 = CYLINDRICAL_SURFACE('',#15946,2.5);
#15946 = AXIS2_PLACEMENT_3D('',#15947,#15948,#15949);
#15947 = CARTESIAN_POINT('',(146.,-77.5,0.));
#15948 = DIRECTION('',(-0.,0.,-1.));
#15949 = DIRECTION('',(0.,1.,0.));
#15950 = ADVANCED_FACE('',(#15951),#15962,.T.);
#15951 = FACE_BOUND('',#15952,.T.);
#15952 = EDGE_LOOP('',(#15953,#15959,#15960,#15961));
#15953 = ORIENTED_EDGE('',*,*,#15954,.T.);
#15954 = EDGE_CURVE('',#3967,#7955,#15955,.T.);
#15955 = LINE('',#15956,#15957);
#15956 = CARTESIAN_POINT('',(154.,-75.,0.));
#15957 = VECTOR('',#15958,1.);
#15958 = DIRECTION('',(0.,0.,1.));
#15959 = ORIENTED_EDGE('',*,*,#7954,.T.);
#15960 = ORIENTED_EDGE('',*,*,#15932,.F.);
#15961 = ORIENTED_EDGE('',*,*,#3966,.F.);
#15962 = PLANE('',#15963);
#15963 = AXIS2_PLACEMENT_3D('',#15964,#15965,#15966);
#15964 = CARTESIAN_POINT('',(154.,-75.,0.));
#15965 = DIRECTION('',(0.,-1.,0.));
#15966 = DIRECTION('',(-1.,0.,0.));
#15967 = ADVANCED_FACE('',(#15968),#15979,.T.);
#15968 = FACE_BOUND('',#15969,.T.);
#15969 = EDGE_LOOP('',(#15970,#15971,#15972,#15978));
#15970 = ORIENTED_EDGE('',*,*,#15939,.T.);
#15971 = ORIENTED_EDGE('',*,*,#7971,.T.);
#15972 = ORIENTED_EDGE('',*,*,#15973,.F.);
#15973 = EDGE_CURVE('',#3975,#7963,#15974,.T.);
#15974 = LINE('',#15975,#15976);
#15975 = CARTESIAN_POINT('',(154.,-80.,0.));
#15976 = VECTOR('',#15977,1.);
#15977 = DIRECTION('',(0.,0.,1.));
#15978 = ORIENTED_EDGE('',*,*,#3983,.F.);
#15979 = PLANE('',#15980);
#15980 = AXIS2_PLACEMENT_3D('',#15981,#15982,#15983);
#15981 = CARTESIAN_POINT('',(146.,-80.,0.));
#15982 = DIRECTION('',(0.,1.,0.));
#15983 = DIRECTION('',(1.,0.,0.));
#15984 = ADVANCED_FACE('',(#15985),#15991,.F.);
#15985 = FACE_BOUND('',#15986,.T.);
#15986 = EDGE_LOOP('',(#15987,#15988,#15989,#15990));
#15987 = ORIENTED_EDGE('',*,*,#15973,.T.);
#15988 = ORIENTED_EDGE('',*,*,#7962,.T.);
#15989 = ORIENTED_EDGE('',*,*,#15954,.F.);
#15990 = ORIENTED_EDGE('',*,*,#3974,.F.);
#15991 = CYLINDRICAL_SURFACE('',#15992,2.5);
#15992 = AXIS2_PLACEMENT_3D('',#15993,#15994,#15995);
#15993 = CARTESIAN_POINT('',(154.,-77.5,0.));
#15994 = DIRECTION('',(-0.,-0.,-1.));
#15995 = DIRECTION('',(-0.,-1.,0.));
#15996 = ADVANCED_FACE('',(#15997),#16008,.F.);
#15997 = FACE_BOUND('',#15998,.T.);
#15998 = EDGE_LOOP('',(#15999,#16000,#16006,#16007));
#15999 = ORIENTED_EDGE('',*,*,#3991,.T.);
#16000 = ORIENTED_EDGE('',*,*,#16001,.T.);
#16001 = EDGE_CURVE('',#3992,#7980,#16002,.T.);
#16002 = LINE('',#16003,#16004);
#16003 = CARTESIAN_POINT('',(179.395,-100.4,-4.6E-02));
#16004 = VECTOR('',#16005,1.);
#16005 = DIRECTION('',(0.,0.,1.));
#16006 = ORIENTED_EDGE('',*,*,#7979,.F.);
#16007 = ORIENTED_EDGE('',*,*,#16001,.F.);
#16008 = CYLINDRICAL_SURFACE('',#16009,0.15);
#16009 = AXIS2_PLACEMENT_3D('',#16010,#16011,#16012);
#16010 = CARTESIAN_POINT('',(179.395,-100.25,-4.6E-02));
#16011 = DIRECTION('',(-0.,0.,-1.));
#16012 = DIRECTION('',(1.894780628694E-13,-1.,-0.));
#16013 = ADVANCED_FACE('',(#16014),#16025,.F.);
#16014 = FACE_BOUND('',#16015,.T.);
#16015 = EDGE_LOOP('',(#16016,#16017,#16023,#16024));
#16016 = ORIENTED_EDGE('',*,*,#4002,.T.);
#16017 = ORIENTED_EDGE('',*,*,#16018,.T.);
#16018 = EDGE_CURVE('',#4003,#7991,#16019,.T.);
#16019 = LINE('',#16020,#16021);
#16020 = CARTESIAN_POINT('',(180.795,-100.4,-4.6E-02));
#16021 = VECTOR('',#16022,1.);
#16022 = DIRECTION('',(0.,0.,1.));
#16023 = ORIENTED_EDGE('',*,*,#7990,.F.);
#16024 = ORIENTED_EDGE('',*,*,#16018,.F.);
#16025 = CYLINDRICAL_SURFACE('',#16026,0.15);
#16026 = AXIS2_PLACEMENT_3D('',#16027,#16028,#16029);
#16027 = CARTESIAN_POINT('',(180.795,-100.25,-4.6E-02));
#16028 = DIRECTION('',(-0.,-0.,-1.));
#16029 = DIRECTION('',(-1.894780628694E-13,-1.,0.));
#16030 = ADVANCED_FACE('',(#16031),#16042,.F.);
#16031 = FACE_BOUND('',#16032,.T.);
#16032 = EDGE_LOOP('',(#16033,#16034,#16040,#16041));
#16033 = ORIENTED_EDGE('',*,*,#4013,.T.);
#16034 = ORIENTED_EDGE('',*,*,#16035,.T.);
#16035 = EDGE_CURVE('',#4014,#8002,#16036,.T.);
#16036 = LINE('',#16037,#16038);
#16037 = CARTESIAN_POINT('',(191.4,-99.6,-4.6E-02));
#16038 = VECTOR('',#16039,1.);
#16039 = DIRECTION('',(0.,0.,1.));
#16040 = ORIENTED_EDGE('',*,*,#8001,.F.);
#16041 = ORIENTED_EDGE('',*,*,#16035,.F.);
#16042 = CYLINDRICAL_SURFACE('',#16043,0.5);
#16043 = AXIS2_PLACEMENT_3D('',#16044,#16045,#16046);
#16044 = CARTESIAN_POINT('',(191.4,-99.1,-4.6E-02));
#16045 = DIRECTION('',(-0.,-0.,-1.));
#16046 = DIRECTION('',(-0.,-1.,0.));
#16047 = ADVANCED_FACE('',(#16048),#16059,.F.);
#16048 = FACE_BOUND('',#16049,.T.);
#16049 = EDGE_LOOP('',(#16050,#16051,#16057,#16058));
#16050 = ORIENTED_EDGE('',*,*,#4024,.T.);
#16051 = ORIENTED_EDGE('',*,*,#16052,.T.);
#16052 = EDGE_CURVE('',#4025,#8013,#16053,.T.);
#16053 = LINE('',#16054,#16055);
#16054 = CARTESIAN_POINT('',(191.4,-97.06,-4.6E-02));
#16055 = VECTOR('',#16056,1.);
#16056 = DIRECTION('',(0.,0.,1.));
#16057 = ORIENTED_EDGE('',*,*,#8012,.F.);
#16058 = ORIENTED_EDGE('',*,*,#16052,.F.);
#16059 = CYLINDRICAL_SURFACE('',#16060,0.5);
#16060 = AXIS2_PLACEMENT_3D('',#16061,#16062,#16063);
#16061 = CARTESIAN_POINT('',(191.4,-96.56,-4.6E-02));
#16062 = DIRECTION('',(-0.,-0.,-1.));
#16063 = DIRECTION('',(-0.,-1.,0.));
#16064 = ADVANCED_FACE('',(#16065),#16076,.F.);
#16065 = FACE_BOUND('',#16066,.T.);
#16066 = EDGE_LOOP('',(#16067,#16068,#16074,#16075));
#16067 = ORIENTED_EDGE('',*,*,#4035,.T.);
#16068 = ORIENTED_EDGE('',*,*,#16069,.T.);
#16069 = EDGE_CURVE('',#4036,#8024,#16070,.T.);
#16070 = LINE('',#16071,#16072);
#16071 = CARTESIAN_POINT('',(191.4,-94.52,-4.6E-02));
#16072 = VECTOR('',#16073,1.);
#16073 = DIRECTION('',(0.,0.,1.));
#16074 = ORIENTED_EDGE('',*,*,#8023,.F.);
#16075 = ORIENTED_EDGE('',*,*,#16069,.F.);
#16076 = CYLINDRICAL_SURFACE('',#16077,0.5);
#16077 = AXIS2_PLACEMENT_3D('',#16078,#16079,#16080);
#16078 = CARTESIAN_POINT('',(191.4,-94.02,-4.6E-02));
#16079 = DIRECTION('',(-0.,-0.,-1.));
#16080 = DIRECTION('',(-0.,-1.,0.));
#16081 = ADVANCED_FACE('',(#16082),#16093,.F.);
#16082 = FACE_BOUND('',#16083,.T.);
#16083 = EDGE_LOOP('',(#16084,#16085,#16091,#16092));
#16084 = ORIENTED_EDGE('',*,*,#4046,.T.);
#16085 = ORIENTED_EDGE('',*,*,#16086,.T.);
#16086 = EDGE_CURVE('',#4047,#8035,#16087,.T.);
#16087 = LINE('',#16088,#16089);
#16088 = CARTESIAN_POINT('',(191.4,-91.98,-4.6E-02));
#16089 = VECTOR('',#16090,1.);
#16090 = DIRECTION('',(0.,0.,1.));
#16091 = ORIENTED_EDGE('',*,*,#8034,.F.);
#16092 = ORIENTED_EDGE('',*,*,#16086,.F.);
#16093 = CYLINDRICAL_SURFACE('',#16094,0.5);
#16094 = AXIS2_PLACEMENT_3D('',#16095,#16096,#16097);
#16095 = CARTESIAN_POINT('',(191.4,-91.48,-4.6E-02));
#16096 = DIRECTION('',(-0.,-0.,-1.));
#16097 = DIRECTION('',(-0.,-1.,0.));
#16098 = ADVANCED_FACE('',(#16099),#16110,.F.);
#16099 = FACE_BOUND('',#16100,.T.);
#16100 = EDGE_LOOP('',(#16101,#16102,#16108,#16109));
#16101 = ORIENTED_EDGE('',*,*,#4057,.T.);
#16102 = ORIENTED_EDGE('',*,*,#16103,.T.);
#16103 = EDGE_CURVE('',#4058,#8046,#16104,.T.);
#16104 = LINE('',#16105,#16106);
#16105 = CARTESIAN_POINT('',(188.998452,-73.563781,-4.6E-02));
#16106 = VECTOR('',#16107,1.);
#16107 = DIRECTION('',(0.,0.,1.));
#16108 = ORIENTED_EDGE('',*,*,#8045,.F.);
#16109 = ORIENTED_EDGE('',*,*,#16103,.F.);
#16110 = CYLINDRICAL_SURFACE('',#16111,0.5);
#16111 = AXIS2_PLACEMENT_3D('',#16112,#16113,#16114);
#16112 = CARTESIAN_POINT('',(188.998452,-73.063781,-4.6E-02));
#16113 = DIRECTION('',(-0.,-0.,-1.));
#16114 = DIRECTION('',(-0.,-1.,0.));
#16115 = ADVANCED_FACE('',(#16116),#16127,.F.);
#16116 = FACE_BOUND('',#16117,.T.);
#16117 = EDGE_LOOP('',(#16118,#16119,#16125,#16126));
#16118 = ORIENTED_EDGE('',*,*,#4068,.T.);
#16119 = ORIENTED_EDGE('',*,*,#16120,.T.);
#16120 = EDGE_CURVE('',#4069,#8057,#16121,.T.);
#16121 = LINE('',#16122,#16123);
#16122 = CARTESIAN_POINT('',(187.434672,-71.562233,-4.6E-02));
#16123 = VECTOR('',#16124,1.);
#16124 = DIRECTION('',(0.,0.,1.));
#16125 = ORIENTED_EDGE('',*,*,#8056,.F.);
#16126 = ORIENTED_EDGE('',*,*,#16120,.F.);
#16127 = CYLINDRICAL_SURFACE('',#16128,0.5);
#16128 = AXIS2_PLACEMENT_3D('',#16129,#16130,#16131);
#16129 = CARTESIAN_POINT('',(187.434672,-71.062233,-4.6E-02));
#16130 = DIRECTION('',(-0.,-0.,-1.));
#16131 = DIRECTION('',(-0.,-1.,0.));
#16132 = ADVANCED_FACE('',(#16133),#16144,.F.);
#16133 = FACE_BOUND('',#16134,.T.);
#16134 = EDGE_LOOP('',(#16135,#16136,#16142,#16143));
#16135 = ORIENTED_EDGE('',*,*,#4079,.T.);
#16136 = ORIENTED_EDGE('',*,*,#16137,.T.);
#16137 = EDGE_CURVE('',#4080,#8068,#16138,.T.);
#16138 = LINE('',#16139,#16140);
#16139 = CARTESIAN_POINT('',(190.999999,-72.000001,-4.6E-02));
#16140 = VECTOR('',#16141,1.);
#16141 = DIRECTION('',(0.,0.,1.));
#16142 = ORIENTED_EDGE('',*,*,#8067,.F.);
#16143 = ORIENTED_EDGE('',*,*,#16137,.F.);
#16144 = CYLINDRICAL_SURFACE('',#16145,0.5);
#16145 = AXIS2_PLACEMENT_3D('',#16146,#16147,#16148);
#16146 = CARTESIAN_POINT('',(190.999999,-71.500001,-4.6E-02));
#16147 = DIRECTION('',(-0.,-0.,-1.));
#16148 = DIRECTION('',(-0.,-1.,0.));
#16149 = ADVANCED_FACE('',(#16150),#16161,.F.);
#16150 = FACE_BOUND('',#16151,.T.);
#16151 = EDGE_LOOP('',(#16152,#16153,#16159,#16160));
#16152 = ORIENTED_EDGE('',*,*,#4090,.T.);
#16153 = ORIENTED_EDGE('',*,*,#16154,.T.);
#16154 = EDGE_CURVE('',#4091,#8079,#16155,.T.);
#16155 = LINE('',#16156,#16157);
#16156 = CARTESIAN_POINT('',(185.870892,-69.560686,-4.6E-02));
#16157 = VECTOR('',#16158,1.);
#16158 = DIRECTION('',(0.,0.,1.));
#16159 = ORIENTED_EDGE('',*,*,#8078,.F.);
#16160 = ORIENTED_EDGE('',*,*,#16154,.F.);
#16161 = CYLINDRICAL_SURFACE('',#16162,0.5);
#16162 = AXIS2_PLACEMENT_3D('',#16163,#16164,#16165);
#16163 = CARTESIAN_POINT('',(185.870892,-69.060686,-4.6E-02));
#16164 = DIRECTION('',(-0.,-0.,-1.));
#16165 = DIRECTION('',(-0.,-1.,0.));
#16166 = ADVANCED_FACE('',(#16167),#16178,.F.);
#16167 = FACE_BOUND('',#16168,.T.);
#16168 = EDGE_LOOP('',(#16169,#16170,#16176,#16177));
#16169 = ORIENTED_EDGE('',*,*,#4101,.T.);
#16170 = ORIENTED_EDGE('',*,*,#16171,.T.);
#16171 = EDGE_CURVE('',#4102,#8090,#16172,.T.);
#16172 = LINE('',#16173,#16174);
#16173 = CARTESIAN_POINT('',(189.436219,-69.998453,-4.6E-02));
#16174 = VECTOR('',#16175,1.);
#16175 = DIRECTION('',(0.,0.,1.));
#16176 = ORIENTED_EDGE('',*,*,#8089,.F.);
#16177 = ORIENTED_EDGE('',*,*,#16171,.F.);
#16178 = CYLINDRICAL_SURFACE('',#16179,0.5);
#16179 = AXIS2_PLACEMENT_3D('',#16180,#16181,#16182);
#16180 = CARTESIAN_POINT('',(189.436219,-69.498453,-4.6E-02));
#16181 = DIRECTION('',(-0.,-0.,-1.));
#16182 = DIRECTION('',(-0.,-1.,0.));
#16183 = ADVANCED_FACE('',(#16184),#16195,.F.);
#16184 = FACE_BOUND('',#16185,.T.);
#16185 = EDGE_LOOP('',(#16186,#16187,#16193,#16194));
#16186 = ORIENTED_EDGE('',*,*,#4112,.T.);
#16187 = ORIENTED_EDGE('',*,*,#16188,.T.);
#16188 = EDGE_CURVE('',#4113,#8101,#16189,.T.);
#16189 = LINE('',#16190,#16191);
#16190 = CARTESIAN_POINT('',(187.872439,-67.996906,-4.6E-02));
#16191 = VECTOR('',#16192,1.);
#16192 = DIRECTION('',(0.,0.,1.));
#16193 = ORIENTED_EDGE('',*,*,#8100,.F.);
#16194 = ORIENTED_EDGE('',*,*,#16188,.F.);
#16195 = CYLINDRICAL_SURFACE('',#16196,0.5);
#16196 = AXIS2_PLACEMENT_3D('',#16197,#16198,#16199);
#16197 = CARTESIAN_POINT('',(187.872439,-67.496906,-4.6E-02));
#16198 = DIRECTION('',(-0.,-0.,-1.));
#16199 = DIRECTION('',(-0.,-1.,0.));
#16200 = ( GEOMETRIC_REPRESENTATION_CONTEXT(3) 
GLOBAL_UNCERTAINTY_ASSIGNED_CONTEXT((#16204)) 
GLOBAL_UNIT_ASSIGNED_CONTEXT((#16201,#16202,#16203)) 
REPRESENTATION_CONTEXT('Context #1',
  '3D Context with UNIT and UNCERTAINTY') );
#16201 = ( LENGTH_UNIT() NAMED_UNIT(*) SI_UNIT(.MILLI.,.METRE.) );
#16202 = ( NAMED_UNIT(*) PLANE_ANGLE_UNIT() SI_UNIT($,.RADIAN.) );
#16203 = ( NAMED_UNIT(*) SI_UNIT($,.STERADIAN.) SOLID_ANGLE_UNIT() );
#16204 = UNCERTAINTY_MEASURE_WITH_UNIT(LENGTH_MEASURE(1.E-07),#16201,
  'distance_accuracy_value','confusion accuracy');
#16205 = CONTEXT_DEPENDENT_SHAPE_REPRESENTATION(#16206,#16208);
#16206 = ( REPRESENTATION_RELATIONSHIP('','',#32,#10) 
REPRESENTATION_RELATIONSHIP_WITH_TRANSFORMATION(#16207) 
SHAPE_REPRESENTATION_RELATIONSHIP() );
#16207 = ITEM_DEFINED_TRANSFORMATION('','',#11,#15);
#16208 = PRODUCT_DEFINITION_SHAPE('Placement','Placement of an item',
  #16209);
#16209 = NEXT_ASSEMBLY_USAGE_OCCURRENCE('1','=>[0:1:1:2]','',#5,#27,$);
#16210 = PRODUCT_RELATED_PRODUCT_CATEGORY('part',$,(#29));
#16211 = MECHANICAL_DESIGN_GEOMETRIC_PRESENTATION_REPRESENTATION('',(
    #16212),#16200);
#16212 = STYLED_ITEM('color',(#16213),#33);
#16213 = PRESENTATION_STYLE_ASSIGNMENT((#16214));
#16214 = SURFACE_STYLE_USAGE(.BOTH.,#16215);
#16215 = SURFACE_SIDE_STYLE('',(#16216));
#16216 = SURFACE_STYLE_FILL_AREA(#16217);
#16217 = FILL_AREA_STYLE('',(#16218));
#16218 = FILL_AREA_STYLE_COLOUR('',#16219);
#16219 = COLOUR_RGB('',0.313304153717,0.484529207832,0.410020903123);
ENDSEC;
END-ISO-10303-21;
